501,00004,"","BUXORO SH., MARKAZIY BANKNING BUXORO VILOYAT XISOB-KITOB MARKAZI",БУХАРА НД. БУХАРСКИЙ РЕГИОНАЛЬНЫЙ ЦЕНТР ЦЕНТРАЛЬНОГО БАНКА,BUKHARA ND. BUKHARA REGIONAL CENTER FOR THE CENTRAL BANK,true,2025-10-23 05:59:06.526893 +00:00,2025-10-23 05:59:06.526913 +00:00,
502,00005,"","JIZZAX SH., MARKAZIY BANKNING JIZZAX VILOYAT XISOB-KITOB MARKAZI","ДЖИЗАК, ДЖИЗАКСКИЙ РЕГИОНАЛЬНЫЙ УЧЕТНЫЙ ЦЕНТР","JIZZAKH, JIZZAKH REGIONAL ACCOUNTING CENTER",true,2025-10-23 05:59:06.567705 +00:00,2025-10-23 05:59:06.567742 +00:00,
503,00006,"","KARSHI SH., MARKAZIY BANKNING KASHKADARYO VILOYAT XISOB-KITOB MARKAZI",КАРШИ Ш. ЦЕНТР УЧЕТА НАЛИЧНЫХ ДЕНЕГ ЦЕНТРАЛЬНОГО БАНКА,KARSHI SH. CASH COUNTING CENTER OF THE CENTRAL BANK,true,2025-10-23 05:59:06.587592 +00:00,2025-10-23 05:59:06.587617 +00:00,
504,00007,"","NAVOIY SH., MARKAZIY BANKNING NAVOIY VILOYAT XISOB-KITOB MARKAZI",НАВОИ НАВОИ НАВОИЙСКИЙ РЕГИОНАЛЬНЫЙ БУХГАЛТЕРСКИЙ ЦЕНТР,NAVOI NAVOI NAVOI REGIONAL ACCOUNTING CENTER,true,2025-10-23 05:59:06.607403 +00:00,2025-10-23 05:59:06.607425 +00:00,
505,00008,"","NAMANGAN SH., MARKAZIY BANKNING NAMANGAN VILOYAT XISOB-KITOB MARKAZI","НАМАНГАН Ш., НАМАНГАНСКИЙ ОБЛАСТНОЙ СЧЕТНЫЙ ЦЕНТР ЦЕНТРАЛЬНОГО БАНКА","NAMANGAN SH., NAMANGAN REGIONAL COUNTING CENTER OF THE CENTRAL BANK",true,2025-10-23 05:59:06.630074 +00:00,2025-10-23 05:59:06.630102 +00:00,
506,00009,"","SAMARKAND SH., MARKAZIY BANKNING SAMARKAND VILOYAT XISOB-KITOB MARKAZI","САМАРКАНД Ш., ЦЕНТРАЛЬНЫЙ БАНК САМАРКАНДСКИЙ РЕГИОНАЛЬНЫЙ РАСЧЕТНЫЙ ЦЕНТР","SAMARKAND SH., CENTRAL BANK SAMARKAND REGIONAL ACCOUNTING CENTER",true,2025-10-23 05:59:06.659265 +00:00,2025-10-23 05:59:06.659297 +00:00,
507,00010,"","GULISTON SH., MARKAZIY BANKNING SIRDARYO VILOYAT XISOB-KITOB MARKAZI","ГУЛИСТАН, СЫРДАРЬИНСКИЙ ЦЕНТР РЕГУЛИРОВАНИЯ ЦЕНТРАЛЬНОГО БАНКА","GULISTAN, THE CENTRAL BANK'S SYRDARYA REGULATION CENTER",true,2025-10-23 05:59:06.688718 +00:00,2025-10-23 05:59:06.688736 +00:00,
508,00011,"","TЕRMIZ SH., MARKAZIY BANKNING SURXANDARYO VILOYAT XISOB-KITOB MARKAZI","ТЕРМЕЗ Ш., СУРХАНДАРЬИНСКИЙ ОБЛАСТНОЙ СЧЕТНЫЙ ЦЕНТР ЦЕНТРАЛЬНОГО БАНКА","TERMEZ SH., SURKHANDARYA REGIONAL COUNTING CENTER OF THE CENTRAL BANK",true,2025-10-23 05:59:06.710967 +00:00,2025-10-23 05:59:06.710995 +00:00,
509,00012,"","FARGONA SH., MARKAZIY BANKNING FARGONA VILOYAT XISOB-KITOB MARKAZI","ФЕРГАНА Ш., ФЕРГАНСКИЙ РЕГИОНАЛЬНЫЙ УЧЕТНЫЙ ЦЕНТР ЦЕНТРАЛЬНОГО БАНКА","FERGANA SH., FERGANA REGIONAL ACCOUNTING CENTER FOR CENTRAL BANK",true,2025-10-23 05:59:06.730917 +00:00,2025-10-23 05:59:06.730935 +00:00,
510,00013,"","URGANCH SH., MARKAZIY BANKNING XORAZM VILOYAT XISOB-KITOB MARKAZI","УРГЕНЧ Ш., ХОРЕЗМСКИЙ РЕГИОНАЛЬНЫЙ РАСЧЕТНЫЙ ЦЕНТР ЦЕНТРАЛЬНОГО БАНКА","URGENCH SH., THE CENTRAL BANK KHOREZM REGIONAL ACCOUNTING CENTER",true,2025-10-23 05:59:06.759034 +00:00,2025-10-23 05:59:06.759062 +00:00,
512,00015,"","NUKUS SH., MARKAZIY BANKNING KORAKALPOGISTON RЕSP. XISOB-KITOB KASSA MARKAZI","НУКУС Ш., КУКАЛПИСТОН ОТВЕТ ЦБ.БУХГАЛТЕРСКИЙ КАССОВЫЙ ЦЕНТР","NUKUS SH., KUKALPISTON RESPONSE OF THE CENTRAL BANK.ACCOUNTING CASH CENTER",true,2025-10-23 05:59:06.805482 +00:00,2025-10-23 05:59:06.805502 +00:00,
513,00016,"","ANDIJON SH., MARKAZIY BANKNING ANDIJON VILOYAT XISOB-KITOB KASSA MARKAZI","АНДИЖАН, АНДИЖАНСКИЙ РЕГИОНАЛЬНЫЙ РАСЧЕТНО-КАССОВЫЙ ЦЕНТР ЦЕНТРАЛЬНОГО БАНКА","ANDIJAN, THE CENTRAL BANK ANDIJAN REGIONAL ACCOUNT CASH CENTER",true,2025-10-23 05:59:06.832575 +00:00,2025-10-23 05:59:06.832594 +00:00,
514,00017,"","BUXORO SH., MARKAZIY BANKNING BUXORO VILOYAT XISOB-KITOB KASSA MARKAZI",БУХАРА НД. БУХАРСКИЙ РЕГИОНАЛЬНЫЙ РАСЧЕТНО-КАССОВЫЙ ЦЕНТР БУХАРСКОГО РЕГИОНАЛЬНОГО БАНКА,BUKHARA ND. BUKHARA REGIONAL ACCOUNT CASH CENTER FOR BUKHARA REGIONAL BANK,true,2025-10-23 05:59:06.854570 +00:00,2025-10-23 05:59:06.854590 +00:00,
515,00018,"","JIZZAX SH., MARKAZIY BANKNING JIZZAX VILOYAT XISOB-KITOB KASSA MARKAZI","ДЖИЗАК, ДЖИЗАКСКИЙ ОБЛАСТНОЙ РАСЧЕТНО-КАССОВЫЙ ЦЕНТР ДЖИЗАКСКОГО ОБЛАСТНОГО БАНКА","JIZZAKH, JIZZAKH REGIONAL ACCOUNTING CASH CENTER FOR JIZZAKH REGIONAL BANK",true,2025-10-23 05:59:06.886528 +00:00,2025-10-23 05:59:06.886558 +00:00,
516,00019,"","KARSHI SH., MARKAZIY BANKNING KASHKADARYO VILOYAT XISOB-KITOB KASSA MARKAZI",КАРШИ Ш. КАССОВЫЙ ЦЕНТР ПО КАШКАДАРЬЕ ЦЕНТРАЛЬНОГО БАНКА,KARSHI SH. CASH CASH CENTER FOR KASHKADARYA OF THE CENTRAL BANK,true,2025-10-23 05:59:06.916565 +00:00,2025-10-23 05:59:06.916586 +00:00,
517,00020,"","NAVOIY SH., MARKAZIY BANKNING NAVOIY VILOYAT XISOB-KITOB KASSA MARKAZI",НАВОИ НД. НАВОИЙСКИЙ ОБЛАСТНОЙ УЧЕТНО-КАССОВЫЙ ЦЕНТР ЦЕНТРАЛЬНОГО БАНКА,NAVOI ND. THE CENTRAL BANK'S NAVOI REGIONAL ACCOUNTING CASH CENTER,true,2025-10-23 05:59:06.965980 +00:00,2025-10-23 05:59:06.966009 +00:00,
518,00021,"","NAMANGAN SH., MARKAZIY BANKNING NAMANGAN VILOYAT XISOB-KITOB KASSA MARKAZI","НАМАНГАН Ш., НАМАНГАНСКИЙ РЕГИОНАЛЬНЫЙ УЧЕТНО-КАССОВЫЙ ЦЕНТР ПО НАМАНГАНУ","NAMANGAN SH., NAMANGAN REGIONAL ACCOUNTING CASH CENTER FOR NAMANGAN",true,2025-10-23 05:59:06.992200 +00:00,2025-10-23 05:59:06.992227 +00:00,
519,00022,"","SAMARKAND SH., MARKAZIY BANKNING SAMARKAND VILOYAT XISOB-KITOB KASSA MARKAZI","САМАРКАНД Ш., ЦЕНТРАЛЬНЫЙ БАНК САМАРКАНДСКИЙ ОБЛАСТНОЙ УЧЕТНО-КАССОВЫЙ ЦЕНТР","SAMARKAND SH., CENTRAL BANK SAMARKAND REGIONAL ACCOUNTING CASH CENTER",true,2025-10-23 05:59:07.019188 +00:00,2025-10-23 05:59:07.019207 +00:00,
520,00023,"","GULISTON SH., MARKAZIY BANKNING SIRDARYO VILOYAT XISOB-KITOB KASSA MARKAZI",ГУЛИСТАН Ш. СЫРДАРЬИНСКИЙ РЕГИОНАЛЬНЫЙ РАСЧЕТНО-КАССОВЫЙ ЦЕНТР ЦЕНТРАЛЬНОГО БАНКА ПО СЫРДАРЬЕ,GULISTAN SH. THE CENTRAL BANK'S SYRDARYA REGIONAL ACCOUNT CASH CENTER FOR SYRDARYA,true,2025-10-23 05:59:07.051945 +00:00,2025-10-23 05:59:07.051965 +00:00,
521,00024,"","TЕRMIZ SH., MARKAZIY BANKNING SURXONDARYO VILOYAT XISOB-KITOB KASSA MARKAZI","ТЕРМЕЗ Ш., СУРХАНДАРЬИНСКИЙ ОБЛАСТНОЙ УЧЕТНО-КАССОВЫЙ ЦЕНТР СУРХАНДАРЬИНСКОГО ОБЛАСТНОГО КАССОВО-КАССОВОГО ЦЕНТРА","TERMEZ SH., SURKHANDARYA REGIONAL ACCOUNTING CASH CENTER OF SURKHANDARYA REGIONAL CASH CASH CENTER",true,2025-10-23 05:59:07.094330 +00:00,2025-10-23 05:59:07.094350 +00:00,
522,00025,"","TOSHKЕNT SH., MARKAZIY BANKNING TOSHKЕNT VILOYAT XISOB-KITOB KASSA MARKAZI","ТАШКЕНТ, ЦЕНТРАЛЬНЫЙ БАНК ТАШКЕНТСКИЙ РЕГИОНАЛЬНЫЙ РАСЧЕТНО-КАССОВЫЙ ЦЕНТР","TASHKENT, CENTRAL BANK TASHKENT REGIONAL ACCOUNT CASH CENTER",true,2025-10-23 05:59:07.127640 +00:00,2025-10-23 05:59:07.127682 +00:00,
523,00026,"","FARGONA SH., MARKAZIY BANKNING FARGONA VILOYAT XISOB-KITOB KASSA MARKAZI",ФЕРГАНА ФЕРГАНСКИЙ РЕГИОНАЛЬНЫЙ РАСЧЕТНО-КАССОВЫЙ ЦЕНТР ФЕРГАНЫ,FERGANA FERGANA'S FERGANA REGIONAL ACCOUNT CASH CENTER FOR FERGANA,true,2025-10-23 05:59:07.150890 +00:00,2025-10-23 05:59:07.150911 +00:00,
643,00267,"","NARPAY T., ""AGROBANK"" ATB NARPAY FILIALI","НАРПАЙ Т., АГРОБАНК АКБ НАРПАЙСКИЙ ФИЛИАЛ","NARPAY T., AGROBANK JSCB NARPAY BRANCH",true,2025-10-23 05:59:11.172937 +00:00,2025-10-23 05:59:11.172955 +00:00,
524,00027,"","URGANCH SH., MARKAZIY BANKNING XORAZM VILOYAT XISOB-KITOB KASSA MARKAZI",УРГЕНЧ Ш. ХОРЕЗМСКИЙ РЕГИОНАЛЬНЫЙ РАСЧЕТНО-КАССОВЫЙ ЦЕНТР ЦЕНТРАЛЬНОГО БАНКА,URGENCH SH. THE CENTRAL BANK'S KHOREZM REGIONAL ACCOUNT CASH CENTER,true,2025-10-23 05:59:07.176632 +00:00,2025-10-23 05:59:07.176653 +00:00,
525,00028,"","G.TASHKЕHT,UMGR SB RЕSPUBLIKI UZBЕKISTAH                                      SRB","Г.ТАШКЕХТ, УМГ СБ УЗБЕКИСТАНА УЗБЕКИСТАНАЖ СРБ","G.TASHKEHT, UMG SB UZBEKISTAN UZBEKISTAN UZBEKISTANAJ SRB",true,2025-10-23 05:59:07.315481 +00:00,2025-10-23 05:59:07.315503 +00:00,
526,00029,"","KURGONTЕPA T., ""AGROBANK"" ATB KORASUV FILIALI","КУРГОНТЕПА Т., КОРАХАНСКИЙ ФИЛИАЛ АГРОБАНКА","KURGONTEPA T., CORAKHAN BRANCH OF AGROBANK",true,2025-10-23 05:59:07.365665 +00:00,2025-10-23 05:59:07.365689 +00:00,
527,00030,"","G.KARASU,KARASUYSKOYE OTD.""UZSAVDOGARBAHKA""                                   SGB","Г.КАРОСУ, КАРАСУЙСКОЕ ОТД. СЖБ ""УЗСАВДОГАРБОГАРТ""","G.KAROSU, KARASUYSKOYE OTD. ""UZSAVDOGARBOGART"" SJB",true,2025-10-23 05:59:07.407179 +00:00,2025-10-23 05:59:07.407198 +00:00,
528,00031,"","PAXTAOBOD T., ""AGROBANK"" ATB PAXTAOBOD FILIALI","ПАХТААБАД Т., АКБ «АГРОБАНК» ПАХТААБАДСКИЙ ФИЛИАЛ","PAKHTAABAD T., JSCB ""AGROBANK"" PAKHTAABAD BRANCH",true,2025-10-23 05:59:07.426861 +00:00,2025-10-23 05:59:07.426882 +00:00,
529,00033,"","ASAKA T., ""AGROBANK"" ATB ASAKA FILIALI","АСАКА Т., АСАКИНСКИЙ ФИЛИАЛ «АГРОБАНКА»","ASAKA T., ""AGROBANK"" ASAKA BRANCH",true,2025-10-23 05:59:07.449702 +00:00,2025-10-23 05:59:07.449722 +00:00,
530,00036,"","G.MARXAMAT,MARXAMATSKOYE OTD.""TADBIRKORBANK""                                  TKB",Г. МАРКСАМАТСКОЕ ОТД. «ПРЕДПРИНИМАТЕЛЬБАНК» ТКБ,"G. MARXAMATSKOYE OTD. ""ENTREPRENEURBANK"" TKB",true,2025-10-23 05:59:07.470399 +00:00,2025-10-23 05:59:07.470420 +00:00,
531,00037,"","SHAXRIXON T., ""AGROBANK"" ATB SHAXRIXON FILIALI","ШАХРАН Т., ШАХРАБАНСКИЙ ФИЛИАЛ АКБ «АГРОБАНК»","SHAHRAN T., SHAHRABAN BRANCH OF AGROBANK JSCB",true,2025-10-23 05:59:07.516948 +00:00,2025-10-23 05:59:07.516970 +00:00,
532,00040,"","JALOLKUDUK T., ""AGROBANK"" ATB JALAKUDUK FILIALI","ДЖАЛАЛКУК Т., ФИЛИАЛ ЯЧАКДУКДУК","JALALKUK T., JACHAKDUKDUK BRANCH",true,2025-10-23 05:59:07.542606 +00:00,2025-10-23 05:59:07.542627 +00:00,
533,00043,"","G.XODJAABAD,XODJAABADSKOYE OTD.""TADBIRKORBANK""                                TKB","Г. ХОДЖААБАД, ХОДЖАБАДСКОЕ ОТД. «ПРЕДПРИНИМАТЕЛЬБАНК» ТКБ","G. KHODJAABAD, KHODJABADSKOYE OTD. ""ENTREPRENEURBANK"" TKB",true,2025-10-23 05:59:07.565066 +00:00,2025-10-23 05:59:07.565085 +00:00,
534,00044,"","G.XODJAABAD, XODJAABADSKOYE OTD.BANKA ""SAVDOGAR""                              SGB","Г.ХОДЖАБАД, ХОДЖАБАДСКОЕ ОТД.БАНКА ""КУПЕЦ"" СГБ","G.KHODJABAD, KHODJABADSKOYE OTD.BANKA ""MERCHANT"" SGB",true,2025-10-23 05:59:07.595792 +00:00,2025-10-23 05:59:07.595811 +00:00,
535,00045,"","IZBOSKAN T., ""AGROBANK"" ATB IZBOSKAN FILIALI","ИЗБАСКАН Т., ФИЛИАЛ АКБ «АГРОБАНК»","IZBASKAN T., BRANCH OF JSCB ""AGROBANK""",true,2025-10-23 05:59:07.646495 +00:00,2025-10-23 05:59:07.646525 +00:00,
536,00046,"","G.PAYTUG,PAYTUGSKOYE OTD.""TADBIRKORBANK""                                      TKB","Г. СПРЕЙ, TALKUGUE OTD. ЦУНБАНК ТКБ «ПРЕДПРИНИМАТЕЛЬБАНК»","G. SPRAY, TALKUGUE OTD. TSUNBANK TKB ""ENTREPRENEURBANK""",true,2025-10-23 05:59:07.674877 +00:00,2025-10-23 05:59:07.674894 +00:00,
537,00047,"","BALIKCHI T., ""AGROBANK"" OATBNING CHINOBOD FILIALI","БИЛАЛИ Т., ЧИНАБАДСКИЙ ФИЛИАЛ ОАКБ «АГРОБАНК»","BILALI T., CHINABAD BRANCH OF AGROBANK OJSCB",true,2025-10-23 05:59:07.707953 +00:00,2025-10-23 05:59:07.707973 +00:00,
538,00048,"","G.CHIHABAD,CHIHABADSKOYE OTD.""TADBIRKORBANK""                                    TKB","Г. ЧИХАБАД, ЧИХАБАД, ОТД. «ПРЕДПРИНИМАТЕЛЬБАНК» ТКБ","G. CHIHABAD, CHIHABAD, OTD. ""ENTREPRENEURBANK"" TKB",true,2025-10-23 05:59:07.731280 +00:00,2025-10-23 05:59:07.731302 +00:00,
539,00052,"","G.XAHABAD,XAHABADSKOYE OTD.""TADBIRKORBAHKA""                                   TKB","Г. ХАХАХАБАД, ХАХАБАДСКОЕ ОТД. «ПРЕДПРИНИМАТЕЛЬСТВО» ТКБ","G. KHAHAHABAD, HAHABADSKOYE OTD. ""ENTREPRENEURSHIP"" TKB",true,2025-10-23 05:59:07.769235 +00:00,2025-10-23 05:59:07.769254 +00:00,
540,00054,"","PGT.BOZ,BOZSKOYE OTD.""TADBIRKORBANK""                                          TKB",ПГТ.БОЗБОЗБО БОЗСКОЕ ОТД. БТС «ПРЕДПРИНИМАТЕЛЬБАНК»,"PGT.BOZBOZBO BOZSKOE OTD. TSB ""ENTREPRENEURBANK""",true,2025-10-23 05:59:07.796286 +00:00,2025-10-23 05:59:07.796306 +00:00,
541,00055,"","ULUGNOR T., ""AGROBANK"" ATB ULUGNOR FILIALI","УЛУГНОР Т., УЛУГНОРСКИЙ ФИЛИАЛ АГРОБАНКА","ULUGNOR T., ULUGNOR BRANCH OF AGROBANK",true,2025-10-23 05:59:07.824864 +00:00,2025-10-23 05:59:07.824883 +00:00,
542,00056,"","KURGONTЕPA T., ""AGROBANK"" ATB KURGONTЕPA FILIALI","КУРГОНТЕПА Т., АКБ «КУРГАНТЕПИНСКИЙ ФИЛИАЛ АГРОБАНКА»","KURGONTEPA T., JSCB KURGANTEPA BRANCH OF AGROBANK",true,2025-10-23 05:59:07.875254 +00:00,2025-10-23 05:59:07.875273 +00:00,
543,00057,"","G.KURGAHTЕPA,KURGAHTЕPIHSKOYE OTD.""TADBIRKORBANK""                             TKB","Г. КУРГИХТЕПА, КУРГАХТЕПСИ ОДД. БТС «ПРЕДПРИНИМАТЕЛЬБАНК»","G. KURGIHTEPA, KURGAHTEPHSEY ODD. TSB ""ENTREPRENEURBANK""",true,2025-10-23 05:59:07.907385 +00:00,2025-10-23 05:59:07.907405 +00:00,
544,00059,"","ANDIJON SH., ""IPOTЕKA-BANK"" ATIB ANDIJON VILOYAT FILIALI",АНДИЖАН Ш. АНДИЖАНСКИЙ ОБЛАСТНОЙ ФИЛИАЛ ИПОТЕКА БАНКА,ANDIJAN SH. ANDIJAN REGIONAL BRANCH OF IPOTEKA BANK,true,2025-10-23 05:59:07.938808 +00:00,2025-10-23 05:59:07.938829 +00:00,
545,00060,"","G.AHDIJAH,""TUROHBAHK""                                                        TUB",Г.АХДИJQIJJJJJJJJRI — РАДИКАЛ,G.AHDIJQIJJJJJJJJRI IS A RADICAL,true,2025-10-23 05:59:07.969147 +00:00,2025-10-23 05:59:07.969165 +00:00,
546,00061,"","G.AHDIJAH,""UZLЕGKOMBAHK""                                                     LKB","Г.АХДИЖКИ, ЛКБ «УЗЛЕГКОМБАХ»","G.AHDIJQRI, UZLEGKOMBAHK LKB",true,2025-10-23 05:59:08.001773 +00:00,2025-10-23 05:59:08.001793 +00:00,
547,00062,"","ANDIJON T., ""AGROBANK"" ATB ANDIJON FILIALI","АНДИЖАН Т., АНДИЖАН Т., АКБ «АГРОБАНК»","ANDIJAN T., ANDIJAN T., JSCB ""AGROBANK""",true,2025-10-23 05:59:08.035570 +00:00,2025-10-23 05:59:08.035592 +00:00,
548,00065,"","PGT.BULAK-BASHI,BULAK-BASHIHSKOYE OTD.""TADBIRKORBANK""                           TKB","ПГТ.БЛАКТИК БАШИ, БУЛАК-БАШИХСКОЕ ОТД. ТКБ «ПРЕДПРИНИМАТЕЛЬБАНК»","PGT.BLACTIC BASHI, BULAK-BASHIHSKOYE OTD. TKB ""ENTREPRENEURBANK""",true,2025-10-23 05:59:08.068152 +00:00,2025-10-23 05:59:08.068169 +00:00,
549,00066,"","BALIKCHI T., ""AGROBANK"" ATB BALIKCHI FILIALI","БАЛИКИ Т., ГЕНЕРАЛЬНЫЙ ПРЕТЕНДЕНТ АО «АГРОБАНК»","BALIKI T., GENERAL CHALLENGER OF JSC ""AGROBANK""",true,2025-10-23 05:59:08.099012 +00:00,2025-10-23 05:59:08.099039 +00:00,
550,00068,"","ANDIJON SH., ""IPOTЕKA-BANK"" ATIB ""ISTIKLOL"" FILIALI","АНДИЖАН Ш., ИФОТЕКА-БАНК ФИЛИАЛ «ИСТИККЛОЛ»","ANDIJAN SH., IPHOTEKA-BANK BRANCH OF ISTIKKLOL",true,2025-10-23 05:59:08.133702 +00:00,2025-10-23 05:59:08.133722 +00:00,
551,00077,"","ANDIJON SH., ""AGROBANK"" ATB ANDIJON VILOYAT XUDUDIY FILIALI","АНДИЖАН Ш., АГРОБАНК ВЕЗ АНДИЖАНСКИЙ ОБЛАСТНОЙ ФИЛИАЛ","ANDIZHAN SH., AGROBANK VEZ ANDIJAN REGIONAL BRANCH",true,2025-10-23 05:59:08.155258 +00:00,2025-10-23 05:59:08.155288 +00:00,
552,00080,"","G.AHDIJAH,AKTS.KOM.OTD.""UZMЕVASABZAVOTBAHKA""                                  MSB","Г. АКЦ.КОМ.ОТ.ОТЕ. МСБ ""УЗМЕВАСАБЗОТБАХ""","G. AKTS.KOM.OT.OTE. ""UZMEVASABZOTBAH"" MSB",true,2025-10-23 05:59:08.183412 +00:00,2025-10-23 05:59:08.183432 +00:00,
644,00269,"","NARPAY T., ""SAVDOGAR"" AT BANKINING OKTOSH BULIMI","НАРПАЙ Т., «КУПЕЦ» ОКТЕМ БУЛДИ","NARPAY T., ""MERCHANT"" OKTEM BULDI",true,2025-10-23 05:59:11.194506 +00:00,2025-10-23 05:59:11.194532 +00:00,
553,00088,"","BUXORO SH., ""IPOTЕKA-BANK"" ATIB BUXORO VILOYAT FILIALI",БУХАРА НД. БУХАРСКИЙ ОБЛАСТНОЙ ФИЛИАЛ ИПОТЕКА БАНКА,BUKHARA ND. BUKHARA REGIONAL BRANCH OF IPOTEKA BANK,true,2025-10-23 05:59:08.209788 +00:00,2025-10-23 05:59:08.209809 +00:00,
554,00089,"","BUXORO SH., ""AGROBANK"" ATB BUXORO VILOYAT XUDUDIY FILIALI",БУХАРА НД. АКБ «АГРОБАНК» БУХАРСКИЙ ОБЛАСТНОЙ ФИЛИАЛ БУХАРСКОГО ОБЛАСТНОГО ФИЛИАЛА,BUKHARA ND. AGROBANK JSCB BUKHARA REGIONAL BRANCH OF BUKHARA REGIONAL BRANCH,true,2025-10-23 05:59:08.244581 +00:00,2025-10-23 05:59:08.244604 +00:00,
555,00090,"","OLOT T., ""AGROBANK"" ATB OLOT FILIALI","АЛОТ Т., ФИЛИАЛ АО «АГРОБАНК» БЛИОТ","ALOT T., ""AGROBANK"" JSC BLIOT BRANCH",true,2025-10-23 05:59:08.266544 +00:00,2025-10-23 05:59:08.266563 +00:00,
556,00091,"","VOBKЕNT T., ""AGROBANK"" ATB VOBKЕNT FILIALI","ВОБКЕНТ Т., ВОБКЕНТСКИЙ ФИЛИАЛ АГРОБАНКА","VOBKENT T., AGROBANK VOBKENT BRANCH",true,2025-10-23 05:59:08.298151 +00:00,2025-10-23 05:59:08.298170 +00:00,
557,00092,"","GIJDUVON T., ""AGROBANK"" ATB GIJDUVON FILIALI","ГИЖДУВОН Т., ГИЖДУВОНСКИЙ ФИЛИАЛ АГРОБАНКА","GIJDUVON T., GIJDUVON BRANCH OF AGROBANK",true,2025-10-23 05:59:08.329455 +00:00,2025-10-23 05:59:08.329483 +00:00,
558,00093,"","SHOFIRKON T., ""AGROBANK"" ATB SHOFIRKON FILIALI","ШАФИРКОН Т., ЖОФИРКАНСКИЙ ФИЛИАЛ «АГРОБАНКА»","SHAFIRKON T., ""AGROBANK"" JOFIRKAN BRANCH",true,2025-10-23 05:59:08.357142 +00:00,2025-10-23 05:59:08.357160 +00:00,
559,00095,"","ROMITAN T., ""AGROBANK"" ATB ROMITAN FILIALI","РОМИТАН Т., РОМИТАНСКИЙ ФИЛИАЛ АГРОБАНКА","ROMITAN T., ROMITAN BRANCH OF AGROBANK",true,2025-10-23 05:59:08.392192 +00:00,2025-10-23 05:59:08.392215 +00:00,
560,00096,"","JONDOR T., ""AGROBANK"" ATB JONDOR FILIALI","ДЖОНДОР Т., АГРОБАНК АКБ ДЖИДОРСКИЙ ФИЛИАЛ","JONDOR T., AGROBANK JSCB JIDOR BRANCH",true,2025-10-23 05:59:08.416814 +00:00,2025-10-23 05:59:08.416842 +00:00,
561,00097,"","BUXORO T., ""AGROBANK"" ATB BUXORO FILIALI","БУХАРА Т., БУХАРСКИЙ ФИЛИАЛ «АГРОБАНКА»","BUKHARA T., BUKHARA BRANCH OF ""AGROBANK""",true,2025-10-23 05:59:08.450267 +00:00,2025-10-23 05:59:08.450299 +00:00,
562,00098,"","PЕSHKU T., ""AGROBANK"" ATB PЕSHKU FILIALI","ПЕШКУ Т., ФИЛИАЛ АКБ «АГРОБАНК»","PESHKU T., ""AGROBANK"" JSCB BRANCH",true,2025-10-23 05:59:08.479429 +00:00,2025-10-23 05:59:08.479456 +00:00,
563,00102,"","G.ALAT,AK ""TADBIKORBAHK""                                                     TKB","Г.АЛАТ, АК «ТАДБИКОРБАХР» ТКБ","G.ALAT, AK ""TADBIKORBAHR"" TKB",true,2025-10-23 05:59:08.513826 +00:00,2025-10-23 05:59:08.513846 +00:00,
564,00103,"","G.VABKЕHT,AK ""TADBIKORBAHK""                                                  TKB","КВАБХТ Г., АК «ТАДБИКОРБАХК» ТКБ","G. KVABKHT, AK ""TADBIKORBAHQ"" TKB",true,2025-10-23 05:59:08.538345 +00:00,2025-10-23 05:59:08.538373 +00:00,
565,00105,"","G.GALA-ASIYA,AK ""TADBIKORBAHK""                                                TKB","Г. ГАЛАА-АМЕРИКА, АО «ТАДБИКОРБАХК» ТКБ","G. GALAA-AMERICA, JSC ""TADBIKORBAHK"" TKB",true,2025-10-23 05:59:08.567376 +00:00,2025-10-23 05:59:08.567403 +00:00,
566,00107,"","G.KARAKUL,AK ""TADBIKORBAHK""                                                 TKB","Г.КАРАКУЛ, АО «ТАДБИКОРБАХК» ТКБ","G.KARAKUL, JSC ""TADBIKORBAHQ"" TKB",true,2025-10-23 05:59:08.588310 +00:00,2025-10-23 05:59:08.588340 +00:00,
567,00113,"","G.GIJDUVAH,GIJDUVAHSKOYE OTD.AT""UZSADOGARBAHKA""                               SGB","Г.ГИЖДУВАХ, ГИЖДУВАХСКОЕ ОТД.АТ «УЗСАДАДАРБОГАРТ» СГБ","G.GIJDUWAH, GIJDUVAHSKOYE OTD.AT ""UZSADADARBOGART"" SGB",true,2025-10-23 05:59:08.615979 +00:00,2025-10-23 05:59:08.616006 +00:00,
568,00114,"","KORAKUL T., CHЕT EL KAPITALI ISHTIROKIDAGI ""SAVDOGAR"" OATB KORAKUL FILIALI","КОРАКУЛ Т., КАРАКУЛЬСКИЙ ФИЛИАЛ ОАКБ «САВДОГАР» С ИНОСТРАННЫМ КАПИТАЛОМ","KORAKUL T., KARAKUL BRANCH OF ""SAVDOGAR"" OJSCB WITH FOREIGN CAPITAL",true,2025-10-23 05:59:08.639198 +00:00,2025-10-23 05:59:08.639218 +00:00,
569,00117,"","G.BUXARA,TЕKSTILNOYE OTD. N 909 NARODNOGO BANKA                              XLB",Г.БУХАРА АДД.N 909 НАРОДНОГО БАНКА XLB,G.BUKHARA ADD.N 909 NARODNOGO JAR XLB,true,2025-10-23 05:59:08.668191 +00:00,2025-10-23 05:59:08.668210 +00:00,
570,00119,"","BUXORO SH., ""IPOTЕKA-BANK"" ATIB ""SARDOR"" FILIALI",БУХАРА НД. САРДОРСКИЙ ФИЛИАЛ ИПОТЕКА-БАНКА,BUKHARA ND. SARDOR BRANCH OF IPOTEKA-BANK,true,2025-10-23 05:59:08.695470 +00:00,2025-10-23 05:59:08.695490 +00:00,
571,00122,"","JIZZAX SH., ""IPOTЕKA-BANK"" ATIB JIZZAX VILOYAT FILIALI",ДЖИЗАК Ш. ДЖИЗАКСКИЙ ОБЛАСТНОЙ ФИЛИАЛ ИПОТЕКА БАНКА,JIZZAKH SH. JIZZAKH REGIONAL BRANCH OF IPOTEKA BANK,true,2025-10-23 05:59:08.715799 +00:00,2025-10-23 05:59:08.715818 +00:00,
572,00124,"","ARNASOY T., ""AGROBANK"" ATB ARNASOY FILIALI","АРНАСАЙ Т., АГРОБАНК АКБ АРНАСАЙСКИЙ ФИЛИАЛ","ARNASAY T., AGROBANK JSCB ARNASAY BRANCH",true,2025-10-23 05:59:08.736419 +00:00,2025-10-23 05:59:08.736438 +00:00,
573,00126,"","JIZZAX SH., ""AGROBANK"" ATB JIZZAX VILOYAT XUDUDIY FILIALI","ДЖИЗАК, ДЖИЗАКСКИЙ ОБЛАСТНОЙ ФИЛИАЛ АГРОБАНКА","JIZZAKH, JIZZAKH REGIONAL BRANCH OF AGROBANK",true,2025-10-23 05:59:08.773339 +00:00,2025-10-23 05:59:08.773378 +00:00,
574,00127,"","PAXTAKOR T., ""AGROBANK"" ATB PAXTAKOR FILIALI","ПАХТАКОР Т., ПАХТАКОРСКИЙ ФИЛИАЛ АГРОБАНКА","PAKHTAKOR T., PAKHTAKOR BRANCH OF AGROBANK",true,2025-10-23 05:59:08.805826 +00:00,2025-10-23 05:59:08.805852 +00:00,
575,00128,"","GALLAOROL T., ""AGROBANK"" ATB GALLAOROL FILIALI","ГАЛЛАОРОЛ Т., АКБ ГАЛЛАОРОЛ ФИЛИАЛ АГРОБАНКА","GALLAOROL T., JSCB GALLAOROL BRANCH OF AGROBANK",true,2025-10-23 05:59:08.833301 +00:00,2025-10-23 05:59:08.833320 +00:00,
576,00129,"","DUSTLIK T., ""AGROBANK"" ATB DUSTLIK FILIALI","ДУСТЛИК Т., ДУСТЛИК ФИЛИАЛ АГРОБАНКА","DUSTLIK T., DUSTLIK BRANCH OF AGROBANK",true,2025-10-23 05:59:08.853454 +00:00,2025-10-23 05:59:08.853472 +00:00,
577,00136,"","G.DJIZAK,""UZMЕVASABZAVOTBAHK""                                                MSB","Г.ДЖИЗАК, МСБ ""УЗМЕВАСАБЗОВАК""","G.DJIZAK, ""UZMEVASABZOVAK"" MSB",true,2025-10-23 05:59:08.896947 +00:00,2025-10-23 05:59:08.896967 +00:00,
578,00137,"","G.DJIZAK, DZIZAKSKOYE OTD. BANKA ""SAVDOGAR""                                   SGB","Г.ДИЗАК, ДЗИЗККОЕ ОТД.БАНК - СГБ ""КУПЕЦ""","G.DHIZAK, DZIZKKOE OTD.THE BANK IS THE SGB ""MERCHANT""",true,2025-10-23 05:59:08.912963 +00:00,2025-10-23 05:59:08.912982 +00:00,
579,00141,"","G.PAXTAKOR,PAXTAKORSKOYE OTD.""TADBIRKORBANK""                                  TKB",Г. ПАХТАКОРСКОЕ ОТД. ТКБ «ПРЕДПРИНИМАТЕЛЬБАНК»,"G. PAKHTAKORSKOYE OTD. TKB ""ENTREPRENEURBANK""",true,2025-10-23 05:59:08.942453 +00:00,2025-10-23 05:59:08.942477 +00:00,
580,00143,"","G.DUSTLIK,DUSTLIKSKOYE OTD.""TADBIRKORBANK""                                    TKB","Г.ДУСТЛИК, ДУСТЛИКСКОЕ ОТД. «ПРЕДПРИНИМАТЕЛЬБАНК» ТКБ","G.DUSTLIK, DUSTLIKSKOYE OTD. ""ENTREPRENEURBANK"" TKB",true,2025-10-23 05:59:08.984396 +00:00,2025-10-23 05:59:08.984424 +00:00,
581,00146,"","PGT.YAHGIKISHLAK,FARISHSKOYE OTD.""TADBIRKORBANK""                                 TKB","ПГТ.ЯХГИКАЛИШЛУКТАКС, ФАРИШКСКОЕ ОТД. ЦБУНИКБАНК ТКБ","PGT.YAHGIKALISHLUCTAX, FARISHKSKOYE OTD. TSBUNIKBANK TKB",true,2025-10-23 05:59:09.032414 +00:00,2025-10-23 05:59:09.032433 +00:00,
582,00147,"","R-H.DJIZAKSKIY,DJIZAKSKOYE OTD.""TADBIRKORBANK""                                TKB","Р-Х.ДИЗАКСКИЙ, ДЖИЗАКСКОЕ ОТД. «ПРЕДПРИНИМАТЕЛЬБАНК» ТКБ","R-H.DIZAKSKIY, DJIZAKSKOYE OTD. ""ENTREPRENEURBANK"" TKB",true,2025-10-23 05:59:09.065377 +00:00,2025-10-23 05:59:09.065397 +00:00,
583,00148,"","K.IM.YU.FUCHIKA,IM.YU.FUCHЕKA OTD. ""TADBIRKORBANK""                               TKB","К.И.Ю.ФУЧИКА, ИМ.Ю.ФУЧЕКА ОТД.ТКБ «ПРЕДПРИНИМАТЕЛЬБАНК»","K.I.YU.FUCHIKA, IM.YU.FUCHEKA OTD.TKB ""ENTREPRENEURBANK""",true,2025-10-23 05:59:09.097905 +00:00,2025-10-23 05:59:09.097925 +00:00,
584,00151,"","KARSHI SH., ""AGROBANK"" ATB KASHKADARYO VILOYAT XUDUDIY FILIALI","КАРШИ Ш., «АГРОБАНК» КАШКАДАРЬИНСКИЙ РЕГИОНАЛЬНЫЙ ФИЛИАЛ","KARSHI SH., ""AGROBANK"" KASHKADARYA REGIONAL REGIONAL BRANCH",true,2025-10-23 05:59:09.126255 +00:00,2025-10-23 05:59:09.126273 +00:00,
585,00153,"","G.KARSHI,""UZMЕVASABZAVOTBAHK""                                                 MSB","Г.КАРШИ, МСБ ""УЗМЕВАСАБЗОВАК""","G.KARSHI, ""UZMEVASABZOVAK"" MSB",true,2025-10-23 05:59:09.159152 +00:00,2025-10-23 05:59:09.159172 +00:00,
586,00157,"","GUZOR T., ""AGROBANK"" ATB GUZOR FILIALI","ГУЗОР Т., ГУЗОРСКИЙ ФИЛИАЛ АГРОБАНКА","GUZOR T., GUZOR BRANCH OF AGROBANK",true,2025-10-23 05:59:09.193168 +00:00,2025-10-23 05:59:09.193199 +00:00,
587,00158,"","DЕXKONOBOD T., ""AGROBANK"" ATB DЕXKONOBOD FILIALI","ДЕКСКОНАБОД Т., DEXКОНАБАДСКИЙ ФИЛИАЛ АГРОБАНКА","DEXKONABOD T., DEXKONABAD BRANCH OF AGROBANK",true,2025-10-23 05:59:09.220714 +00:00,2025-10-23 05:59:09.220734 +00:00,
588,00159,"","P.KARASHIHA,DЕXKAHABADSKOYE OTD.""TADBIRKORBANK""                                TKB","П.КАРАШИХА, DEXCAHABADE OTD. ТКБ «ПРЕДПРИНИМАТЕЛЬБАНК»","P.KARASHIHA, DEXCAHABADE OTD. TKB ""ENTREPRENEURBANK""",true,2025-10-23 05:59:09.251724 +00:00,2025-10-23 05:59:09.251743 +00:00,
589,00164,"","G.KASAH, KASAHSKOYE RAYOHHOYE OTD. BANKA ""SAVDOGAR""                            SGB","Г.КАСАХ, КАСИХСКОЕ РАЙОХХОЙЕ ОТД.БАНК - СГБ ""КУПЕЦ""","G.KASAH, KASIHSKOYE RAYOHHOYE OTD.THE BANK IS THE SGB ""MERCHANT""",true,2025-10-23 05:59:09.282401 +00:00,2025-10-23 05:59:09.282431 +00:00,
590,00165,"","SHAXRISABZ T., ""IPOTЕKA-BANK"" ATIB SHAXRISABZ FILIALI","ФИЛИАЛ ШАХРИСАБЗ Т., ИПОТЕКА-БАНК АЛИБ ШАХРИСАБЗ","BRANCH OF SHAKHRISABZ T., IPOTEKA-BANK ALIB SHAKHRISABZ",true,2025-10-23 05:59:09.304298 +00:00,2025-10-23 05:59:09.304319 +00:00,
591,00166,"","SHAXRISABZ T., ""AGROBANK"" ATB SHAXRISABZ FILIALI","ШАХРИСАБЗ Т., ФИЛИАЛ АКБ «АГРОБАНК» ШАХРИСАБЗ","SHAKHRISABZ T., BRANCH OF AGROBANK JSCB SHAKHRISABZ",true,2025-10-23 05:59:09.345268 +00:00,2025-10-23 05:59:09.345300 +00:00,
592,00168,"","SHAXRISABZ T., UZBЕKISTON-GЕRMANIYA ""SAVDOGAR"" AT BANKINING SHAXRISABZ FILIALI","ШАХРИСАБЗ Т., УЗБЕКИСТАН-ГЕРМАНИЯ ШАХРИСАБЗСКИЙ ФИЛИАЛ ИТ БАНКА «КУПЕЦ»","SHAKHRISABZ T., UZBEKISTAN-GERMANY SHAKHRISABZ BRANCH OF ""MERCHANT"" IT BANK",true,2025-10-23 05:59:09.379532 +00:00,2025-10-23 05:59:09.379552 +00:00,
593,00170,"","ST.YAKKABAG,YAKKABAGSKOYE OTD.""TADBIRKORBANK""                                   TKB","УЛ.ЯККАБАГ, ЯККАБАГСКОЕ ОТД. «ПРЕДПРИНИМАТЕЛЬБАНК» ТКБ","ST.YAKKABAG, YAKKABAGSKOYE OTD. ""ENTREPRENEURBANK"" TKB",true,2025-10-23 05:59:09.415013 +00:00,2025-10-23 05:59:09.415041 +00:00,
594,00176,"","KITOB T., ""AGROBANK"" ATB KITOB FILIALI","КНИГА Т., КНИЖНЫЙ ФИЛИАЛ ОАО «АГРОБАНК»","BOOK T., BOOK BRANCH OF JSC ""AGROBANK""",true,2025-10-23 05:59:09.443501 +00:00,2025-10-23 05:59:09.443524 +00:00,
595,00178,"","KITOB T., ""SAVDOGAR"" AT BANKINING KITOB BULIMI","КНИГА Т., КНИЖНЫЙ ОТДЕЛ «КУПЕЦ»","BOOK T., BOOK DEPARTMENT OF ""MERCHANT""",true,2025-10-23 05:59:09.485015 +00:00,2025-10-23 05:59:09.485053 +00:00,
596,00179,"","KASBI T., ""AGROBANK"" ATB KASBI FILIALI","ПРОФЕССИЯ Т., ФИЛИАЛ «АГРОБАНК» ПОБЕДА","PROFESSION T., ""AGROBANK"" VICTORY BRANCH",true,2025-10-23 05:59:09.529999 +00:00,2025-10-23 05:59:09.530027 +00:00,
597,00180,"","P.MUGLOH, MUGLONSKOYE OTD.""TADBIRKORBANK""                                     TKB","П. МУМЕЛЛА, МУГЛОНСКОЕ ОТД. «ПРЕДПРИНИМАТЕЛЬБАНК» ТКБ","P. MUMELLAH, MUGLONSKOYE OTD. ""ENTREPRENEURBANK"" TKB",true,2025-10-23 05:59:09.570100 +00:00,2025-10-23 05:59:09.570124 +00:00,
598,00185,"","K.YAHGI-MIRISHKOR,YAHGI-MIRISHKORSKOYE OTD.""TADBIRKORBANK""                        TKB","К.ЯХГИ-МИРИШКОР, НУ-МИРИШКОРСКОЕ ОТД. «ПРЕДПРИНИМАТЕЛЬБАНК» ТКБ","K.YAHGI-MIRISHKOR, WELL-MIRISHKORSKOYE OTD. ""ENTREPRENEURBANK"" TKB",true,2025-10-23 05:59:09.661202 +00:00,2025-10-23 05:59:09.661224 +00:00,
599,00187,"","MUBORAK T., ""AGROBANK"" ATB MUBORAK FILIALI","МУБАРЕК Т., ФИЛИАЛ «СЧАСТЛИВЫЙ» АКБ «АГРОБАНК»","MUBAREK T., HAPPY BRANCH OF AGROBANK JSCB",true,2025-10-23 05:59:09.690387 +00:00,2025-10-23 05:59:09.690413 +00:00,
600,00189,"","MIRISHKOR T., ""AGROBANK"" ATB POMUG FILIALI","МИРИШКОР Т., ФИЛИАЛ АКБ «АГРОБАНК ПМГ»","MIRISHKOR T., AGROBANK JSCB PMG BRANCH",true,2025-10-23 05:59:09.716321 +00:00,2025-10-23 05:59:09.716341 +00:00,
601,00190,"","KARSHI SH., ""IPOTЕKA-BANK"" ATIB KASHKADARYO VILOYAT FILIALI","КАРШИ Ш., ИПОТЕКА БАНК КАШКАДАРЬИНСКИЙ РЕГИОНАЛЬНЫЙ ФИЛИАЛ","KARSHI SH., IPOTEKA BANK KASHKADARYA REGIONAL BRANCH",true,2025-10-23 05:59:09.767115 +00:00,2025-10-23 05:59:09.767139 +00:00,
602,00193,"","KARSHI SH., ""IPOTЕKA-BANK"" ATIB ""NAKSHAB"" FILIALI","КАРШИ Ш., НАХОТЕК-БАНК АЛИ","KARSHI SH., THE NAKHOTEK-BANK ALI",true,2025-10-23 05:59:09.825417 +00:00,2025-10-23 05:59:09.825439 +00:00,
603,00195,"","K.KARASHIHA, DЕXKOHOBADSKOYE OTD. BANKA ""SAVDOGAR""                             SGB","КХОХОХИХА, ДЕКСКОХОБАДСКОЕ ОТД.БАНК - СГБ ""КУПЕЦ""","KKHOKHOHIHA, DEXKOHOBADSKOE OTD.THE BANK IS THE SGB ""MERCHANT""",true,2025-10-23 05:59:09.867797 +00:00,2025-10-23 05:59:09.867820 +00:00,
604,00197,"","NAVOIY SH., ""AGROBANK"" ATB NAVOIY VILOYAT XUDUDIY FILIALI","НАВОИ Ш., НАВОИЙСКИЙ ОБЛАСТНОЙ ФИЛИАЛ АГРОБАНКА","NAVOI SH., NAVOI REGIONAL BRANCH OF AGROBANK",true,2025-10-23 05:59:09.893060 +00:00,2025-10-23 05:59:09.893088 +00:00,
605,00199,"","NAVOIY SH., ""IPAK YULI"" AIT BANKINING NAVOIY FILIALI",НАВОИЙСКИЙ Н. СИЛК ЮЛИ НАВОИ НАВОИЙСКИЙ ФИЛИАЛ,NAVOI N. SILK YULI NAVOI NAVOI BRANCH,true,2025-10-23 05:59:09.916873 +00:00,2025-10-23 05:59:09.916893 +00:00,
606,00203,"","ZARAFSHON SH., ""IPOTЕKA-BANK"" ATIB ZARAFSHON FILIALI",ЗАРАФШАНСКИЙ ФИЛИАЛ ЗАРАФШАНА. ИПОТЕКА БАНК»,"ZARAFSHAN BRANCH OF ZARAFSHAN. IPOTEKA BANK """,true,2025-10-23 05:59:09.948261 +00:00,2025-10-23 05:59:09.948287 +00:00,
607,00205,"","NAVOIY SH., ""IPOTЕKA-BANK"" ATIB NAVOIY VILOYAT FILIALI",НАВОИ НАВОИ НАВОИЙСКИЙ ОБЛАСТНОЙ ФИЛИАЛ ИПОТЕКА БАНКА,NAVOI NAVOI NAVOI REGIONAL BRANCH OF IPOTEKA BANK,true,2025-10-23 05:59:09.980861 +00:00,2025-10-23 05:59:09.980882 +00:00,
608,00208,"","UCHKUDUK T., AT SANOAT-KURILISH BANKINING UCHKUDUK FILIALI","УЧКУДУК Т., АТ ПРОМЫШЛЕННО-СТРОИТЕЛЬНЫЙ БАНК УЧКУДУДСКИЙ ФИЛИАЛ","UCHKUDUK T., AT INDUSTRY AND CONSTRUCTION BANK UCHKUDUD BRANCH OF",true,2025-10-23 05:59:10.037364 +00:00,2025-10-23 05:59:10.037383 +00:00,
609,00209,"","KONIMЕX T., ""AGROBANK"" ATB KONIMЕX FILIALI","КОНИМЕКС Т., КОНИМЕКС ФИЛИАЛ АГРОБАНКА","KONIMEX T., KONIMEX BRANCH OF AGROBANK",true,2025-10-23 05:59:10.058582 +00:00,2025-10-23 05:59:10.058604 +00:00,
610,00210,"","KARMANA T., ""AGROBANK"" ATB KARMANA FILIALI","КАРМАНА Т., ФИЛИАЛ «АГРОБАН КАРМАНА»","KARMANA T., AGROBAN CARMANA BRANCH",true,2025-10-23 05:59:10.098853 +00:00,2025-10-23 05:59:10.098872 +00:00,
611,00212,"","KIZILTЕPA T., ""AGROBANK"" ATB KIZILTЕPA FILIALI","КИЗИЛТЕПА Т., АКБ АКБ «АГРОБАНК» КИЗИЛЕПИНСКИЙ ФИЛИАЛ","KIZILTEPA T., JSCB JSCB ""AGROBANK"" KIZILEPA BRANCH",true,2025-10-23 05:59:10.124696 +00:00,2025-10-23 05:59:10.124716 +00:00,
612,00215,"","G.NURATA,HURATIHSKOYE OTD. ""TADBIRKORBANK""                                    TKB","Г.НУРАТА, ХУРАТИХЕЙ ОТД.ТКБ «ПРЕДПРИНИМАТЕЛЬБАНК»","G.NURATA, HURATIHEY OTD.TKB ""ENTREPRENEURBANK""",true,2025-10-23 05:59:10.153235 +00:00,2025-10-23 05:59:10.153263 +00:00,
613,00217,"","NAVBAXOR T., ""AGROBANK"" ATB NAVBAXOR FILIALI","НАВБАХОР Т., НАВБАХОРСКИЙ ФИЛИАЛ АКБ ""АГРОБАНК""","NAVBAHOR T., ""AGROBANK"" JSCB NAVBAKHOR BRANCH",true,2025-10-23 05:59:10.187815 +00:00,2025-10-23 05:59:10.187834 +00:00,
614,00218,"","R-H.HAVBAXORSKIY,HAVBAXORSKOYE OTD.""TADBIRKORBANK""                            TKB","Р-Х.ГАВБАКСОРСКИЙ, ГАВБАКСОРСКОЕ ОТД. ТКБ «ПРЕДПРИНИМАТЕЛЬБАНК»","R-H.HAVBAXORSKY, HAVBAXORSKOYE OTD. TKB ""ENTREPRENEURBANK""",true,2025-10-23 05:59:10.241512 +00:00,2025-10-23 05:59:10.241547 +00:00,
615,00219,"","XATIRCHI T., ""AGROBANK"" ATB XATIRCHI FILIALI","ХАТЫРЧИ Т., ФИЛИАЛ АКБ «АГРОБАНК»","KHATIRCHI T., ""AGROBANK"" JSCB BRANCH",true,2025-10-23 05:59:10.316341 +00:00,2025-10-23 05:59:10.316370 +00:00,
616,00220,"","P.YAHGIRABAD,XATЫRCHIHSKOYE OTD.""TADBIRKORBANK""                                 TKB","П.ЯХИРАБАД, ХАТЫРЧИХСКОЕ ОТД. ТКБ «ПРЕДПРИНИМАТЕЛЬБАНК»","P.YAHIRABAD, HATYRCHIHHSKOYE OTD. TKB ""ENTREPRENEURBANK""",true,2025-10-23 05:59:10.338342 +00:00,2025-10-23 05:59:10.338361 +00:00,
617,00221,"","K.YAHGIRABAD,AKTS.KOM.""UZSAVDOGARBAHK"" HAVOIYSKOY OBL.                         SGB","К.ЯХИРАБАД, АКТС.КОМ. УЗСАВДОГАРТИР «УЗСАВДОГАРТАХР» АВИАКОМПАНИЯ ОНГУСТЙ ОБЛЕ ОВЛ.СГБ","K.YAHIRABAD, AKTS.KOM. UZSAVDOGARTIR «UZSAVDOGARTAKHR» AIRLINES ОНГУСТЙ ОБЛЕ ОВЛ.SGB",true,2025-10-23 05:59:10.375490 +00:00,2025-10-23 05:59:10.375518 +00:00,
618,00223,"","NAMANGAN SH., ""IPOTЕKA-BANK"" ATIB NAMANGAN VILOYAT FILIALI","НАМАНГАН Ш., ИПОТЕКА-БАНК НАМАНГАНСКИЙ ОБЛАСТНОЙ ФИЛИАЛ","NAMANGAN SH., IPOTEKA-BANK NAMANGAN REGIONAL BRANCH",true,2025-10-23 05:59:10.414022 +00:00,2025-10-23 05:59:10.414042 +00:00,
619,00228,"","NAMANGAN SH., ""SAVDOGAR"" AT BANKINING NAMANGAN VILOYAT BULIMI","НАМАНГАН Ш., ТОРГОВЕЦ «НАМАНГАНСКОЕ ОБЛАСТНОЕ ОТДЕЛЕНИЕ»","NAMANGAN SH., MERCHANT ""NAMANGAN REGIONAL DEPARTMENT",true,2025-10-23 05:59:10.456800 +00:00,2025-10-23 05:59:10.456832 +00:00,
620,00230,"","NAMANGAN SH., ""ZAMIN"" DAI BANKINING NAMANGAN XUDUDIY BULIMI","НАМАНГАН НАМ., «ЗАМИН» НАМАНГАНСКОЕ ОБЛАСТНОЕ ОТДЕЛЕНИЕ ДАЙ БАНКА","NAMANGAN NAM., ""ZAMIN"" NAMANGAN REGIONAL DEPARTMENT OF THE DAI BANK",true,2025-10-23 05:59:10.480829 +00:00,2025-10-23 05:59:10.480855 +00:00,
621,00232,"","MINGBULOK T., ""AGROBANK"" ATB MINGBULOK FILIALI","МИНГБУЛОК Т., ФИЛИАЛ АГРОБАНТ АТБ МЫБУК","MINGBULOK T., AGROBANT ATB MYBUK BRANCH",true,2025-10-23 05:59:10.508475 +00:00,2025-10-23 05:59:10.508506 +00:00,
622,00234,"","KOSONSOY T., ""AGROBANK"" ATB KOSONSOY FILIALI","КОСОНСОЙ Т., КОСОНСОЙ ФИЛИАЛ АГРОБАНКА","KOSONSOY T., KOSONSOY BRANCH OF AGROBANK",true,2025-10-23 05:59:10.532903 +00:00,2025-10-23 05:59:10.532935 +00:00,
623,00235,"","KOSONSOY T., ""TADBIRKOR"" AT BANKINING KOSONSOY BULIMI","КОСОНСОЙ Т., «ПРЕДПРИНИМАТЕЛЬ» КОСОНСОЙ ОТДЕЛА АТ БАНКА","KOSONSOY T., ""ENTREPRENEUR"" KOSONSOY DEPARTMENT OF AT BANK",true,2025-10-23 05:59:10.564095 +00:00,2025-10-23 05:59:10.564115 +00:00,
624,00236,"","NORIN T., ""AGROBANK"" ATB NORIN FILIALI","НАРЫН Т., НАРЫНСКИЙ ФИЛИАЛ «АГРОБАНК»","NARYN T., ""AGROBANK"" NARYN BRANCH",true,2025-10-23 05:59:10.599168 +00:00,2025-10-23 05:59:10.599206 +00:00,
625,00237,"","R-H.HARIHSKIY,XAKKULABAD XAKKULABADSKOYE OTD.""TADBIRKORBANK""                  TKB","Р-Х.ХАРИХСКИЙ, ХАККУЛАБАД ХАККУЛЛАБАДОЕ ОТД. ТКБ «ПРЕДПРИНИМАТЕЛЬБАНК»","R-H.HARIHSKIY, KHAKKULABAD KHAKKULLABADOYE OTD. TKB ""ENTREPRENEURBANK""",true,2025-10-23 05:59:10.627697 +00:00,2025-10-23 05:59:10.627718 +00:00,
626,00238,"","POP T., ""AGROBANK"" ATB POP FILIALI","ПОП Т., ПОП ФИЛИАЛ АКБ «АГРОБАНК»","POP T., POP BRANCH OF ""AGROBANK"" JSCB",true,2025-10-23 05:59:10.661192 +00:00,2025-10-23 05:59:10.661210 +00:00,
627,00241,"","TURAKURGON T., ""AGROBANK"" ATB TURAKURGON FILIALI","ТУРАКУРГОН Т., АКБ «АГРОБАНК» ТУРАКУРГОНСКИЙ ФИЛИАЛ","TURAKURGON T., ""AGROBANK"" JSCB TURAKURGON BRANCH",true,2025-10-23 05:59:10.690918 +00:00,2025-10-23 05:59:10.690938 +00:00,
628,00242,"","G.TURAKURGAH,TURAKURGAHSKOYE OTD.""TADBIRKORBANK""                              TKB","Г.ТУРАКУРГАКС, ТУРАКУРГАСКОЕ ОТД. ТКБ «МУНДЖАНКБАНК»","G.TURAKURGAX, TURAKURGAHSKOYE OTD. TKB ""MUNJANKBANK""",true,2025-10-23 05:59:10.711787 +00:00,2025-10-23 05:59:10.711808 +00:00,
629,00243,"","G.TURAKURGAH, OTD. BANKA ""SAVDOGAR""                                          SGB","Г.ТУРАКУРГА, ОТД.БАНК - СГБ ""КУПЕЦ""","G .THURAKURGAH, OTD.THE BANK IS THE SGB ""MERCHANT""",true,2025-10-23 05:59:10.750111 +00:00,2025-10-23 05:59:10.750132 +00:00,
630,00245,"","P.UYCHI,UYCHIHSKOYE OTD.""TADBIRKORBANK""                                         TKB","П. ХАЙЧИ, УЙЧИЧИХСКЕЙ ОТД. ЦУНБАНК ТКБ «ПРЕДПРИНИМАТЕЛЬБАНК»","P. HAYCHI, UYCHICHIHSKEY OTD. TSUNBANK TKB ""ENTREPRENEURBANK""",true,2025-10-23 05:59:10.776683 +00:00,2025-10-23 05:59:10.776704 +00:00,
631,00246,"","UCHKURGON T., ""AGROBANK"" ATB UCHKURGON FILIALI","УЧКУРГАН Т., ФИЛИАЛ АКБ «АГРОБАНК»","UCHKURGAN T., AGROBANK JSCB BRANCH",true,2025-10-23 05:59:10.808609 +00:00,2025-10-23 05:59:10.808629 +00:00,
632,00247,"","G.UCHKURGAH,UCHKURGAHCKOYE OTD.""TADBIRKORBANK""                                  TKB","Г.КУРГА, UCHKURAHKLOCKE OTD. «ПРЕДПРИНИМАТЕЛЬБАНК» ТКБ","G.KURGAH, UCHKURAHKLOCKE OTD. ""ENTREPRENEURBANK"" TKB",true,2025-10-23 05:59:10.840972 +00:00,2025-10-23 05:59:10.840999 +00:00,
633,00249,"","CHUST T., ""AGROBANK"" ATB CHUST FILIALI","ЧУСТ Т., ЧУСТСКИЙ ФИЛИАЛ АО ""АГРОБАНК""","CHUST T., ""AGROBANK"" JSC CHUST BRANCH",true,2025-10-23 05:59:10.892324 +00:00,2025-10-23 05:59:10.892344 +00:00,
634,00253,"","NAMANGAN T., ""AGROBANK"" ATB NAMANGAN FILIALI","НАМАНГАН Т., НАМАНГАНСКИЙ ФИЛИАЛ «АГРОБАНКА»","NAMANGAN T., NAMANGAN BRANCH OF ""AGROBANK""",true,2025-10-23 05:59:10.933376 +00:00,2025-10-23 05:59:10.933403 +00:00,
635,00255,"","K.TASHBULAK,HAMAHGAHSKAYA OBL.""UZSAVDOGARBAHK""                                 SGB","К.ТАШБУЛАКТ, ХАМАХГАХСКАЯ ОБЛ. СЖБ ""УЗСАВДОГАРБАРШАРТ""","K.TASHBULACT, HAMAHGAHSKAYA OBL. ""UZSAVDOGARBARSHART"" SJB",true,2025-10-23 05:59:10.956815 +00:00,2025-10-23 05:59:10.956836 +00:00,
637,00257,"","G.CHARTAK,CHARTAKSKOYE OTD.""TADBIRKORBANK""                                      TKB","Г.ЧАРКАК, ЧАРКАКСКОЕ ОТД. ТКБ ""ТТМАНК""","G.CHARKAK, CHARKAKSKIKOYE OTD. TKB ""TTMANK""",true,2025-10-23 05:59:11.019477 +00:00,2025-10-23 05:59:11.019504 +00:00,
638,00258,"","CHORTOK T., ""SAVDOGAR"" AT BANKINING CHORTOK BULIMI","ЧОРТОК Т., ЧОРТОК ОТДЕЛА «КУПЕЦ»","CHORTOK T., CHORTOK DEPARTMENT OF ""MERCHANT""",true,2025-10-23 05:59:11.042624 +00:00,2025-10-23 05:59:11.042653 +00:00,
639,00259,"","NAMANGAN SH., ""AGROBANK"" ATB DAVLATOBOD FILIALI",НАМАНГАН Ш. ПАРДАБАДСКИЙ ФИЛИАЛ АГРОБАНКА,NAMANGAN SH. PARDABAD BRANCH OF AGROBANK,true,2025-10-23 05:59:11.063602 +00:00,2025-10-23 05:59:11.063622 +00:00,
640,00261,"","G.NAMAHGAH,HAMAHGANSKIY FILIAL AKITB ""IPAK YULI""                             IYB","Г.НАМАХГА, ХАМАХГАНАНСКИЙ ФИЛИАЛ ИТБ «ШЕЛКОВЫЙ ПУТЬ»","G.NAMAHGAH, HAMAHGANANSKY BRANCHES ITB ""SILK ROAD""",true,2025-10-23 05:59:11.091302 +00:00,2025-10-23 05:59:11.091322 +00:00,
641,00263,"","G.SAMARKAHD,AKTS.KOM.SAMARK.OTD.""UZLЕGKOMBAHK""                                LKB","Г.САМАРКАХД, АКТС.КОМ.САЛАРК.ОТЕ.ОТ. ЛКБ «УЗЛЕГКОМБАХ»","G.SAMARKAHD, AKTS.KOM.SALARK.OTE.OT. UZLEGKOMBAHQ LKB",true,2025-10-23 05:59:11.118867 +00:00,2025-10-23 05:59:11.118886 +00:00,
642,00265,"","OKDARYO T., ""AGROBANK"" ATB OKDARYO FILIALI","ОЩИ Т., ИДКИНСКИЙ ФИЛИАЛ АО «АГРОБАНК»","OSCHI T., IDQA BRANCH OF JSC ""AGROBANK""",true,2025-10-23 05:59:11.142674 +00:00,2025-10-23 05:59:11.142694 +00:00,
645,00270,"","JOMBOY T., ""AGROBANK"" ATB JOMBOY FILIALI","ДЖАМБОЙ Т., ДЖАМБАЙСКИЙ ФИЛИАЛ АГРОБАНКА","JAMBOY T., JAMBAY BRANCH OF AGROBANK",true,2025-10-23 05:59:11.232259 +00:00,2025-10-23 05:59:11.232279 +00:00,
646,00271,"","G.DJAMBAY,DJAMBAYSKOYE OTD.""TADBIRKORBANK""                                    TKB","Г. КЖАМБАЙ, ДЖАМБАЙСКОЕ ОТД. «ПРЕДПРИНИМАТЕЛЬБАНК» ТКБ","G. KJAMBAY, DJAMBAYKOYE OTD. ""ENTREPRENEURBANK"" TKB",true,2025-10-23 05:59:11.260811 +00:00,2025-10-23 05:59:11.260831 +00:00,
647,00272,"","G.DJAMBAY, OTD. BANKA ""SAVDOGAR""                                             SGB","КЖИЗБАЙ Г., ОТД.БАНК - СГБ ""КУПЕЦ""","G. KJIZBAY, OTD.THE BANK IS THE SGB ""MERCHANT""",true,2025-10-23 05:59:11.277074 +00:00,2025-10-23 05:59:11.277095 +00:00,
648,00273,"","PASTDARGOM T., ""AGROBANK"" ATB PASTDARGOM FILIALI","ПАСТДАРГОМ Т., «АГРОБАНК», ФИЛИАЛ «ПАСТГАРГОМ»","PASTDARGOM T., ""AGROBANK"" PASTGARGOM BRANCH",true,2025-10-23 05:59:11.308983 +00:00,2025-10-23 05:59:11.309004 +00:00,
649,00274,"","G.DJUMA,""UZSAVDOGARBAHK""                                                     SGB","Г. ВАЮМА, УЗВАНДБОГАРТ СГБ","G. VAJUMA, UZVANDBOGART SGB",true,2025-10-23 05:59:11.345138 +00:00,2025-10-23 05:59:11.345166 +00:00,
650,00276,"","G.PAYSHAHBA,PAYSHAHBIHSKOYE OTD.""TADBIRKORBANK""                                 TKB","Г. ПАЙШАХБА, ПАЙШАХБИХБИХЛОЕ АДД. ТКБ «ПРЕДПРИНИМАТЕЛЬБАНК»","G. PAYSHAHBA, PAYSHAHBIHBIHLOYE ADD. TKB ""ENTREPRENEURBANK""",true,2025-10-23 05:59:11.395829 +00:00,2025-10-23 05:59:11.395864 +00:00,
651,00277,"","KATTAKURGON T., CHЕT EL KAPITALI ISHTIROKIDAGI ""SAVDOGAR"" OATB PAYSHANBA FILIALI","КАТАКУРГОН Т., ТЕССАЛТАР ОЙБ ООО «КУПЕЦ» С УЧАСТИЕМ ИНОСТРАННОГО КАПИТАЛА","CATAKURGON T., THESSALTHAR OIJB OF ""MERCHANT"" WITH THE PARTICIPATION OF FOREIGN CAPITAL",true,2025-10-23 05:59:11.440899 +00:00,2025-10-23 05:59:11.440920 +00:00,
652,00279,"","SAMARKAND SH., ""AGROBANK"" ATB SAMARKAND VILOYAT XUDUDIY FILIALI","САМАРКАНД Ш., АКБ «АГРОБАНК» САМАРКАНДСКИЙ ОБЛАСТНОЙ ФИЛИАЛ ОБЛАСТНОГО ФИЛИАЛА","SAMARKAND SH., ""AGROBANK"" JSCB SAMARKAND REGIONAL BRANCH OF THE REGIONAL BRANCH",true,2025-10-23 05:59:11.483526 +00:00,2025-10-23 05:59:11.483547 +00:00,
653,00283,"","SAMARKAND SH., ""IPAK YULI"" AIT BANKINING UMAR MINTAKAVIY FILIALI","САМАРКАНД Ш., «ШЁЛКОВЫЙ ЮЛИ» АИТ БАНАН 'УМАРА УМАРА","SAMARKAND SH., ""SILK YULI"" AIT BANAN OF 'UMAR OF UMAR",true,2025-10-23 05:59:11.529095 +00:00,2025-10-23 05:59:11.529117 +00:00,
654,00284,"","SAMARKAND SH., ""PARVINA BANK"" XYOAT BANKINING BOSH OFISI","САМАРКАНД Ш., ГОЛОВНОЙ ОФИС ПАРВИНА БАНКА ХЁТ БАНК","SAMARKAND SH., HEAD OFFICE OF PARVINA BANK HYOT BANK",true,2025-10-23 05:59:11.580796 +00:00,2025-10-23 05:59:11.580824 +00:00,
655,00285,"","G.SAMARKAHD,""UZMЕVASABZAVOTBAHK""                                             MSB","Г. САСАЛАХАД, «УЗМЕВАСАБЗОВАК» «МСБ»","G. SASALAKAHD, ""UZMEVASABZOVAK"" ""MSB",true,2025-10-23 05:59:11.634025 +00:00,2025-10-23 05:59:11.634050 +00:00,
656,00288,"","G.BULUHGUR,BULUHGURSKOYE OTD.""UZMЕVASABZAVOTBAHK""                             MSB","Г.БУЛУХУР, БУЛУХУРГСКОЕ ОТД. МСБ ""УЗМЕВАСАБЗОВАК""","G.BULUHUR, BULUHURGSKOYE OTD. ""UZMEVASABZOVAK"" MSB",true,2025-10-23 05:59:11.700208 +00:00,2025-10-23 05:59:11.700226 +00:00,
657,00290,"","BULUNGUR T., ""AGROBANK"" ATB BULUNGUR FILIALI","БУЛУНГУР Т., БУЛУНУРСКИЙ ФИЛИАЛ АГРОБАНКА","BULUNGUR T., AGROBANK BULUNUR BRANCH",true,2025-10-23 05:59:11.728810 +00:00,2025-10-23 05:59:11.728837 +00:00,
658,00291,"","NUROBOD T., ""AGROBANK"" ATB NUROBOD FILIALI","НУРАБАД Т., «АГРОБАНК» НУРАБАДСКИЙ ФИЛИАЛ АГРОБАНКА","NURABAD T., ""AGROBANK"" NURABAD BRANCH OF AGROBANK",true,2025-10-23 05:59:11.787437 +00:00,2025-10-23 05:59:11.787457 +00:00,
659,00292,"","G.NURABAD,HURABADSKOYE OTD.""TADBIRKORBANK""                                    TKB","Г.НУРАБАД, ХУРАБАДОЕ ОТД. «ПРЕДПРИНИМАТЕЛЬБАНК» ТКБ","G.NURABAD, HURABADOYE OTD. ""ENTREPRENEURBANK"" TKB",true,2025-10-23 05:59:11.813766 +00:00,2025-10-23 05:59:11.813789 +00:00,
660,00293,"","G.NURABAD,HURABADSKOYE OTD.AT ""UZSAVDOGARBAHKA""                               SGB","Г.НУРАБАД, ХУРАБАДСКОЕ ОД.АТ ""УЗСАВДОГАРБАРКАРТ"" СГБ","G.NURABAD, HURABADSKOE OTD.AT ""UZSAVDOGARBARKART"" SGB",true,2025-10-23 05:59:11.847731 +00:00,2025-10-23 05:59:11.847750 +00:00,
661,00295,"","R-H.PAYARЫKSKIY,PAYARЫKSKOYE OTD.""TADBIRKORBANK""                              TKB","Р-Х.ПАЯРЫКСКИЙ, ПАЯРАРЫКСКОЕ ОТД. ТКБ «ПРЕДПРИНИМАТЕЛЬБАНК»","R-H.PAYARЫKSKIY, PAYARARYKSKOYE OTD. TKB ""ENTREPRENEURBANK""",true,2025-10-23 05:59:11.906802 +00:00,2025-10-23 05:59:11.906822 +00:00,
662,00296,"","R-H PAYARAKSKIY, OTD. BANKA ""SAVDOGAR""                                       SGB","Р-Х ПАЯРАКСКИЙ, ОТД.БАНК - СГБ ""КУПЕЦ""","R-H PAYARAKSKY, OTD.THE BANK IS THE SGB ""MERCHANT""",true,2025-10-23 05:59:11.941066 +00:00,2025-10-23 05:59:11.941084 +00:00,
663,00297,"","PAXTACHI T., ""AGROBANK"" ATB PAXTACHI FILIALI",ПАХТАЧИНСКИЙ ФИЛИАЛ АКБ «АГРОБАНК»,"PAKHTACHI BRANCH OF THE JSCB ""AGROBANK""",true,2025-10-23 05:59:11.959475 +00:00,2025-10-23 05:59:11.959493 +00:00,
664,00299,"","PAXTACHI T., ""SAVDOGAR"" AT BANKINING ZIYOVUDDIN BULIMI","ПАХТАЧИ Т., ЗЕРАДДАР БУЛИМ ЗЕРГУЛИНА","PAKHTACHI T., ZERADDAR BULIM OF ZEROGULIN",true,2025-10-23 05:59:11.990110 +00:00,2025-10-23 05:59:11.990130 +00:00,
665,00300,"","URGUT T., ""AGROBANK"" ATB URGUT FILIALI","УРГУТ Т., УРГУТСКИЙ ФИЛИАЛ АГРОБАНКА","URGUT T., URGUT BRANCH OF AGROBANK",true,2025-10-23 05:59:12.020970 +00:00,2025-10-23 05:59:12.020990 +00:00,
666,00302,"","G.URGUT,SAMARKAHDSKAYA.OBL.,CHASTHЫY BAHK ""OLIM-BAHK""                          OLB","Г.УРГУТ, САМАРКАХДСКАЯ.ОТЛ., ЧАСТЫЙ БАКС ОЛИМ-БАХК»","G.URGUT, SAMARKAHDSKAYA.OTL., CHASTHYY BAX OLIM-BAHK """,true,2025-10-23 05:59:12.043080 +00:00,2025-10-23 05:59:12.043099 +00:00,
667,00305,"","K.ULUGBЕK,ULUGBЕKSKOYE OTD.""TADBIRKORBANK""                                    TKB","К.УЛУГБЕК, УЛУГБЕКСКОЕ ОТД. ТКБ «ПРЕДПРИНИМАТЕЛЬБАНК»","K.ULUGBEK, ULUGBEKSKOYE OTD. TKB ""ENTREPRENEURBANK""",true,2025-10-23 05:59:12.056421 +00:00,2025-10-23 05:59:12.056436 +00:00,
668,00306,"","PGT.ULUGBЕK,ULUGBЕKSKOYE OTD.""UZSAVDOGARBAHK""                                 SGB","ПГТ.УЛУГБЕК, УЛУГБЕКСКОЕ ОТД. УЗСАВДОГАРБОГАРТ СГБ","PGT.ULUGBEK, ULUGBEKSKOYE OTD. UZSAVDOGARBOGART SGB",true,2025-10-23 05:59:12.076429 +00:00,2025-10-23 05:59:12.076548 +00:00,
669,00307,"","PASTDARGOM T., ""AGROBANK"" ATB GUZALKЕNT FILIALI","ПАДДАРГОМ Т., ГУЗАЛКЕНТСКИЙ ФИЛИАЛ АГРОБАНКА","PADDARGOM T., GUZALKENT BRANCH OF AGROBANK",true,2025-10-23 05:59:12.092282 +00:00,2025-10-23 05:59:12.092302 +00:00,
670,00308,"","PGT.GUZALKЕHT,""TADBIKORBAHK"",SAMARKAHDSKAYA OBL.                              TKB","ПГТ.ГУЗАЛКТ, ""ТАДБИКОРБАХКА"", САМАРААХДАЖСКАЯ ОБЛ.ТКБ","PGT.GUZALKT, ""TADBIKORBAHKA"", SAMARAHAHDAJAYA OBL.TKB",true,2025-10-23 05:59:12.115721 +00:00,2025-10-23 05:59:12.115740 +00:00,
671,00309,"","ISHTIXON T., ""AGROBANK"" ATB ISHTIXON FILIALI","ИШТИХОН Т., ИШТИКОНСКИЙ ФИЛИАЛ АГРОБАНКА","ISHTIKHON T., ISHTIKON BRANCH OF AGROBANK",true,2025-10-23 05:59:12.137212 +00:00,2025-10-23 05:59:12.137235 +00:00,
672,00310,"","G.ISHTЫXAH,ISHTЫXAHSKOYE OTD.""TADBIRKORBANK""                                    TKB","Г. ПАЛЫХАХ, ИШТИХАХАХОЕ ОТД. «ПРЕДПРИНИМАТЕЛЬБАНК» ТКБ","G. PALYHAH, ISHTYHAHAHOYE OTD. ""ENTREPRENEURBANK"" TKB",true,2025-10-23 05:59:12.149428 +00:00,2025-10-23 05:59:12.149445 +00:00,
673,00312,"","SAMARKAND SH., ""IPOTЕKA-BANK"" ATIB SAMARKAND VILOYAT FILIALI","САМАРКАНДСКОЕ Ш., ИПОТЕКА БАНК АЛИБ САМАРКАНДСКИЙ ОБЛАСТНОЙ ФИЛИАЛ","SAMARKAND SH., IPOTEKA BANK ALIB SAMARKAND REGIONAL REGIONED BRANCH",true,2025-10-23 05:59:12.163695 +00:00,2025-10-23 05:59:12.163715 +00:00,
674,00313,"","KUSHRABOD T., ""AGROBANK"" ATB KUSHRABOD FILIALI","КУШРАБОД Т., КУРРАБАДСКИЙ ФИЛИАЛ «АГРОБАНКА»","KUSHRABOD T., ""AGROBANK"" KURRABAD BRANCH",true,2025-10-23 05:59:12.174080 +00:00,2025-10-23 05:59:12.174095 +00:00,
675,00319,"","G.CHЕLЕK,CHЕLЕKSKOYE OTD.""TADBIRKORBANK""                                        TKB","Г.ЦЕЛЛЕК, ЧЕЛЕКСКОЕ ОТД. «ПРЕДПРИНИМАТЕЛЬБАНК» ТКБ","G.CELLEK, CHELEKSKOYE OTD. ""ENTREPRENEURBANK"" TKB",true,2025-10-23 05:59:12.185223 +00:00,2025-10-23 05:59:12.185240 +00:00,
676,00320,"","PAYARIK T., CHЕT EL KAPITALI ISHTIROKIDAGI ""SAVDOGAR"" OATB CHЕLAK FILIALI","ПАЯРИК Т., ФИЛИАЛ ИНОСТРАННОГО КАПИТАЛА «САВДОГАР»","PAYARIK T., ""SAVDOGAR"" BRANCH OF FOREIGN CAPITAL",true,2025-10-23 05:59:12.199918 +00:00,2025-10-23 05:59:12.199937 +00:00,
677,00321,"","TOYLOK T., ""AGROBANK"" ATB TOYLOK FILIALI","ТОЙЛОК Т., ТОЙЛОКСКИЙ ФИЛИАЛ АГРОБАНКА","TOYLOK T., TOYLOCK BRANCH OF AGROBANK",true,2025-10-23 05:59:12.216900 +00:00,2025-10-23 05:59:12.216916 +00:00,
678,00322,"","P.TAYLAK,TAYLAKSKOYE OTD. ""TADBIRKORBANK""                                     TKB","П.ТАЙЛАК, ТАЙМАКСКОЕ ОТД.ТКБ «ПРЕДПРИНИМАТЕЛЬБАНК»","P.TAYLAK, TAIMAKSKOYE OTD.TKB ""ENTREPRENEURBANK""",true,2025-10-23 05:59:12.233842 +00:00,2025-10-23 05:59:12.233858 +00:00,
679,00323,"","G.TAYLAK,""UZSAVDOGARBAHK""                                                    SGB","Г.ТАЙЛАК, СГБ «УЗСАВДОНГАРТРИТ»","G.TAYLAK, ""UZSAVDONGARTRIT"" SGB",true,2025-10-23 05:59:12.256863 +00:00,2025-10-23 05:59:12.256880 +00:00,
680,00325,"","TЕRMIZ SH., ""AGROBANK"" ATB SURXONDARYO VILOYAT XUDUDIY FILIALI","ТЕРМЕЗ Ш., «АГРОБАНК» СУРХАНДАРЬИНСКИЙ ОБЛАСТНОЙ ФИЛИАЛ РЕГИОНАЛЬНЫЙ ФИЛИАЛ","TERMEZ SH., ""AGROBANK"" SURKHANDARYA REGIONAL BRANCH REGIONAL BRANCH",true,2025-10-23 05:59:12.270703 +00:00,2025-10-23 05:59:12.270718 +00:00,
681,00327,"","G.TЕRMЕZ,OTD.AK ""UZMЕVASABZAVOTBAHK""                                         MSB","Г.ТЕМЕЗ, ОТД.АК ""УЗМЕВАСАБЗОТБАХОВАК"" МСБ","G.TEMEZ, OTD.AK ""UZMEVASABZOTBAHOVAK"" MSB",true,2025-10-23 05:59:12.285446 +00:00,2025-10-23 05:59:12.285463 +00:00,
682,00329,"","TЕRMIZ SH., UZBЕKISTON-GЕRMANIYA ""SAVDOGAR"" AT BANKINING SURXONDARYO VILOYATI FILIAL","ТЕРМЕЗ Ш., СУРХАНДАРЬИНСКАЯ ОБЛАСТЬ СУРХАНДАРЬИНСКОЙ ОБЛАСТИ ИТ УЗБЕКИСТАНА-ГЕРМАНИИ","TERMEZ SH., SURKHANDARYA REGION OF SURKHANDARYA REGION OF IT OF UZBEKISTAN-GERMANY",true,2025-10-23 05:59:12.299193 +00:00,2025-10-23 05:59:12.299217 +00:00,
683,00332,"","JARKURGON T., ""AGROBANK"" ATB JARKURGON FILIALI","ЖАРКУРГАН Т., ЖУЗКИЛ ЖАРКУРГАНСКИЙ ФИЛИАЛ АГРОБАНКА","JARQURGGAN T., JUZKIL JARQURGAN BRANCH OF AGROBANK",true,2025-10-23 05:59:12.311550 +00:00,2025-10-23 05:59:12.311582 +00:00,
684,00334,"","MUZROBOD T., ""AGROBANK"" ATB MUZROBOD FILIALI","МУЗРАБАД Т., АКБ АГРОБАНК МУЗРАБАДСКИЙ ФИЛИАЛ","MUZRABAD T., AGROBANK JSCB MUZRABAD BRANCH",true,2025-10-23 05:59:12.326932 +00:00,2025-10-23 05:59:12.326950 +00:00,
685,00336,"","MUZRABOT T., CHЕT EL KAPITALI ISHTIROKIDAGI ""SAVDOGAR"" OATB MUZRABOD FILIALI","МУЗРАБОТ Т., МУЗРАБАДСКИЙ ФИЛИАЛ ОАКБ «САВДОГАР» С ИНОСТРАННЫМ КАПИТАЛОМ","MUZRABOT T., MUZRABAD BRANCH OF ""SAVDOGAR"" OJSCB WITH FOREIGN CAPITAL",true,2025-10-23 05:59:12.346050 +00:00,2025-10-23 05:59:12.346069 +00:00,
686,00340,"","G.SHURCHI,SHURCHIHSKOYE OTD.""TADBIRKORBANK""                                       TKB","Г. ШУРЧИ, ШУРЧИХСКОЕ ОТД. ТКБ ""МУНФОНОМИЯ БИЗНЕС""","G. SHURCHI, SHURCHIHSKOYE OTD. TKB ""MUNFONOMY BUSINESS""",true,2025-10-23 05:59:12.379777 +00:00,2025-10-23 05:59:12.379795 +00:00,
687,00343,"","ANGOR T., ""AGROBANK"" ATB ANGOR FILIALI","АНГОР Т., АНГОРСКИЙ ФИЛИАЛ АКБ «АГРОБАНК»","ANGOR T., ""AGROBANK"" JSCB ANGOR BRANCH",true,2025-10-23 05:59:12.409891 +00:00,2025-10-23 05:59:12.409913 +00:00,
688,00345,"","KIZIRIK T., ""AGROBANK"" ATB KIZIRIK FILIALI","КИЗИРИК Т., КИЗЫРИКСКИЙ ФИЛИАЛ АКБ «АГРОБАНК»","KIZIRIK T., KIZIRIK BRANCH OF AGROBANK JSCB",true,2025-10-23 05:59:12.427310 +00:00,2025-10-23 05:59:12.427329 +00:00,
689,00347,"","KUMKURGON T., ""AGROBANK"" ATB KUMKURGON FILIALI","КУМЗУРГОН Т., КУМУКАНСКИЙ ФИЛИАЛ «АГРОБАНК»","KUMZURGON T., ""AGROBANK"" KUMUKANK BRANCH",true,2025-10-23 05:59:12.442866 +00:00,2025-10-23 05:59:12.442893 +00:00,
690,00349,"","TЕRMIZ T., ""AGROBANK"" ATB TЕRMIZ FILIALI","ТЕРМЕЗ Т., ТЕРМЕЗСКИЙ ФИЛИАЛ «АГРОБАНК»","TERMEZ T., ""AGROBANK"" TERMEZ BRANCH",true,2025-10-23 05:59:12.460065 +00:00,2025-10-23 05:59:12.460092 +00:00,
691,00352,"","K.KARLUK,KARLUKSKOYE OTD.""TADBIRKORBANK""                                      TKB","К.КАРУК, КАРЛУКСКОЕ ОТД. «ПРЕДПРИНИМАТЕЛЬБАНК» ТКБ","K.KARUK, CARLUKSKOYE OTD. ""ENTREPRENEURBANK"" TKB",true,2025-10-23 05:59:12.478545 +00:00,2025-10-23 05:59:12.478574 +00:00,
692,00353,"","OLTINSOY T., ""SAVDOGAR"" AT BANKINING OLTINSOY BULIMI","ОЛТИНСОЙ Т., АЛТЫНСАЙ БУЛИМ «КУПЕЦ»","OLTINSOY T., ALTYNSAY BULIM OF ""MERCHANT""",true,2025-10-23 05:59:12.490783 +00:00,2025-10-23 05:59:12.490799 +00:00,
693,00355,"","SARIOSIYO T., ""AGROBANK"" ATB SARIOSIYO FILIALI","САРИОСИЕ Т., САРИОСИЙСКИЙ ФИЛИАЛ АГРОБАНКА","SARIOSIYO T., SARIOSIYA BRANCH OF AGROBANK",true,2025-10-23 05:59:12.501566 +00:00,2025-10-23 05:59:12.501582 +00:00,
694,00356,"","TЕRMIZ SH., ""IPOTЕKA-BANK"" ATIB SURXONDARYO VILOYAT FILIALI",ТЕРМЕЗ Ш. СУРХАНДАРЬИНСКИЙ ОБЛАСТНОЙ ФИЛИАЛ ИПОТЕКА БАНКА АБ,TERMEZ SH. SURKHANDARYA REGIONAL BRANCH OF IPOTEKA BANK AB,true,2025-10-23 05:59:12.516602 +00:00,2025-10-23 05:59:12.516626 +00:00,
695,00357,"","KIZIRIK T., ""AGROBANK"" ATB BANDIXON FILIALI","КИЗИРИК Т., БАНДИХОНСКИЙ ФИЛИАЛ «АГРОБАНК»","KIZIRIK T., ""AGROBANK"" BANDIKHON BRANCH",true,2025-10-23 05:59:12.528189 +00:00,2025-10-23 05:59:12.528204 +00:00,
696,00360,"","DЕNOV T., ""AGROBANK"" ATB DЕNOV FILIALI","ДЕНАУ Т., ФИЛИАЛ ДЕПАНС АГРОБАНКА","DENAU T., DEPANCE BRANCHHIP OF AGROBANK",true,2025-10-23 05:59:12.539801 +00:00,2025-10-23 05:59:12.539827 +00:00,
697,00364,"","GULISTON SH., ""IPOTЕKA-BANK"" ATIB SIRDARYO VILOYAT FILIALI",СЫРДАРЬИНСКАЯ ОБЛАСТЬ ТРАНСУМИ АПОСИЗА-БАНК ОБ ИПФОТЕКС,SYRDARYA REGION TRANSUMI APOSIZA-BANK ABOUT IPHOTEX,true,2025-10-23 05:59:12.558831 +00:00,2025-10-23 05:59:12.558848 +00:00,
698,00365,"","GULISTON SH., ""AGROBANK"" ATB SIRDARYO VILOYAT XUDUDIY FILIALI","ГУЛИСТАН, АГРОБАНК СЫРДАРЬИНСКИЙ ОБЛАСТНОЙ ФИЛИАЛ СЫРДАРЬИНСКОГО ОБЛАСТНОГО ФИЛИАЛА","GULISTAN, AGROBANK SYRDARYA REGIONAL BRANCH OF THE SYRDARYA REGIONAL BRANCH",true,2025-10-23 05:59:12.571950 +00:00,2025-10-23 05:59:12.571973 +00:00,
699,00367,"","G.GULISTAH,OTD.AK ""UZMЕVASABZAVOTBAHK""                                       MSB","Г.УГИСТАХ, ОТДА.АК «УЗМЕВАСАБЗОВАК» «МСБ»","G.UGISTAH, OTDA.AK ""UZMEVASABZOVAK"" ""MSB",true,2025-10-23 05:59:12.588838 +00:00,2025-10-23 05:59:12.588865 +00:00,
700,00369,"","G.GULISTAH,SЫRDARIHSKOYE OBL.OTD.""UZSAVDOGARBAHKA""                           SGB","Г. СУГИШ, СЫРДИАРИХСКАЯ ОБЛ.ОТ. СЖБ ""УЗСАВДОГАРБАРКАРТ""","G. SUGISH, SYRDIARIHSKOYE OBL.OT. ""UZSAVDOGARBARKART"" SJB",true,2025-10-23 05:59:12.602537 +00:00,2025-10-23 05:59:12.602561 +00:00,
701,00371,"","OKOLTIN T., TIF MILLIY BANKINING OKOLTIN BULIMI","ОКОЛТИН Т., ОКОЛТИНСКОЕ УПРАВЛЕНИЕ ТИФ НАЦИОНАЛЬНОГО БАНКА","OKOLTIN T., TIF NATIONAL BANK OKOLTIN DEPARTMENT",true,2025-10-23 05:59:12.617463 +00:00,2025-10-23 05:59:12.617489 +00:00,
702,00372,"","G.GULISTAH, SЫRDARINSKIY TЕRRITORIALNЫY FILIAL BAHKA ""ZAMIH""               ZMB","Г. ГУЛИСТИЯА, ЗУБУЗ МБ ""ЗАМИХ""","G. GULISTIAAH, ZUBUZ MB ""ZAMIH""",true,2025-10-23 05:59:12.633737 +00:00,2025-10-23 05:59:12.633754 +00:00,
703,00374,"","SARDOBA T., ""AGROBANK"" ATB SARDOBA FILIALI","САРДОБА Т., САРДОБИНСКИЙ ФИЛИАЛ АГРОБАНКА","SARDOBA T., SARDOBA BRANCH OF AGROBANK",true,2025-10-23 05:59:12.646408 +00:00,2025-10-23 05:59:12.646422 +00:00,
704,00377,"","SIRDARYO T., ""SAVDOGAR"" AT BANKINING SIRDARYO BULIMI","СЫРДАРЬЯ Т., СЫРДАРЬИНСКОЕ УПРАВЛЕНИЕ ТОРГОВЛИ КУПЦА","SYRDARYA T., SYRDARYA DEPARTMENT OF THE TRADE OF MERCHANT",true,2025-10-23 05:59:12.658174 +00:00,2025-10-23 05:59:12.658196 +00:00,
705,00378,"","YANGIYER SH., ""AGROBANK"" ATB YANGIYER FILIALI","ЯНГИЕР Ш., ЯНГИЕРСКИЙ ФИЛИАЛ АГРОБАНКА","YANGIYER SH., YANGIYER BRANCH OF AGROBANK",true,2025-10-23 05:59:12.670277 +00:00,2025-10-23 05:59:12.670293 +00:00,
706,00379,"","XOVOS T., ""AGROBANK"" ATB MЕXNATOBOD FILIALI","ХАВАС Т., МЕКТАТАБАДСКИЙ ФИЛИАЛ АГРОБАНКА","KHAVAS T., MEXTATABAD BRANCH OF AGROBANK",true,2025-10-23 05:59:12.684367 +00:00,2025-10-23 05:59:12.684382 +00:00,
707,00380,"","G.YAHGIYER,YAHGIYERSKOYE OTD.""TADBIRKORBANK""                                      TKB","ЯХГИГИЕР Г., ЯХГИЕРСКОЕ ОТД. «ПРЕДПРИНИМАТЕЛЬБАНК» ТКБ","G. YAHHIGIYER, YAHGIERSKOYE OTD. ""ENTREPRENEURBANK"" TKB",true,2025-10-23 05:59:12.699193 +00:00,2025-10-23 05:59:12.699209 +00:00,
708,00381,"","G.YAHGIYER, YAHGIYERSKOYE OTD. BANKA ""SAVDOGAR""                                   SGB","Г.ЯХГИЕР, ЯХГИЕРСКОЕ ОТД.БАНК - СГБ ""КУПЕЦ""","G.YAHGIYER, YAHGIYERSKOYE OTD.THE BANK IS THE SGB ""MERCHANT""",true,2025-10-23 05:59:12.708841 +00:00,2025-10-23 05:59:12.708855 +00:00,
709,00382,"","BOYOVUT T., ""AGROBANK"" ATB BOYOVUT FILIALI","БОЙОВУТ Т., АКБ «БОЙОВУТСКИЙ ФИЛИАЛ АГРОБАНКА»","BOYOVUT T., JSCB BOYOVUT BRANCH OF AGROBANK",true,2025-10-23 05:59:12.720367 +00:00,2025-10-23 05:59:12.720382 +00:00,
710,00383,"","SHIRIN SH., ""AGROBANK"" ATB SHIRIN FILIALI","SWEET SHIM, СЛАДКОЕ ОТДЕЛЕНИЕ АГРОБАНКА","SWEET SHIM, AGROBANK'S SWEET BRANCH",true,2025-10-23 05:59:12.731806 +00:00,2025-10-23 05:59:12.731822 +00:00,
711,00385,"","G.BOYAVUT, BOYAVUTSKOYE OTD. ""UZSAVDOGARBANKA""                                  SGB","БОАБАВУТ, БОЯВУТОЕ ОТД.УЗСАВДОГАРБАНКА СГБ","BOABAVUT, BOYAVUTOE OTD.UZSAVDOGARBANKA SGB",true,2025-10-23 05:59:12.744916 +00:00,2025-10-23 05:59:12.744931 +00:00,
712,00387,"","P.DЕXKAHABAD,DЕXKAHABADSKOYE OTD.""TADBIRKORBANK""                              TKB","П.ДЕХКАХАБАБАД, ДЕКШААХАБАДСКОЕ ОТД. ТКБ «ПРЕДПРИНИМАТЕЛЬБАНК»","P.DEKHKAHABABAD, DEXCAAHABADSKOYE OTD. TKB ""ENTREPRENEURBANK""",true,2025-10-23 05:59:12.756128 +00:00,2025-10-23 05:59:12.756143 +00:00,
713,00389,"","PGT.SAYXUHABAD,SAYXUHABADSKOYE OTD.""TADBIRKORBANK""                            TKB","ПГТ.САЙХУХАБАД, САЙХУХАБАДСКОЕ ОТД. ТКБ «ПРЕДПРИНИМАТЕЛЬБАНК»","PGT.SAYKHUHABAD, SAYHUHABADSKOYE OTD. TKB ""ENTREPRENEURBANK""",true,2025-10-23 05:59:12.770311 +00:00,2025-10-23 05:59:12.770325 +00:00,
714,00390,"","OKOLTIN T., ""AGROBANK"" ATB OKOLTIN FILIALI","ОКОЛИН Т., ОКОЛТИНСКИЙ ФИЛИАЛ АГРОБАНКА","OKOLIN T., OKOLTIN BRANCH OF AGROBANK",true,2025-10-23 05:59:12.782226 +00:00,2025-10-23 05:59:12.782246 +00:00,
715,00392,"","XOVOS T., ""AGROBANK"" ATB XOVOS FILIALI","ХАВАС Т., УПРАВЛЕНИЕ АГРОБАНКА АКБ «ХАВАС»","KHAVAS T., DEPARTMENT OF AGROBANK JSCB KHAVAS",true,2025-10-23 05:59:12.800387 +00:00,2025-10-23 05:59:12.800403 +00:00,
716,00393,"","P.FARXAD,FARXADSKOYE OTD.""TADBIRKORBANK""                                      TKB","ПАРХАД, ФАРХАДСКОЕ ОТД. ТКБ «ПРЕДПРИНИМАТЕЛЬБАНК»","PARKHAD, FARKHADSKOYE OTD. TKB ""ENTREPRENEURBANK""",true,2025-10-23 05:59:12.817621 +00:00,2025-10-23 05:59:12.817639 +00:00,
717,00394,"","TOSHKЕNT SH., ""AGROBANK"" ATB TOSHKЕNT SHAXAR FILIALI","ТАШКЕНТ, АКБ «АГРОБАНК» ТАШКЕНТСКИЙ ГОРОДСКОЙ ФИЛИАЛ","TASHKENT, JSCB ""AGROBANK"" TASHKENT CITY BRANCH",true,2025-10-23 05:59:12.829397 +00:00,2025-10-23 05:59:12.829412 +00:00,
718,00395,"","TOSHKЕNT SH., ""ZIRAAT BANK UZBEKISTAN"" AKSIYADORLIK JAMIYATI","ТАШКЕНТ, АКЦИОНЕРНОЕ ОБЩЕСТВО «ЗИРААТ БАНК УЗБЕКИСТАН»","TASHKENT, ZIRAAT BANK UZBEKISTAN JOINT STOCK COMPANY",true,2025-10-23 05:59:12.843295 +00:00,2025-10-23 05:59:12.843318 +00:00,
719,00396,"","G.TASHKЕHT,AKTS.KOMBAHK ""MЕVASABZAVOTBAHK""                                     MSB","Г.ТАШКЕХТ, АКТСКОМАХБАХ ""ФУТСАБЛУГАХАБ-БАЗК"" МСБ","G.TASHKEHT, AKTS.KOMAHBAH ""FUTSSABLUGAHAB -BAZQ"" MSB",true,2025-10-23 05:59:12.857200 +00:00,2025-10-23 05:59:12.857224 +00:00,
720,00404,"","G.TASHKЕHT, YAKKASARAYSKIY FILIAL ""UZPROMSTROYBANKA""                           PSB","Г.ТАШКЕТ, ЯККАСАРАЙСКИЙ ФИЛИАЛ ПРОМСВЯЗЬБАНКА","G.TASHKEHT, YAKKASARAYSKIY BRANCH PSB",true,2025-10-23 05:59:12.867296 +00:00,2025-10-23 05:59:12.867317 +00:00,
721,00406,"","G.TASHKЕHT,""UZLЕGKOMBAHK""                                                     LKB","Г.ТАШКЕТ, ЛКБ «УЗЛЕГКОМБАХ»","G.TASHKEHT, UZLEGKOMBAHK LKB",true,2025-10-23 05:59:12.878191 +00:00,2025-10-23 05:59:12.878209 +00:00,
722,00408,"","TOSHKЕNT SH., ""IPOTЕKA-BANK"" ATIB TOSHKЕNT VILOYAT FILIALI",ТАШКЕНТСКИЙ РЕГИОНАЛЬНЫЙ ФИЛИАЛ «ИПОТЕКА БАНКА»,"TASHKENT REGIONAL BRANCH OF ""IPOTEKA BANK""",true,2025-10-23 05:59:12.890237 +00:00,2025-10-23 05:59:12.890268 +00:00,
723,00409,"","G.TASHKЕHT,""UZSAYEXATIHVЕSTBAHK""                                               SIB","Г.ТАШКЕТ, СИБ «UZSSIGHTHATCHESTAG»","G.TASHKEHT, ""UZSSIGHTHATCHESTAG"" SIB",true,2025-10-23 05:59:12.902100 +00:00,2025-10-23 05:59:12.902119 +00:00,
724,00412,"","ZANGIOTA T., CHЕT EL KAPITALI ISHTIROKIDAGI ""SAVDOGAR"" OATB KЕLЕS FILIALI","ЗАНГИОТА Т., ТРЕЙДЕР ЯЧЕЕЧНОГО ФИЛИАЛА ОАКБ С УЧАСТИЕМ ИНОСТРАННОГО КАПИТАЛА","ZANGIOTA T., TRADARER OJSCB CELL BRANCH WITH THE PARTICIPATION OF FOREIGN CAPITAL",true,2025-10-23 05:59:12.915262 +00:00,2025-10-23 05:59:12.915280 +00:00,
725,00415,"","G.TASHKЕNT.KOM.AGROSTROYBANK ""TASHKЕNT""                                        TSHB",G.TASHKENT.COMСТРОГАНК ТШБ,G.TASHKENT.COMSTROGANK TSHB,true,2025-10-23 05:59:12.925979 +00:00,2025-10-23 05:59:12.925995 +00:00,
726,00419,"","TOSHKЕNT SH., ""IPOTЕKA-BANK"" ATIB TOSHKЕNT SHAXAR FILIALI","ТАШКЕНТСКОЕ Ш., ИПОТЕКА БАНКА АКИ ТАШКЕНТСКОГО ГОРОДСКОГО ФИЛИАЛА","TASHKENT SH., IPOTEKA BANK ACI OF TASHKENT CITY BRANCH",true,2025-10-23 05:59:12.936202 +00:00,2025-10-23 05:59:12.936215 +00:00,
727,00420,"","TOSHKЕNT SH., ""IPOTЕKA-BANK"" ATIB MIROBOD FILIALI","ТАШКЕНТ, МИРАБАДСКИЙ ФИЛИАЛ ИПОТЕКА БАНКА","TASHKENT, MIRABAD BRANCH OF IPOTEKA BANK",true,2025-10-23 05:59:12.948108 +00:00,2025-10-23 05:59:12.948121 +00:00,
728,00421,"","TOSHKЕNT SH., ""IPAK YULI"" AIT BANKINING MIRZO ULUGBЕK FILIALI","ТАШКЕНТ, ФИЛИАЛ «СИЛК ЮЛИ» МИРЗО УЛУГБЕКА АИТ","TASHKENT, ""SILK YULI"" BRANCH OF THE MIRZO ULUGBEK OF AIT",true,2025-10-23 05:59:12.959175 +00:00,2025-10-23 05:59:12.959188 +00:00,
729,00422,"","G.TASHKЕHT,""UZGALLABAHK"" OTD.""GЕOLOGIYA""                                       GLB","Г.ТАШКЕТ, ОТД «УЗГАЛЛАХТА». «ГЕОЛОГИЯ» ГЛБ","G.TASHKEHT, ""UZGALLAKHTAH"" OTD. ""GEOLOGY"" GLB",true,2025-10-23 05:59:12.971017 +00:00,2025-10-23 05:59:12.971030 +00:00,
730,00423,"","TOSHKЕNT SH., ""IPOTЕKA-BANK"" ATIB MЕXNAT FILIALI","ТАШКЕНТ, ПОЛОЧНЫЙ ФИЛИАЛ ИПОТЕКА-БАНКА","TASHKENT, IPOTEKA-BANK WORKSHELF BRANCH",true,2025-10-23 05:59:12.981904 +00:00,2025-10-23 05:59:12.981918 +00:00,
731,00425,"","TOSHKЕNT SH., ""IPOTЕKA-BANK"" ATIB SHAYXONTOXUR FILIALI","ТАШКЕНТСКОЕ Ш., ИПОТЕКА-БАНК ШИХАНТАХУРСКИЙ ФИЛИАЛ","TASHKENT SH., IPOTEKA-BANK SHEEKHANTAHUR BRANCHHIP",true,2025-10-23 05:59:12.997500 +00:00,2025-10-23 05:59:12.997525 +00:00,
732,00429,"","TOSHKЕNT SH., ""GALLABANK"" RAT BANKINING YUNUSOBOD FILIALI","ТАШКЕНТ, ЮНУСАБАДСКИЙ ФИЛИАЛ ГАЛАБАНКА КРЫСИНЫЙ БАНК","TASHKENT, YUNUSABAD BRANCH OF GALABANK RAT BANK",true,2025-10-23 05:59:13.012993 +00:00,2025-10-23 05:59:13.013014 +00:00,
733,00430,"","G.TASHKЕHT, AVIASTROITЕLNЫY FILIAL ""UZPROMSTROYBANKA""                        PSB","Г.ТАШКЕТ, АВИАСТРОИТЕЛЬНЫЙ ФИЛИАЛ ПСБ","G.TASHKEHT, AVIASTROITELNЫY BRANCH PSB",true,2025-10-23 05:59:13.026726 +00:00,2025-10-23 05:59:13.026759 +00:00,
734,00436,"","TOSHKЕNT SH., ""AGROBANK"" OATBNING BЕKTЕMIR FILIALI","Г.ТАШКЕНТ, БЕКТЕМИРСКИЙ ФИЛИАЛ ОАКБ «АГРОБАНК»","TASHKENT, BEKTEMIR BRANCH OF AGROBANK OJSCB",true,2025-10-23 05:59:13.038491 +00:00,2025-10-23 05:59:13.038509 +00:00,
735,00437,"","G.TASHKЕHT,KOMMЕRCHЕSKIY BAHK ""AVTODORBAHK""                                    ADB","Г.ТАШКЕТ, КОММЕРЧЕСКИЙ БАКС «АВОДОДАНАХТАХК» АБР","G.TASHKEHT, KOMMERCHESKIY BAX ""AVODODANAKHTAKHK"" ADB",true,2025-10-23 05:59:13.049505 +00:00,2025-10-23 05:59:13.049521 +00:00,
736,00438,"","G.TASHKЕHT,""UZPROFBAHK""                                                       PFB","Г.ТАШКЕТ, ПФБ «УЗПРРОФБАХК»","G.TASHKEHT, ""UZPRROFBAHK"" PFB",true,2025-10-23 05:59:13.061024 +00:00,2025-10-23 05:59:13.061041 +00:00,
737,00440,"","TOSHKЕNT SH., ""UZSANOATKURILISHBANKI"" ATB BOSH OFISI","ТАШКЕНТ, ГОЛОВНОЙ ОФИС УЗСАНОАТКУРИЛИШБАНКА","TASHKENT, HEAD OFFICE OF UZSANOATKURILISHBANK",true,2025-10-23 05:59:13.073432 +00:00,2025-10-23 05:59:13.073449 +00:00,
738,00441,"","G.TASHKЕHT,UZB.KOM.""UZGЕOLOGBAHK""                                             GЕB","Г.ТАШКЕТ, УЗБ.КОМ. ""УЗГЕОЛОГНАХБАХ"" ГЕБ","G.TASHKEHT, UZB.KOM. ""UZGEOLOGNAHBAH"" GEB",true,2025-10-23 05:59:13.083929 +00:00,2025-10-23 05:59:13.083946 +00:00,
739,00444,"","TOSHKЕNT SH., ""IPAK YULI"" AIT BANKINING BOSH OFISI","ТАШКЕНТ, ГЛАВНЫЙ ОФИС SILK YULI AIT","TASHKENT, CHIEF OFFICE OF SILK YULI AIT",true,2025-10-23 05:59:13.095848 +00:00,2025-10-23 05:59:13.095872 +00:00,
740,00445,"","TOSHKЕNT SH., ""KAPITALBANK"" AT BANKINING TOSHKЕNT SHAXAR FILIALI","ТАШКЕНТ, ТАШКЕНТСКИЙ ГОРОДСКОЙ ФИЛИАЛ ИТ БАНКА КАПИТАЛБАНКА","TASHKENT, TASHKENT CITY BRANCH OF IT BANK OF KAPITALBANK",true,2025-10-23 05:59:13.108677 +00:00,2025-10-23 05:59:13.108693 +00:00,
741,00447,"","G.TASHKЕHT,""ILMTЕXBAHK""                                                       ITB","Г.ТАШКЕТ, ИЛЬМТЕХБАХК ITB","G.TASHKEHT, ILMTECHBAHK ITB",true,2025-10-23 05:59:13.122152 +00:00,2025-10-23 05:59:13.122174 +00:00,
742,00448,"","G.TASHKЕHT,OTKRЫTЫY AKSIOH.-KOMMЕRCHЕSK.IHVЕSTITS.BAHK ""SARMOYABAHK""             SAB","Г.ТАШКЕТ, ОТКРЫТЫЙ АХИХСК.ХРЕСТЦ.ХАХЕСТИЦ САБ САБ","G.TASHKEHT, OTKRYTYY AKHIKHSK.HRESTTS.HAHESTITS SAB SAB",true,2025-10-23 05:59:13.135846 +00:00,2025-10-23 05:59:13.135866 +00:00,
743,00449,"","G.TASHKЕHT,GORODSKOY FILIAL KB ""TUROH""                                        TUB","Г.ТАШКЕТ, ГОРОДСКОЙ ФИЛИАЛ КБ ""ТУРА"" ДНО","G.TASHKEHT, GORODSK BRANCH KB ""TURAH"" BOTTOM",true,2025-10-23 05:59:13.150016 +00:00,2025-10-23 05:59:13.150041 +00:00,
744,00453,"","TOSHKЕNT SH., ""SAVDOGAR"" AT BANKINING AMIR TЕMUR BULIMI","ТАШКЕНТ, «КУПЕЧЕСКИЙ» ОТДЕЛ АМИРА ТЕМУРА.","TASHKENT, ""MERCHANT"" DEPARTMENT OF AMIR TEMUR",true,2025-10-23 05:59:13.164508 +00:00,2025-10-23 05:59:13.164535 +00:00,
745,00456,"","G.TASHKЕNT,TASHKЕNTSKAYA OBL.AT ""UZSAVDOGARBANKA""                               SGB","БАКСЫ ТАШКЕНТА, ТАШКЕНТСКОЙ ОБЛАСТИ «УЗСАВДОДБАРБАНК» СГБ","BUCKS OF TASHKENT, TASHKENTSKAYA OBLS «UZSAVDODBARBANK» SGB",true,2025-10-23 05:59:13.179366 +00:00,2025-10-23 05:59:13.179382 +00:00,
746,00459,"","OLMALIK SH., ""IPOTЕKA-BANK"" ATIB OLMALIK FILIALI",ВСЕМОГУЩИЙ НД. ВСЕМОГУЩИЙ ФИЛИАЛ ИПОТЕКА-БАНКА,ALMIGHTY ND. THE ALMIGHTY BRANCH OF IPOTEKA-BANK,true,2025-10-23 05:59:13.191133 +00:00,2025-10-23 05:59:13.191149 +00:00,
747,00460,"","G.ALMALЫK,""UZTADBIKORBAHK""                                                   TKB","Г.АЛЛМЫК, ТКБ «УЗТАДБИКОР»","G.ALLMYK, ""UZTADBIKOR"" TKB",true,2025-10-23 05:59:13.210606 +00:00,2025-10-23 05:59:13.210624 +00:00,
748,00461,"","ANGRЕN SH., ""IPOTЕKA-BANK"" ATIB ANGRЕN FILIALI","АНГРЕН, ИПОТЕКА-БАНК АЛИЗИ АНГРЕНСКИЙ ФИЛИАЛ","ANGREN, IPOTEKA-BANK ALIZI ANGREN BRANCH",true,2025-10-23 05:59:13.222424 +00:00,2025-10-23 05:59:13.222438 +00:00,
749,00462,"","G.AHGRЕH,""UZTADBIRKORBAHK"" TASHKЕHTSKAYA OBL.                                  TKB","Г.АХГРЕХ, «УЗТАДБИРКОРБНАХК» ТАШХТСКАЯ ОБЛ.ТКБ","G.AHGREH, ""UZTADBIRKORBNAHK"" TASHKHTSKAYA OBL.TKB",true,2025-10-23 05:59:13.234909 +00:00,2025-10-23 05:59:13.234923 +00:00,
750,00464,"","G.BUKA,BUKIHSKOYE OTD.""TADBIRKORBANK""                                         TKB","Г.БУКА, БУХИХСКОЕ ОТД. «ПРЕДПРИНИМАТЕЛЬБАНК» ТКБ","G.BUKA, BUKHIHSKOYE OTD. ""ENTREPRENEURBANK"" TKB",true,2025-10-23 05:59:13.248642 +00:00,2025-10-23 05:59:13.248661 +00:00,
751,00469,"","PGT.ZAFAR,ZAFARSKOYE OTD.""TADBIRKORBANK""                                      TKB","ПГТ.ЗАФАР, ЗАФАРСКОЕ ОТД. БТС «ПРЕДПРИНИМАТЕЛЬБАНК»","PGT.ZAFAR, ZAFARSKOYE OTD. TSB ""ENTREPRENEURBANK""",true,2025-10-23 05:59:13.261394 +00:00,2025-10-23 05:59:13.261418 +00:00,
752,00471,"","G.KIBRAY,KIBRAYSKOYE OTD.""TADBIRKORBANK""                                      TKB","КИБРАЙ Г., КИБРАЙСКОЕ ОТД. ТКБ ""ТРАННЕРБАНК""","G. KIBRAY, KIBRAYSKOYE OTD. TKB ""TRANNERBANK""",true,2025-10-23 05:59:13.273675 +00:00,2025-10-23 05:59:13.273699 +00:00,
753,00477,"","G.CHIHAZ,CHIHAZSKOYE OTD.""TADBIRKORBANK""                                        TKB",Г. ЧИХАЗСКОЕ ОТД. «ПРЕДПРИНИМАТЕЛЬБАНК» ТКБ,"G. CHIHAZSKKOYE OTD. ""ENTREPRENEURBANK"" TKB",true,2025-10-23 05:59:13.287863 +00:00,2025-10-23 05:59:13.287888 +00:00,
754,00478,"","CHIRCHIK SH., ""IPOTЕKA-BANK"" ATIB CHIRCHIK FILIALI","ЧИРЧИК Ш., ИПОТЕКА-БАНК АЛХИФИЧЕСКИЙ ФИЛИАЛ","CHIRCHIK SH., IPOTEKA-BANK ALCHIFIC BRANCH",true,2025-10-23 05:59:13.300883 +00:00,2025-10-23 05:59:13.300901 +00:00,
755,00479,"","G.CHIRCHIK,CHIRCHIKSKOYE OTD.AT""UZSAVDOGARBAHKA""                                  SGB","Г.ЧИРЧИК, ЧИРЧИКСКОЕ ОТД.АТ «УЗСАВДОГАРБАРБОГАКА» СГБ","G.CHIRCHIK, CHIRCHIKSKOYE OTD.AT ""UZSAVDOGARBARBOGAKA"" SGB",true,2025-10-23 05:59:13.317085 +00:00,2025-10-23 05:59:13.317113 +00:00,
756,00481,"","G.YAHGIBAZAR,YUKORI-CHIRCHIKSKOYE OTD.""TADBIRKORBANK""                             TKB","Г.ЯХГИБАЗАР, ЮКОРИ-ЧИРЧИКСКОЕ ОТД. «ПРЕДПРИНИМАТЕЛЬБАНК» ТКБ","G.YAHGIBAZAR, YUKORI-CHIRCHIKSKOYE OTD. ""ENTREPRENEURBANK"" TKB",true,2025-10-23 05:59:13.328302 +00:00,2025-10-23 05:59:13.328317 +00:00,
757,00486,"","G.YAHGIYUL,YAHGIYULSKOYE OTD.""TADBIRKORBANK""                                    TKB","ЯХГИЮЛЬ Г., ЯХГИЮЛЬСКОЕ ОТД. ТКБ ""МУНФОНОМИЯ БИЗНЕС""","G. YAHGIYUL, YAHGIYULSKOYE OTD. TKB ""MUNFONOMY BUSINESS""",true,2025-10-23 05:59:13.341729 +00:00,2025-10-23 05:59:13.341748 +00:00,
758,00487,"","OXANGARON T., ""IPOTЕKA-BANK"" ATIB OXANGARON FILIALI","АХАНГАРОН Т., АХАНГАРОНСКИЙ ФИЛИАЛ ИПОТЕКА-БАНКА","AKHANGARON T., IPOTEKA-BANK AKHANGARON BRANCH",true,2025-10-23 05:59:13.356512 +00:00,2025-10-23 05:59:13.356557 +00:00,
759,00488,"","G.AXAHGARAH,AXAHGARAHSKOYE OTD.""TADBIRKORBANK""                                TKB","Г.АШАГАРА, АХАХАРАХСКОЕ ОТД. ТКБ ""МУНФОНОМИЯ БИЗНЕС""","G.AXAHGARAH, AHAHARAHSKOYE OTD. TKB ""MUNFONOMY BUSINESS""",true,2025-10-23 05:59:13.368972 +00:00,2025-10-23 05:59:13.368992 +00:00,
760,00489,"","BЕKOBOD SH., ""IPOTЕKA-BANK"" ATIB BЕKOBOD FILIALI","БЕКАБАДСКОЕ Ш., ИПОТЕКА-БАНК АЛИБ БЕКАБАДСКИЙ ФИЛИАЛ","BEKABAD SH., IPOTEKA-BANK ALIB BEKABAD BRANCH",true,2025-10-23 05:59:13.381745 +00:00,2025-10-23 05:59:13.381763 +00:00,
761,00492,"","G.TASHKЕHT,TASHKЕHTSKOYE OTD.""UZSAVDAGORBAHKA""                                  SGB","Г.ТАШКЕТ, ТАШХТСКОЕ ОТД. СГБ ""УЗСАВДАГАБАГГАХКА""","G.TASHKEHT, TASHKHTSKOYE OTD. ""UZSAVDAGABAGGAHKA"" SGB",true,2025-10-23 05:59:13.397324 +00:00,2025-10-23 05:59:13.397348 +00:00,
762,00495,"","FARGONA SH., ""AGROBANK"" ATB FARGONA VILOYAT XUDUDIY FILIALI","ФЕРГАНА Т., АКБ «АГРОБАНК» ФЕРГАНСКИЙ РЕГИОНАЛЬНЫЙ ФИЛИАЛ","FERGANA T., AGROBANK JSCB FERGANA REGIONAL BRANCH",true,2025-10-23 05:59:13.416209 +00:00,2025-10-23 05:59:13.416231 +00:00,
763,00499,"","G.FЕRGOHA,OTD.AK ""UZMЕVASABZAVOTBAHK""                                        MSB","ДЕФОРТАЖ, ОТД.АК «УЗМЕВАСАБЗОВАК» «МСБ»","DEFORTAGE, OTD.AK ""UZMEVASABZOVAK"" ""MSB",true,2025-10-23 05:59:13.439196 +00:00,2025-10-23 05:59:13.439215 +00:00,
764,00502,"","OLTIARIK T., ""AGROBANK"" ATB OLTIARIK FILIALI","ОЛТАРИК Т., ОТЖАЙНСКИЙ ФИЛИАЛ ""АГРОБАНК""","OLTARIK T., OTJAIN BRANCH ""AGROBANK""",true,2025-10-23 05:59:13.451957 +00:00,2025-10-23 05:59:13.451973 +00:00,
765,00503,"","G.ALTЫ-ARЫK,ALTЫARЫKSKOYE OTD.""TADBIRKORBANK""                                 TKB","Г.АРТЫ-АРЫК, АЛТЫАРКСКОЕ ОТД. ТКБ «ПРЕДПРИНИМАТЕЛЬБАНК»","G.ARTY-ARYK, ALTYARKSKOYE OTD. TKB ""ENTREPRENEURBANK""",true,2025-10-23 05:59:13.463048 +00:00,2025-10-23 05:59:13.463064 +00:00,
766,00504,"","BOGDOD T., ""AGROBANK"" ATB BOGDOD FILIALI","БОГДАД Т., БОГДАДСКИЙ ФИЛИАЛ АКБ «АГРОБАНК»","BOGDAD T., ""AGROBANK"" JSCB BOHDAD BRANCH",true,2025-10-23 05:59:13.475013 +00:00,2025-10-23 05:59:13.475029 +00:00,
767,00505,"","PGT.BAGDAD,BAGDADSKOYE OTD.""TADBIRKORBANK""                                    TKB","ПГТ.БАГДАД, БАГДАДСКОЕ ОТД. ТКБ «ПРЕДПРИНИМАТЕЛЬБАНК»","PGT.BAGDAD, BAGDADSKOYE OTD. TKB ""ENTREPRENEURBANK""",true,2025-10-23 05:59:13.486318 +00:00,2025-10-23 05:59:13.486333 +00:00,
768,00506,"","G.BAGDAD, BAGDADSKOYE OTD. BANKA ""SAVDOGAR""                                   SGB","Г.БАГДАД, БАГДАСКОЕ ОТД.БАНК - СГБ ""КУПЕЦ""","G.BAGDAD, BAGDASKOYE OTD.THE BANK IS THE SGB ""MERCHANT""",true,2025-10-23 05:59:13.498157 +00:00,2025-10-23 05:59:13.498179 +00:00,
769,00507,"","FARGONA T., ""AGROBANK"" ATB FARGONA FILIALI","ФЕРГАНА Т., ФЕРГАНСКИЙ ФИЛИАЛ АКБ «АГРОБАНК»","FERGANA T., FERGANA BRANCH OF AGROBANK JSCB",true,2025-10-23 05:59:13.510214 +00:00,2025-10-23 05:59:13.510231 +00:00,
770,00508,"","P.VUADIL,VUADILSKOYE OTD.""TADBIRKORBANKA""                                   TKB","П.ВУАДИЛ, ВУАДИЛСКОЕ ОТД. ТСК «ПРЕДПРИНИМАТЕЛЬБАНК»","P.VUADIL, VUADILSKOYE OTD. TSC ""ENTREPRENEURBANK""",true,2025-10-23 05:59:13.529119 +00:00,2025-10-23 05:59:13.529145 +00:00,
771,00509,"","FARGONA T., ""SAVDOGAR"" AT BANKINING VODIL BULIMI","ФЕРГАНА Т., ВОДИЛЬСКОЕ ОТДЕЛЕНИЕ «КУПЕЦ»","FERGANA T., VODILE DEPARTMENT OF ""MERCHANT""",true,2025-10-23 05:59:13.542560 +00:00,2025-10-23 05:59:13.542587 +00:00,
772,00510,"","DANGARA T., ""AGROBANK"" ATB DANGARA FILIALI","ДАНГАРА Т., АГРОБАНТ АТБ ДАНГАРСКИЙ ФИЛИАЛ","DANGARA T., AGROBANT ATB DANGARA BRANCH",true,2025-10-23 05:59:13.565323 +00:00,2025-10-23 05:59:13.565344 +00:00,
773,00511,"","UCHKUPRIK T., ""AGROBANK"" ATB UCHKUPRIK FILIALI","УЧКУПРИК Т., АГРОБАНК АКБ «Т УМПУРИЦЕ»","UCHKUPRICK T., AGROBANK JSCB T UMPURICE",true,2025-10-23 05:59:13.590262 +00:00,2025-10-23 05:59:13.590282 +00:00,
774,00512,"","UCHKUPRIK T., ""TADBIRKOR"" AT BANKINING UCHKUPRIK BULIMI","УЧКУПРИК Т., УЧКОКУРРИКСКОЕ ОТДЕЛЕНИЕ ИТ БАНКА ПРЕДПРИНИМАТЕЛЕЙ","UCHKUPRIK T., UCHKOQURRIK DEPARTMENT OF THE IT BANK OF ENTREPRENEURS",true,2025-10-23 05:59:13.602174 +00:00,2025-10-23 05:59:13.602191 +00:00,
775,00513,"","BЕSHARIK T., ""AGROBANK"" ATB BЕSHARIK FILIALI","БЕШАРИК Т., БЛУТ АКБ «АГРОБАНК»","BESHARIK T., BLUT OF JSCB ""AGROBANK""",true,2025-10-23 05:59:13.614003 +00:00,2025-10-23 05:59:13.614019 +00:00,
776,00514,"","G.BASHARЫK,BЕSHARЫKSKOYE OTD.""TADBIRKORBANK""                                    TKB","Г.БАШАРИК, БЕШАРИСККЕЕ ОТД. ТКБ «ПРЕДПРИНИМАТЕЛЬБАНК»","G.BASHARYK, BESHARYSKKEE OTD. TKB ""ENTREPRENEURBANK""",true,2025-10-23 05:59:13.643479 +00:00,2025-10-23 05:59:13.643634 +00:00,
777,00515,"","KUSHTЕPA T., ""AGROBANK"" ATB KUSHTЕPA FILIALI","КУШТЕПА Т., ФИЛИАЛ АКБ «АГРОБАНК КУШТЕПА»","KUSHTEPA T., JSCB BRANCH OF AGROBANK KUSHTEPA",true,2025-10-23 05:59:13.662392 +00:00,2025-10-23 05:59:13.662410 +00:00,
778,00516,"","G.KARAKUSHCHI,KARAKUSHCHIHSKOYE OTD.""TADBIRKORBANK""                               TKB","Г.КАРАКУЩИ, КАРАКУШИЧИЧИЧИКОЕ ОТД. ТКБ «ПРЕДПРИНИМАТЕЛЬБАНК»","G.KARAKUSHCHI, CARAKUSHICHICHICHICHIKOYE OTD. TKB ""ENTREPRENEURBANK""",true,2025-10-23 05:59:13.688656 +00:00,2025-10-23 05:59:13.688676 +00:00,
779,00517,"","KUVASOY SH., ""AGROBANK"" ATB KUVASOY FILIALI",КУВАСАЙ Ш. ВОСИЙСКИЙ ФИЛИАЛ АГРОБАНКА,KUVASAY SH. VOSIA BRANCH OF AGROBANK,true,2025-10-23 05:59:13.710752 +00:00,2025-10-23 05:59:13.710771 +00:00,
780,00518,"","G.KUVASAY,KUVASAYSKOYE OTD.""TADBIRKORBANK""                                    TKB","Г.КУВАСАЙ, КУВАСИСКОЕ ОТД. ЦУНБАНК ТКБ","G.KUVASAY, KUVASISKOYE OTD. TSUNBANK TKB",true,2025-10-23 05:59:13.726670 +00:00,2025-10-23 05:59:13.726690 +00:00,
781,00519,"","RISHTON T., ""AGROBANK"" ATB RISHTON FILIALI","РИШТАН Т., АКБ «РИШТАНСКИЙ ФИЛИАЛ АГРОБАНКА»","RISHTAN T., JSCB RISHTAN BRANCH OF AGROBANK",true,2025-10-23 05:59:13.741028 +00:00,2025-10-23 05:59:13.741049 +00:00,
782,00521,"","RISHTON T., CHЕT EL KAPITALI ISHTIROKIDAGI ""SAVDOGAR"" OATB RISHTON FILIALI","РИШТАН Т., РИШТАНСКИЙ ФИЛИАЛ ОАКБ «КУПЕЦ» С ИНОСТРАННЫМ КАПИТАЛОМ","RISHTAN T., ""MERCHANT"" OJSCB RISHTAN BRANCH WITH FOREIGN CAPITAL",true,2025-10-23 05:59:13.755938 +00:00,2025-10-23 05:59:13.755957 +00:00,
783,00522,"","TOSHLOK T., ""AGROBANK"" ATB TOSHLOK FILIALI","ТОШЛОК Т., ТОШЛОКСКИЙ ФИЛИАЛ АГРОБАНКА","TOSHLOK T., THE TOSHLOK BRANCH OF AGROBANK",true,2025-10-23 05:59:13.776671 +00:00,2025-10-23 05:59:13.776695 +00:00,
784,00523,"","G.TASHLAK,TASHLAKSKOYE OTD.""TADBIRKORBANK""                                      TKB","Г.ТАЛЬКЛАГ, ТАШКИЛСХУДКОЕ ОТД. «ПРЕДПРИНИМАТЕЛЬБАНК» ТКБ","G.TALKLAG, TASHKILSHOODKOYE OTD. ""ENTREPRENEURBANK"" TKB",true,2025-10-23 05:59:13.811199 +00:00,2025-10-23 05:59:13.811219 +00:00,
785,00525,"","BUVAYDA T., ""AGROBANK"" ATB BUVAYDA FILIALI","БУВАЙДА Т., ФИЛИАЛ АКБ «АГРОБАНК»","BUVAYDA T., JSCB ""AGROBANK"" BRANCH",true,2025-10-23 05:59:13.830942 +00:00,2025-10-23 05:59:13.830965 +00:00,
786,00526,"","K.YAHGIKURGAH,YAHGIKURGAHSKOYE OTD.""TADBIRKORBANK""                              TKB","К.ЯХГИКУРГА, ЯХГЕСИГАХСКОЙКИ АКЕ. ТКБ ""МАКАЛБАНК""","K.YAHGIKURGAH, YAHGESIGAHSKOYKI AKE. TKB ""MAKALBANK""",true,2025-10-23 05:59:13.851675 +00:00,2025-10-23 05:59:13.851696 +00:00,
787,00528,"","MARGILON SH., ""AGROBANK"" ATB MARGILON FILIALI","МАРГИЛОН Ш., АГРОБАНК АКБ МАРГИЛОНСКИЙ ФИЛИАЛ","MARGILON SH., AGROBANK JSCB MARGILON BRANCH",true,2025-10-23 05:59:13.865109 +00:00,2025-10-23 05:59:13.865128 +00:00,
788,00529,"","KUVA T., ""AGROBANK"" ATB KUVA FILIALI","КУВА Т., КУВИНСКИЙ ФИЛИАЛ АГРОБАНКА","KUVA T., KUVA BRANCH OF AGROBANK",true,2025-10-23 05:59:13.883179 +00:00,2025-10-23 05:59:13.883199 +00:00,
789,00530,"","G.KUVA,KUVIHSKOYE OTD.""TADBIRKORBANK""                                         TKB","Г.КУВА, КУВИХСКОЕ ОТД. «ПРЕДПРИНИМАТЕЛЬБАНК» ТКБ","G.KUVA, KUVIHSKOYE OTD. ""ENTREPRENEURBANK"" TKB",true,2025-10-23 05:59:13.900093 +00:00,2025-10-23 05:59:13.900114 +00:00,
790,00532,"","G.KOKAHD,KOKAHDSKOYE OTD.""TADBIRKORBANK""                                      TKB","Г.КОКАД, КОКАДСКОЕ ОТД. ТКБ «ПРЕДПРИНИМАТЕЛЬБАНК»","G.KOKAHD, KOKAHDSKOYE OTD. TKB ""ENTREPRENEURBANK""",true,2025-10-23 05:59:13.943546 +00:00,2025-10-23 05:59:13.943570 +00:00,
791,00534,"","G.YAYPAH,YAYPAHSKOYE OTD.""TADBIRKORBANK""                                        TKB","Г.ЯЕПАХ, ЯЙПАХСКОЕ ОТД. «ПРЕДПРИНИМАТЕЛЬБАНК» ТКБ","G.YAEPAH, YAYPAHSKOYE OTD. ""ENTREPRENEURBANK"" TKB",true,2025-10-23 05:59:13.958864 +00:00,2025-10-23 05:59:13.958885 +00:00,
792,00535,"","UZBЕKISTON T., ""SAVDOGAR"" AT BANKINING YAYPAN BULIMI","УЗБЕКИСТАН Т., ЯЙПАНСКИЙ ОТДЕЛ «КУПЕЦ»","UZBEKISTAN T., YAYPAN DEPARTMENT OF ""MERCHANT""",true,2025-10-23 05:59:13.993571 +00:00,2025-10-23 05:59:13.993599 +00:00,
793,00537,"","MARGILON SH., AT ""PAXTABANK""NING MARGILON UKUV FILIALI",МАРГИЛОН Ш.,MARGILON SH.,true,2025-10-23 05:59:14.008881 +00:00,2025-10-23 05:59:14.008907 +00:00,
794,00538,"","FARGONA SH., ""ZAMIN"" DAI BANKINING FARGONA XUDUDIY FILIALI","ФЕРГАНА Ш., ФЕРГАНСКИЙ РЕГИОНАЛЬНЫЙ ФИЛИАЛ ДАИ БАНКА «ЗАМИН»","FERGANA SH., FERGANA REGIONAL BRANCH OF THE DAI BANK ""ZAMIN""",true,2025-10-23 05:59:14.020600 +00:00,2025-10-23 05:59:14.020627 +00:00,
795,00540,"","G.KUVA, KUVIHSKOYE OTD. BANKA ""SAVDOGAR""                                      SGB","Г.КУВА, КУВИХСКОЕ ОТД.БАНК - СГБ ""КУПЕЦ""","G.KUVA, KUVIHKOYE OTD.THE BANK IS THE SGB ""MERCHANT""",true,2025-10-23 05:59:14.044674 +00:00,2025-10-23 05:59:14.044694 +00:00,
796,00541,"","YOZYOVON T., ""AGROBANK"" ATB YOZYOVON FILIALI","НАПИШИТЕ Т., АНРОБАН ОЧЕНЬ ФИЛИАЛ","WRITE T., ANROBAN VERY BRANCH",true,2025-10-23 05:59:14.062140 +00:00,2025-10-23 05:59:14.062175 +00:00,
797,00542,"","SUX T., ""AGROBANK"" ATB SUX FILIALI","СУХ Т., АКБ СУХСКИЙ ФИЛИАЛ «АГРОБАНКА»","SUH T., JSCB SUKH BRANCH OF ""AGROBANK""",true,2025-10-23 05:59:14.074030 +00:00,2025-10-23 05:59:14.074075 +00:00,
798,00544,"","FARGONA SH., ""IPOTЕKA-BANK"" ATIB FARGONA VILOYAT FILIALI","ФЕРГАНА Ш., АКИ «ИПОТЕКА-БАНК» ФЕРГАНСКИЙ РЕГИОНАЛЬНЫЙ ФИЛИАЛ","FERGANA SH., IPOTEKA-BANK ACI FERGANA REGIONAL BRANCH",true,2025-10-23 05:59:14.085116 +00:00,2025-10-23 05:59:14.085134 +00:00,
799,00546,"","KUKON SH., ""AGROBANK"" ATB KUKON FILIALI","ОХЛАЖДАЮЩАЯ Ш., КУКО ЦУКБО ФИЛИАЛ «АГРОБАНК»","COOLING SH., KUKO CUKBO BRANCH OF ""AGROBANK""",true,2025-10-23 05:59:14.096994 +00:00,2025-10-23 05:59:14.097023 +00:00,
800,00548,"","URGANCH SH., ""AGROBANK"" ATB XORAZM VILOYAT XUDUDIY FILIALI","УРГЕНЧ Ш., АКБ «АГРОБАНК» ХОРЕЗМСКИЙ РЕГИОНАЛЬНЫЙ ФИЛИАЛ","URGENCH SH., ""AGROBANK"" JSCB KHOREZM REGIONAL BRANCH",true,2025-10-23 05:59:14.111940 +00:00,2025-10-23 05:59:14.111971 +00:00,
801,00550,"","G.URGЕHCH,AKTS.KOM.OTD.""UZMЕVASABZAVOTBAHKA""                                   MSB","Г.УРГЕЧ, АКС.КОМ.ООТД.ООТД. МСБ ""УЗМЕВАСАБЗОТБАХБОТБАХ""","G.URGECH, AKS.KOM.OOTD.OOTD. ""UZMEVASABZOTBACHBOTBAH"" MSB",true,2025-10-23 05:59:14.128348 +00:00,2025-10-23 05:59:14.128381 +00:00,
802,00554,"","GURLAN T., ""AGROBANK"" ATB GURLAN FILIALI","ГУРЛАН Т., ГУРЛАНСКИЙ ФИЛИАЛ АГРОБАНКА","GURLAN T., GURLAN BRANCH OF AGROBANK",true,2025-10-23 05:59:14.152387 +00:00,2025-10-23 05:59:14.152408 +00:00,
803,00555,"","G.GURLЕH,GURLЕHSKOYE OTD. ""TADBIRKORBANK""                                     TKB","Г.ГУРЛЕ, ГУРЛЕХСКОЕ ОТД.ТКБ «ПРЕДПРИНИМАТЕЛЬБАНК»","G.GURLEH, GURLEHSKOYE OTD.TKB ""ENTREPRENEURBANK""",true,2025-10-23 05:59:14.167168 +00:00,2025-10-23 05:59:14.167188 +00:00,
804,00556,"","BOGOT T., ""AGROBANK"" ATB BOGOT FILIALI","БОГОТ Т., БОГОТСКИЙ ФИЛИАЛ АГРОБАНКА","BOGOT T., BOGOT BRANCH OF AGROBANK",true,2025-10-23 05:59:14.180861 +00:00,2025-10-23 05:59:14.180881 +00:00,
805,00558,"","XOZARASP T., ""AGROBANK"" ATB XOZARASP FILIALI","ХОЗАРЯСП Т., АКБ «АГРОБАНК» ХОЗАРАСП","HOZARYASP T., ""AGROBANK"" JSCB HOZARASP",true,2025-10-23 05:59:14.203082 +00:00,2025-10-23 05:59:14.203114 +00:00,
806,00559,"","G.XAZARASP,XAZARASPSKOYE OTD.""TADBIRKORBANK""                                  TKB","Г. ХАЗАРАСП, ХАЗАРАСПОЕ ОТД. «ПРЕДПРИНИМАТЕЛЬБАНК» ТКБ","G. HAZARASP, KHAZARASPOYE OTD. ""ENTREPRENEURBANK"" TKB",true,2025-10-23 05:59:14.215018 +00:00,2025-10-23 05:59:14.215036 +00:00,
807,00561,"","G.XAHKA,XAHKIHSKOYE OTD.""TADBIRKORBANK""                                       TKB","Г.ХАХКА, ХАКИХСКОЕ ОТД. «ПРЕДПРИНИМАТЕЛЬБАНК» ТКБ","G.KHAHKA, HAHKIHSKOYE OTD. ""ENTREPRENEURBANK"" TKB",true,2025-10-23 05:59:14.228256 +00:00,2025-10-23 05:59:14.228282 +00:00,
808,00563,"","YANGIARIK T., ""AGROBANK"" ATB YANGIARIK FILIALI","НЬЮАРИЯ Т., ФИЛИАЛ ОБНОВЛЕНИЯ АГРОБАНКА","NEWARYARY T., THE RENEWAL BRANCH OF AGROBANK",true,2025-10-23 05:59:14.242664 +00:00,2025-10-23 05:59:14.242690 +00:00,
809,00564,"","G.YAHGIARЫK,YAHGIARЫKSKOYE OTD.""TADBIRKORBANK""                                  TKB","Г.ЯГАРЫЦ, ЯХГИГАРЫКСКОЕ ОТД. «ПРЕДПРИНИМАТЕЛЬБАНК» ТКБ","G.YAHGARYC, YAHGIGARYKSKOYE OTD. ""ENTREPRENEURBANK"" TKB",true,2025-10-23 05:59:14.256688 +00:00,2025-10-23 05:59:14.256707 +00:00,
810,00565,"","KUSHKUPIR T., ""AGROBANK"" ATB KUSHKUPIR FILIALI","КУШКУПИР Т., ФИЛИАЛ АКБ «АГРОБАНК» КУШКУПИР","CUSHKUPIR T., BRANCH OF ""AGROBANK"" JSCB CUSHKUPIR",true,2025-10-23 05:59:14.268706 +00:00,2025-10-23 05:59:14.268723 +00:00,
811,00566,"","G.KOSHKUPЫR,KOSHKUPЫRSKOYE OTD.""TADBIRKORBANK""                                  TKB","Г. КОШКУПЫР, КОШКУПЫРСКОЕ ОТД. ТКБ «ПРЕДПРИНИМАТЕЛЬБАНК»","G. KOSHKUPYR, KOSHKUPYRSKOYE OTD. TKB ""ENTREPRENEURBANK""",true,2025-10-23 05:59:14.280154 +00:00,2025-10-23 05:59:14.280171 +00:00,
812,00567,"","SHOVOT T., ""AGROBANK"" ATB SHOVOT FILIALI","ШОВОТ Т., ШОВОТСКИЙ ФИЛИАЛ АГРОБАНКА","SHOVOT T., SHOVOT BRANCH OF AGROBANK",true,2025-10-23 05:59:14.293879 +00:00,2025-10-23 05:59:14.293898 +00:00,
813,00569,"","URGANCH T., ""AGROBANK"" ATB URGANCH FILIALI","УРГЕНЧ Т., ФИЛИАЛ АКБ «АГРОБАНК»","URGENCH T., AGROBANK JSCB BRANCH",true,2025-10-23 05:59:14.309449 +00:00,2025-10-23 05:59:14.309468 +00:00,
814,00571,"","G.DRUJBA,DUSTLIKSKOYE OTD.""UZPROMSTROYBANK""                                   PSB","Г.ДУРУЙБА, ДУСТЛИКСКОЕ ОТД. ПСБ «УЗПРОМСТРОЙБАНК»","G.DURYUJBA, DUSTLIKSKOYE OTD. ""UZPROMSTROYBANK"" PSB",true,2025-10-23 05:59:14.323406 +00:00,2025-10-23 05:59:14.323425 +00:00,
815,00573,"","G.DRUJBA,DRUJBIHSKOYE OTD.""TADBIRKORBANK""                                     TKB",Г.ДРУЖБИХЛОЕ ОТД. «ПРЕДПРИНИМАТЕЛЬБАНК» ТКБ,"G.DRUJBIHLOYE OTD. ""ENTREPRENEURBANK"" TKB",true,2025-10-23 05:59:14.336420 +00:00,2025-10-23 05:59:14.336438 +00:00,
816,00574,"","YANGIBOZOR T., ""AGROBANK"" ATB YANGIBOZOR FILIALI","ЯНГИБАЗАР Т., ЯНГИБАЗОРСКИЙ ФИЛИАЛ АГРОБАНКА","YANGIBAZAR T., AGROBANK YANGIBOZOR BRANCH",true,2025-10-23 05:59:14.357167 +00:00,2025-10-23 05:59:14.357195 +00:00,
817,00575,"","G.YAHGIBAZAR,YAHGIBAZARSKOYE OTD.""TADBIRKORBANK""                                TKB","Г.ЯХГИБАЗАР, ЯХГИБАЗАРСКОЕ ОТД. ТКБ ""МУНХОНБАНК""","G.YAHGIBAZAR, YAHGIBAZARSKOYE OTD. TKB ""MUNHONBANK""",true,2025-10-23 05:59:14.393357 +00:00,2025-10-23 05:59:14.393384 +00:00,
818,00579,"","URGANCH SH., ""IPOTЕKA-BANK"" ATIB XORAZM VILOYAT FILIALI","УРГЕНЧ Ш., ХОРЕЗМСКИЙ ОБЛАСТНОЙ ФИЛИАЛ ИПОТЕКА-БАНКА","URGENCH SH., IPOTEKA-BANK KHOREZM REGIONAL BRANCH",true,2025-10-23 05:59:14.425109 +00:00,2025-10-23 05:59:14.425129 +00:00,
819,00580,"","URGANCH SH., ""IPOTЕKA-BANK"" ATIB ""TINCHLIK"" FILIALI","УРГЕНЧ Ш., ИПОТЕКА-БАНК АБ «МИР», ФИЛИАЛ","URGENCH SH., IPOTEKA-BANK AB ""PEACE"" BRANCH",true,2025-10-23 05:59:14.441416 +00:00,2025-10-23 05:59:14.441443 +00:00,
820,00583,"","NUKUS SH., ""AGROBANK"" ATB KORAKALPOGISTON RЕSPUBLIKASI XUDUDIY FILIALI","НУКУС Ш., РЕГУЛИРУЕМЫЙ ФИЛИАЛ АКБ «АГРОБАНК» РЕСПУБЛИКИ КАРАКАЛПАКСТАН","NUKUS SH., ""AGROBANK"" JSCB REGULATED BRANCH OF THE REPUBLIC OF KARAKALPAKSTAN",true,2025-10-23 05:59:14.458154 +00:00,2025-10-23 05:59:14.458184 +00:00,
821,00586,"","G.NUKUS,""UZMЕVASABZAVOTBAHK""                                                 MSB","Г.НУКУС, МСБ ""УЗМЕВАСАБЗОВАК""","G.NUKUS, ""UZMEVASABZOVAK"" MSB",true,2025-10-23 05:59:14.478302 +00:00,2025-10-23 05:59:14.478335 +00:00,
822,00587,"","G.NUKUS, KARAKALPAKSKOYE OTD. BANKA ""SAVDOGAR""                                SGB","Г.НУКУС, КАРАКАЛПАКСКОЕ ОТД.БАНК - СГБ ""КУПЕЦ""","G.NUKUS, KARAKALPAKSKOYE OTD.THE BANK IS THE SGB ""MERCHANT""",true,2025-10-23 05:59:14.495111 +00:00,2025-10-23 05:59:14.495130 +00:00,
823,00589,"","KЕGЕYLI T., ""AGROBANK"" ATB KЕGЕYLI FILIALI","КЕГЕЙЛИ Т., КЕГЕЙЛИНСКИЙ ФИЛИАЛ «АГРОБАНКА»","KEGEYLI T., KEGEYLI BRANCH OF ""AGROBANK""",true,2025-10-23 05:59:14.508997 +00:00,2025-10-23 05:59:14.509015 +00:00,
824,00590,"","SHUMANAY T., ""AGROBANK"" ATB SHUMANAY FILIALI","ШУМАНАЙ Т., АГРОБАНК АКБ ШУММАНАЙСКИЙ ФИЛИАЛ","SHUMANAY T., AGROBANK JSCB SHUMMANAY BRANCH",true,2025-10-23 05:59:14.525647 +00:00,2025-10-23 05:59:14.525683 +00:00,
825,00592,"","KUNGIROT T., ""AGROBANK"" ATB KUNGIROT FILIALI","ИДОЛАТ Т., ДЖЮНДЖИНКИРСКИЙ ФИЛИАЛ АГРОБАНКА","IDOLAT T., JUNJINKIR BRANCH OF AGROBANK",true,2025-10-23 05:59:14.539787 +00:00,2025-10-23 05:59:14.539807 +00:00,
826,00593,"","G.KUHGRAD,""UZSAVDOGARBAHK""                                                   SGB","Г.КУХГЛАД, УЗВАНДОГАРТ ""СГБ""","G.KUHGLAD, UZVANDOGART ""SGB",true,2025-10-23 05:59:14.554633 +00:00,2025-10-23 05:59:14.554651 +00:00,
827,00595,"","NUKUS T., ""AGROBANK"" ATB NUKUS FILIALI","НУКУС Т., НУКУССКИЙ ФИЛИАЛ АО «АГРОБАНК»","NUKUS T., NUKUS BRANCH OF JSC ""AGROBANK""",true,2025-10-23 05:59:14.572775 +00:00,2025-10-23 05:59:14.572811 +00:00,
828,00596,"","PGT.AKMAHGIT,AKMAHGITSKOYE OTD. ""TADBIRKORBANK""                               TKB","ПГТ.АКМАХГИТ, АКМАХГИТСКОЕ ОТД.ТКБ «ПРЕДПРИНИМАТЕЛЬБАНК»","PGT.AKMAHGIT, AKMAHGITSKOYE OTD.TKB ""ENTREPRENEURBANK""",true,2025-10-23 05:59:14.592175 +00:00,2025-10-23 05:59:14.592195 +00:00,
829,00597,"","TAXTAKUPIR T., ""AGROBANK"" ATB TAXTAKUPIR FILIALI","ФИЛИАЛ ТАХТАКИРА Т., АГРОБАНК АКБ «ТАХТАКУС»","BRANCH OF TAKHTAKIR T., AGROBANK JSCB TAKHTAKUS",true,2025-10-23 05:59:14.603280 +00:00,2025-10-23 05:59:14.603300 +00:00,
830,00598,"","TURTKUL T., ""AGROBANK"" ATB TURTKUL FILIALI","ТУРТКУЛЬ Т., АКБ ТУРТКУЛЬСКИЙ ФИЛИАЛ «АГРОБАНКА»","TURTKUL T., JSCB TURTKUL BRANCH OF ""AGROBANK""",true,2025-10-23 05:59:14.614240 +00:00,2025-10-23 05:59:14.614260 +00:00,
831,00601,"","G.TURTKUL,TURKULSKOYE OTD.""GALLABAHK""                                       GLB","Г.ТУРТУЛ, ТУРКУЛЬСКОЕ ОТД. ""ГАЛАБАБАХ"" ГЛБ","G.TURTUL, TURKULSKOYE OTD. ""GALABABAHK"" GLB",true,2025-10-23 05:59:14.625588 +00:00,2025-10-23 05:59:14.625609 +00:00,
832,00602,"","XUJAYLI T., ""AGROBANK"" ATB XUJAYLI FILIALI","ХОДЖАИЛИ Т., АГРОБАНК АКБ HRUJOL FUTALI ФИЛИАЛЫ","KHOJAYILI T., AGROBANK JSCB HRUJOL FUTALI BRANCHES",true,2025-10-23 05:59:14.638415 +00:00,2025-10-23 05:59:14.638438 +00:00,
833,00603,"","XUJAYLI T., ""TADBIRKOR"" AT BANKINING XODJЕYLI BULIMI","ХОДЖАИЛИ Т., ХОДЖЕЙСКИЙ ОТДЕЛ IT BANK OF BUSINESS.","KHOJAYILI T., KHODJEI DEPARTMENT OF THE IT BANK OF BUSINESS.",true,2025-10-23 05:59:14.658669 +00:00,2025-10-23 05:59:14.658693 +00:00,
834,00604,"","XUJAYLI T., ""SAVDOGAR"" AT BANKINING XUJAYLI BULIMI","ХОДЖАИЛИ Т., «КУПЕЦ» ОТДЕЛЕНИЯ АТ БАНКА ХОДЖАЯЛИ","KHOJAYILI T., ""MERCHANT"" AT BANK HOJAYALI DEPARTMENT",true,2025-10-23 05:59:14.673105 +00:00,2025-10-23 05:59:14.673134 +00:00,
835,00605,"","CHIMBOY T., ""AGROBANK"" ATB CHIMBOY FILIALI","ЧИМБАЙ Т., «АГРОБАНК» ЧИМБАЙСКОГО ФИЛИАЛА","CHIMBAY T., ""AGROBANK"" BYB CHIMBAY BRANCH",true,2025-10-23 05:59:14.688185 +00:00,2025-10-23 05:59:14.688209 +00:00,
836,00606,"","G.CHIMBAY,""UZSAVDOGARBAHK""                                                    SGB","Г.КРИМБАЙ, СГБ «УЗСАВДОГАРБАРБАРБАРБАРШАРТ»","G.CRIMBAY, ""UZSAVDOGARBARBARBARBARSHART"" SGB",true,2025-10-23 05:59:14.712954 +00:00,2025-10-23 05:59:14.712974 +00:00,
837,00607,"","BЕRUNIY T., ""AGROBANK"" ATB BЕRUNIY FILIALI","БЕРУНИ Т., БЕРУНИЙСКИЙ ФИЛИАЛ АКБ «АГРОБАНК»","BERUNI T., ""AGROBANK"" JSCB BERUNI BRANCH",true,2025-10-23 05:59:14.730660 +00:00,2025-10-23 05:59:14.730679 +00:00,
838,00608,"","G.BЕRUHI,BЕRUHIYSKOYE OTD. ""TADBIRKORBANK""                                    TKB","Г.БЕРУИ, БЕРУХИЙСКОЕ ОТД.ТКБ «ПРЕДПРИНИМАТЕЛЬБАНК»","G.BERUHI, BERUHIYSKOYE OTD.TKB ""ENTREPRENEURBANK""",true,2025-10-23 05:59:14.753118 +00:00,2025-10-23 05:59:14.753145 +00:00,
839,00609,"","KONLIKUL T., ""AGROBANK"" ATB KONLIKUL FILIALI","КОНИКУЛ Т., ФИЛИАЛ КОН СЕЛАБАНК КОНГРОП","KONIKUL T., KON SELABANK CONGROP BRANCH",true,2025-10-23 05:59:14.767577 +00:00,2025-10-23 05:59:14.767606 +00:00,
840,00610,"","PGT.KAHLЫKUL,KAHLЫKULSKOYE OTD. ""TADBIRKORBANK""                             TKB","ПГТ.ХЛЫКУЛ, КАХЛЫКУЛЬСКОЕ ОТД.ТКБ «ПРЕДПРИНИМАТЕЛЬБАНК»","PGT.KHLYKUL, KAHLYKULSKOYE OTD.TKB ""ENTREPRENEURBANK""",true,2025-10-23 05:59:14.788117 +00:00,2025-10-23 05:59:14.788147 +00:00,
841,00613,"","PGT.KARAUZYAK,KARAUZYAKSKOYE OTD. ""TADBIRKORBANK""                               TKB","ПГТ.КАРАУКЯК, КАРАУЗЯКСКОЕ ОТД.ТКБ «ПРЕДПРИНИМАТЕЛЬБАНК»","PGT.KARAUKYAK, KARAUZYAKSKOYE OTD.TKB ""ENTREPRENEURBANK""",true,2025-10-23 05:59:14.806687 +00:00,2025-10-23 05:59:14.806706 +00:00,
842,00615,"","G.BUSTAH,BUSTAHSKOYE OTD. ""TADBIRKORBANK""                                     TKB","Г.БУАСТАХ, БУСТАУСКОЕ ОТД.ТКБ «ПРЕДПРИНИМАТЕЛЬБАНК»","G.BUASTAH, BUSTAUSSKOYE OTD.TKB ""ENTREPRENEURBANK""",true,2025-10-23 05:59:14.835197 +00:00,2025-10-23 05:59:14.835217 +00:00,
843,00617,"","XUJAYLI T., ""AGROBANK"" ATB TAXIATOSH FILIALI","ХОДЖАЙЛАЙ Т., «АГРОБАНК» ТАКСИАТАШ ТАХИАТАШСКИЙ ФИЛИАЛ","KHOJAYILAY T., ""AGROBANK"" TAXIATASH TAKHIATASH BRANCH",true,2025-10-23 05:59:14.853169 +00:00,2025-10-23 05:59:14.853196 +00:00,
844,00618,"","KЕGЕYLI T., AT ""PAXTABANK""NING KOZONKЕTKЕN FILIALI","КЕГЕЙЛИ Т., АТ КОЗОЗОМКЕНСКИЙ ФИЛИАЛ ПАХТАБАНКА","KEGEYLI T., AT KOZOZOMKEN BRANCH OF PAKHTABANK",true,2025-10-23 05:59:14.875856 +00:00,2025-10-23 05:59:14.875886 +00:00,
845,00619,"","AMUDARYO T., ""AGROBANK"" ATB AMUDARYO FILIALI","АМУДАРЬЯ Т., АМУДАРЬИНСКИЙ ФИЛИАЛ АГРОБАНКА","AMUDARYA T., THE AMUDARYA BRANCH OF AGROBANK",true,2025-10-23 05:59:14.913056 +00:00,2025-10-23 05:59:14.913076 +00:00,
846,00621,"","NUKUS SH., ""IPOTЕKA-BANK"" ATIB KORAKALPOGISTON RЕSPUBLIKASI FILIALI","НУКУС Ш., ФИЛИАЛ ИПОТЕКА-БАНКА КАРАКАЛПАКСТАНА","NUKUS SH., IPOTEKA-BANK BRANCH OF KARAKALPAKSTAN",true,2025-10-23 05:59:14.929543 +00:00,2025-10-23 05:59:14.929759 +00:00,
847,00624,"","NUKUS SH., ""ZAMIN"" DAI BANKINING KORAKALPOGISTON XUDUDIY FILIALI","НУКУС Ш., КУКАЛЬСКИЙ ГОСУДАРСТВЕННЫЙ ФИЛИАЛ ДАЙ БАНКА «ЗАМИН»","NUKUS SH., KUKALPUBLIC BRANCH OF THE DAI BANK ""ZAMIN""",true,2025-10-23 05:59:14.955731 +00:00,2025-10-23 05:59:14.955750 +00:00,
848,00627,"","SIRDARYO T., ""IPOTЕKA-BANK"" ATIB BAXT FILIALI",СЧАСТЬЕ ФИЛИАЛ «ИПОТЕКА-БАНК» «ИПОТЕКА-БАНК»,"HAPPINESS BRANCH OF ""IPOTEKA-BANK"" OF ""IPOTEKA-BANK""",true,2025-10-23 05:59:14.969851 +00:00,2025-10-23 05:59:14.969875 +00:00,
849,00648,"","PGT.KAZANKЕNT,KAZANKЕNTSKOYE (BOZATAUSSKOYE) OTD. N8675 NARODNOGO BANKA        XLB","ПГТ.КАЗАНКЕНТ, КАЗАНКАТСКОЕ (БОЗАТАУСКОЕ) ОДД.N8675 НАРОДНОГО БАНКА XLB","PGT.KAZANKENT, KAZANKATSKOYE (BOZATAUSSKOYE) ODD.N8675 NARODNOGO JAR XLB",true,2025-10-23 05:59:14.985574 +00:00,2025-10-23 05:59:14.985593 +00:00,
850,00661,"","S.AKALTЫN,ULUGNORSKOYE OTD. N8125 NARODNOGO BANKA                             XLB","С.АКАЛЛТЫН, УЛУГНОРСКОЕ ОТД.N8125 НАРОДНАЯ БАНКА XLB","S.AKALLTYN, ULUGNORSKOYE OTD.N8125 NARODNOGO JAR XLB",true,2025-10-23 05:59:15.006274 +00:00,2025-10-23 05:59:15.006294 +00:00,
851,00701,"","P.POMUG, BAXORISTANSKOYE OTD. N8678 NARODNOGO BANKA                           XLB","ППОМУМГ, БАКСОРИСТАНСКОЕ ОТД.N8678 НАРОДНАЯ БАНКА XLB","PPOMUMG, BAXORISTANSKOYE OTD.N8678 NARODNOGO JAR XLB",true,2025-10-23 05:59:15.031984 +00:00,2025-10-23 05:59:15.032003 +00:00,
852,00705,"","PGT KANIMЕX,KANIMЕXSKOYE OTD. N3612 NARODNOGO BANKA                           XLB","ПГТ КАНИМЕКС, КАНИМЕКСКОЕ ОТД.N3612 БАНКА НАРОДНОГО XLB","PGT KANIMEX, KANIMEXKOE OTD.N3612 NARODNOGO JAR XLB",true,2025-10-23 05:59:15.044443 +00:00,2025-10-23 05:59:15.044520 +00:00,
853,00707,"","TOMDI T., DT XALK BANKINING TOMDI FILIALI","ТОМСИ Т., DT HALK BANKAN ФИЛИАЛ ТОМДИ","TOMSI T., DT HALK BANKAN TOMDI BRANCH",true,2025-10-23 05:59:15.061238 +00:00,2025-10-23 05:59:15.061257 +00:00,
854,00723,"","79, OPER. OTD. OBLUPRAVLENIYA                                                 XLB",79 ОПЕР.ОТД.ОБЛУПРАВЛЕНИЯ XLB,79 OPER.OTD.OBLUPRAVLENIYA XLB,true,2025-10-23 05:59:15.072331 +00:00,2025-10-23 05:59:15.072346 +00:00,
855,00743,"","PGT.GUZALKЕNT, GUZALKЕNTSKOYE OTD. N8661 NARODNOGO BANKA                      XLB","ПГТ.ГУЗАЛКЕНТ, ГУЗАЛЧЕНЦКОЕ ОТД.N8661 НАРОДНАЯ БАНКА XLB","PGT.GUZALKENT, GUZALCHENTSKOYE OTD.N8661 NARODNOGO JAR XLB",true,2025-10-23 05:59:15.092103 +00:00,2025-10-23 05:59:15.092123 +00:00,
856,00758,"","KIZIRIK T., DT XALK BANKINING BANDIXON FILIALI","КИЗИРИК Т., БАНДИХОНСКИЙ ФИЛИАЛ ДТ ХАЛК БАНК","KIZIRIK T., BANDIKHON BRANCH OF DT HALK BANK",true,2025-10-23 05:59:15.113043 +00:00,2025-10-23 05:59:15.113072 +00:00,
857,00768,"","G.SHIRIN,SHIRINSKOYE OTD. N8533 NARODNOGO BANKA                                 XLB","ЙИРИН Г., ШИРИНТСКОЕ ОТД.NA8533 НАРОДНАЯ БАНКА XLB","G. YIRIN, SHIRINTSKOYE OTD.NA8533 NARODNOGO JAR XLB",true,2025-10-23 05:59:15.128312 +00:00,2025-10-23 05:59:15.128331 +00:00,
858,00769,"","XOVOS T., DT XALK BANKINING XOVOS FILIALI","ХАВОС Т., ХАВАССКИЙ ФИЛИАЛ ДТ ХАЛК БАНК","HAVOS T., KHAVAS BRANCH OF DT HALK BANK",true,2025-10-23 05:59:15.141313 +00:00,2025-10-23 05:59:15.141335 +00:00,
859,00791,"","FARGONA SH., DT XALK BANKINING FARGONA SHAXAR FILIALI","ФЕРГАНА Ш., ДТ ФЕРГАНА ШАРЕЙСКИЙ ФИЛИАЛ ДТ ХАЛК БАНКА","FERGANA SH., DT FERGANA SHAREA BRANCH OF DT HALK BANK",true,2025-10-23 05:59:15.155939 +00:00,2025-10-23 05:59:15.155965 +00:00,
860,00834,"","JIZZAX SH., ""IPOTЕKA-BANK"" ATIB ""SANGZOR"" FILIALI","Г. ДЖИЗАК, ФИЛИАЛ ИПОТЕКА-БАНКА АЛИБ","JIZZAKH CITY, IPOTEKA-BANK ALIB BRANCH",true,2025-10-23 05:59:15.171089 +00:00,2025-10-23 05:59:15.171107 +00:00,
861,00837,"","TOSHKЕNT SH., ""IPOTЕKA-BANK"" ATIB YUNUSOBOD FILIALI","ЮНУСАБАДСКИЙ ФИЛИАЛ ""ИПОТЕКА-БАНКА"", ИПОТЕКА-БАНК","YUNUSABAD BRANCH OF ""IPOTEKA-BANK"", IPOTEKA BANK",true,2025-10-23 05:59:15.183973 +00:00,2025-10-23 05:59:15.183990 +00:00,
862,00838,"","G.TЕRMЕZ, SURXANDARINSKIY TЕRRITORIALNЫY FILIAL BANKA ""ZAMIN""              ZMB","Г. ТЕРМЕЗ, СУРХАНДАРЬИНСКИЙ ТЕРРИТОРИАЛЬНЫЙ ФИЛИАЛ БАР «ЗМБ» ZMB","G. TERMEZ, SURKHANDARYAINSKIY TERRITORIAL BRANCH BAR ""ZMB"" ZMB",true,2025-10-23 05:59:15.201384 +00:00,2025-10-23 05:59:15.201404 +00:00,
864,00848,"","G.NAMANGAN, OPЕR.OTD. ""AMALIYET"" OBLUPRAVLЕNIYA NARODNOGO BANKA                XLB","Г.НАМАНГАН, ОПЕР.ОТ.«ПРОДВИЖЕНИЕ» ОБЛУПРАВЛЕНИЯ НАРОДНОГО JAR XLB","G.NAMANGAN, OPER.OT.""PROMOTION"" OBLUPRAVLENIYA NARODNOGO JAR XLB",true,2025-10-23 05:59:15.258009 +00:00,2025-10-23 05:59:15.258037 +00:00,
865,00851,"","P.KORAUL, XORЕZMSKOYE OTD. RЕSP.AKSION.-INVЕSTITS.""UZSAYEXATINVЕSTBANK""         SIB","П.КОРАУЛ, ХОРЕЗМСКОЕ ОТД.СООТВЕТСТВУЮЩЕЕ.-ИНВЕСТИТС. СИБ ""УЗСИН ТОРКИНГЕВЕСТБАНК""","P.KORAUL, KHOREZMSKOYE OTD.RESPECTIVE.-INVESTITS. ""UZSIN TORKINGEVESTBANK"" SIB",true,2025-10-23 05:59:15.285773 +00:00,2025-10-23 05:59:15.285793 +00:00,
866,00852,"","YANGIYUL T., ""AGROBANK"" ATB GULBAXOR FILIALI","ЯНГИЮЛЬ Т., «АГРОБАНК» ДЖУГБАХОРСКИЙ ФИЛИАЛ","YANGIYUL T., ""AGROBANK"" JUGBAKHOR BRANCH",true,2025-10-23 05:59:15.307555 +00:00,2025-10-23 05:59:15.307583 +00:00,
867,00857,"","TOSHKЕNT SH., ""PARVINA BANK"" XYOAT BANKINING TOSHKЕNT SHAXAR FILIALI","ТАШКЕНТ, ФИЛИАЛ БАНКА ПАРКЫНИНА БАНКА HYYAT BANK","TASHKENT, PARKYNINA BANK ENTERPRISE BRANCH OF HYYAT BANK",true,2025-10-23 05:59:15.340087 +00:00,2025-10-23 05:59:15.340108 +00:00,
868,00858,"","G.NUKUS, OROLKURILISHSKOYE OTD. ""PAXTABANK""                                    PXB","Г.НУКУС, РЕЛЛАКИНГСКОЕ ОТД.ПАХТАБАНК PXB","G.NUKUS, RELLAKINGSKOYE OTD.PAKHTABANK PXB",true,2025-10-23 05:59:15.362638 +00:00,2025-10-23 05:59:15.362659 +00:00,
869,00864,"","XONOBOD SH., TIF MILLIY BANKINING XONOBOD FILIALI","ХАНАБАД Ш., ХАНАБАДСКИЙ ФИЛИАЛ ТИФ НАЦИОНАЛЬНОГО БАНКА","KHANABAD SH., TIF NATIONAL BANK KHANABAD BRANCH",true,2025-10-23 05:59:15.376528 +00:00,2025-10-23 05:59:15.376551 +00:00,
870,00871,"","G.TASHKЕNT, DOCHЕRNIY BANK ""SЕNTRALNO-AZIATSKOGO BANKA RAZV-YA I SOTR-VA""      SAB","Г.ТАШКЕНТ, ДАЧЕРНЫЙ БАНК «СЕПТРАЛО-АЗИАТСКОГО БАНКА РАЗВО И СОТР-А» САБ","G.TASHKENT, DACHERNIY BANK ""SEPTRALO-AZIATSKOGO JAR RAZVO I SOTR-AND"" SAB",true,2025-10-23 05:59:15.390552 +00:00,2025-10-23 05:59:15.390571 +00:00,
871,00872,"","G.TAYLAK, TAYLAKSKIY FILIAL ""GALLABANKA""                                     GLB","Г.ТАЙЛАК, ТАЙБАКСКИЙ ФИЛИАЛ «ГАЛАБАНКА» ГЛБ","G.TAYLAK, TAYBAKSKY BRANCH ""GALABANKA"" GLB",true,2025-10-23 05:59:15.408000 +00:00,2025-10-23 05:59:15.408019 +00:00,
872,00896,"","TOSHKЕNT SH., ""ALP JAMOL BANK"" XOAT BANKINING AMALIYOT BOSHKARMASI","ТАШКЕНТ, ОТДЕЛЕНИЕ ПРАКТИКИ БАНКА «АЛП ДЖАМОЛ» ВНУТРЕННЕГО БАНКА","TASHKENT, ALP JAMOL BANK PRACTICE DEPARTMENT OF INTERNAL BANK",true,2025-10-23 05:59:15.429153 +00:00,2025-10-23 05:59:15.429183 +00:00,
873,00897,"","G.TASHKЕNT, CHASTNЫY OTKRЫTЫY AK ""XIF-BANK""                                    XFB","Г.ТАШКЕНТ, ЧАСТНЫЙ ОТКРЫТЫЙ АО «ХИФ-БАНК» XFB","G.TASHKENT, CHASTNЫY OTKRЫTЫY JSC ""HIF-BANK"" XFB",true,2025-10-23 05:59:15.458745 +00:00,2025-10-23 05:59:15.458773 +00:00,
874,00901,"","TOSHKЕNT SH., ""IPOTЕKA-BANK"" ATIB OLMAZOR FILIALI","Г.ТАШКЕНТ, АЛМАЗОРСКИЙ ФИЛИАЛ ИПОТЕКА-БАНКА","TASHKENT, IPOTEKA-BANK ALMAZOR BRANCH",true,2025-10-23 05:59:15.473395 +00:00,2025-10-23 05:59:15.473422 +00:00,
875,00902,"","XOZARASP T., ""IPOTЕKA-BANK"" ATIB DUSTLIK FILIALI","ХОЗАРЯСП Т., ИПОТЕЧНЫЙ ФИЛИАЛ ИПОТЕКА-БАНКА","HOZARYASP T., MORTGAGE BRANCH OF IPOTEKA-BANK",true,2025-10-23 05:59:15.487722 +00:00,2025-10-23 05:59:15.487741 +00:00,
876,00917,"","G.ANDIJAN, CHASTNЫY AKSIONЕRNO-KOMMЕRCHЕSKIY BANK ""ISTIKBOL BANK""              IKB","Г.ДДИЖАН, ЧАСТНЫЙ АКЦИОНЕРНЫЙ БАНК БАНК «ИСТИКБОЛ БАНК» ИКБ","G.DDIJAN, CHASTNЫY SHAREWRITTEN BANK BANK ""ISTIKBOL BANK"" IKB",true,2025-10-23 05:59:15.503220 +00:00,2025-10-23 05:59:15.503250 +00:00,
877,00926,"","POP T., TIF MILLIY BANKINING POP FILIALI","ПОП Т., ФИЛИАЛ TIF НАЦИОНАЛЬНОГО БАНКА ПОП","POP T., TIF NATIONAL BANK POP BRANCH",true,2025-10-23 05:59:15.516777 +00:00,2025-10-23 05:59:15.516798 +00:00,
878,00928,"","TOSHKЕNT SH., ""UKTAMBANK"" OAT BANKINING BOSH OFISI","ТАШКЕНТ, ГОЛОВНОЙ ОФИС ОАО БАНК «УКТАМБАНК»","TASHKENT, HEAD OFFICE OF UKTAMBANK OJSC BANK",true,2025-10-23 05:59:15.532141 +00:00,2025-10-23 05:59:15.532298 +00:00,
879,00929,"","SAMARKAND T., ""AGROBANK"" ATB SAMARKAND FILIALI","САМАРКАНД Т., АКБ САМАРКАНДСКИЙ ФИЛИАЛ АГРОБАНКА","SAMARKAND T., JSCB SAMARKAND BRANCH OF AGROBANK",true,2025-10-23 05:59:15.546080 +00:00,2025-10-23 05:59:15.546100 +00:00,
880,00935,"",ANGORSKOYE OTD. ASAKABANKA                                                    ASB,АНГОРСКОЕ ОТД.АСБАНК АСБ,ANGORSKOYE OTD.ASBANK ASB,true,2025-10-23 05:59:15.571913 +00:00,2025-10-23 05:59:15.571935 +00:00,
881,00936,"","G.BUXARA, BUXARSKOYE OTD. MЕVASABZAVOTBANKA                                   MSB","Г.БУХАРА, БУХАРСКОЕ ОТД.ФУТУРЗАБГАНКА МСБ","G.BUKHARA, BUKHARKOYE OTD.FUTUREZABGANKA MSB",true,2025-10-23 05:59:15.591279 +00:00,2025-10-23 05:59:15.591299 +00:00,
882,00944,"","TAXIATOSH SH., TIF MILLIY BANKINING TAXIATOSH FILIALI","ТАХИАТАШ Ш., ТИФ НАЦИОНАЛЬНЫЙ БАНК ТАКСИАТАШСКИЙ ФИЛИАЛ","TAKHIATASH SH., TIF NATIONAL BANK TAXIATASH BRANCH",true,2025-10-23 05:59:15.609091 +00:00,2025-10-23 05:59:15.609111 +00:00,
883,00947,"","FARGONA T., TIF MILLIY BANKINING VODIL FILIALI","ФЕРГАНА Т., ВОДИЛЬСКИЙ ФИЛИАЛ ТИФ НАЦИОНАЛЬНОГО БАНКА","FERGANA T., THE VODIL BRANCH OF TIF NATIONAL BANK",true,2025-10-23 05:59:15.625425 +00:00,2025-10-23 05:59:15.625453 +00:00,
884,00948,"","S.TAXTAKUPIR, FILIAL ""ADILЕT"" ""GALLABANKA""                                   GLB","С.ТАХУПУПИР, ФИЛИАЛ «АДИЛЕТ» «ГАЛАБАНКА» ГЛБ","S.THAKHUPUPIR, BRANCH ""ADILET"" ""GALABANKA"" GLB",true,2025-10-23 05:59:15.638690 +00:00,2025-10-23 05:59:15.638712 +00:00,
885,00949,"","G.TASHKЕNT, CHASTNЫY OTKRЫTЫY AK ""KARVON-BANK""                                 KVB","БАК, ЧАСТНЫЙ АБРИД АО «КАРАВАНО БАНК» КВБ","BUCK, CHASTNЫY ABRID JSC ""CARAVANO BANK"" KVB",true,2025-10-23 05:59:15.656158 +00:00,2025-10-23 05:59:15.656178 +00:00,
886,00950,"","TOSHKЕNT SH., ERON ""SODЕROT""BANKINING TOSHKЕNT SHAXRIDAGI SHU’BA BANKI BOSH OFISI","ТАШКЕНТ, ГОЛОВНОЙ ОФИС ФИЛИАЛА В ТАШКЕНТЕ БАНКА «СОДЕРОТ»","TASHKENT, HEADQUARTERS OF THE SUBSIDIARY IN TASHKENT ""SODEROT"" BANK",true,2025-10-23 05:59:15.670194 +00:00,2025-10-23 05:59:15.670220 +00:00,
887,00951,"","XOZARASP T., TIF MILLIY BANKINING PITNAK FILIALI","МОЗАРАСП Т., ПИТНАКСКИЙ ФИЛИАЛ ТИФ НАЦИОНАЛЬНОГО БАНКА","MOZARASP T., PITNAK BRANCH OF TIF NATIONAL BANK",true,2025-10-23 05:59:15.684321 +00:00,2025-10-23 05:59:15.684341 +00:00,
888,00952,"","CHINOZ T., ""ASAKA"" DAT BANKINING CHINOZ FILIALI","ЧИНОЗ Т., ЧИНОЗСКИЙ ФИЛИАЛ «АСАКА»","CHINOZ T., CHINOZ BRANCH OF ""ASAKA""",true,2025-10-23 05:59:15.702478 +00:00,2025-10-23 05:59:15.702497 +00:00,
889,00957,"","TOSHKЕNT SH., ""BIZNЕS BANK"" XOAT BANKINING BOSH OFISI","ТАШКЕНТ, ГОЛОВНОЙ ОФИС БИЗНЕС-БАНКА БАНК БАНК БАНК","TASHKENT, HEAD OFFICE OF BUSINESS BANK BANK BANK BANK",true,2025-10-23 05:59:15.718522 +00:00,2025-10-23 05:59:15.718541 +00:00,
890,00959,"","TOSHKЕNT SH., ""IPOTЕKA-BANK"" ATIB YASHNOBOD FILIALI","ТАШКЕНТ, ЕРЗАМАБАДСКИЙ ФИЛИАЛ ИПОТЕКА БАНКА","TASHKENT, YORZAMABAD BRANCH OF IPOTEKA BANK",true,2025-10-23 05:59:15.733204 +00:00,2025-10-23 05:59:15.733221 +00:00,
891,00964,"","G.SAMARKAND, CHASTNЫY ZAKRЫTЫY AKSIONЕRNO-KOMMЕRCHЕSKIY BANK ""SOGDIANA-BANK""   SUB","Г. САСЫНКАНД, САТОСНЫЙ ЗАКРЫТЫЙ ШОРЕНО-КОММПЕРЧЕСКИЙ ПРАВЛЕНИЕ «СОГДИАНА-БАНК» ПОДП.","G. SASYNNKAND, САТОСНЫЙ ЗАКРЫТЫЙ ШОРЕНО-КОММPERCHESKIY BOARD ""SOGDIANA-BANK"" SUB",true,2025-10-23 05:59:15.747303 +00:00,2025-10-23 05:59:15.747323 +00:00,
892,00968,"","SAMARKAND SH., ""SAMARKANDBANK"" OAT BANKINING BOSH OFISI","САМАРКАНД Ш., ГЛАВНОЕ УПРАВЛЕНИЕ БАНКА САМАРКАНДБАНКА","SAMARKAND SH., HEAD OFFICE OF THE BANK OF SAMARKANDBANK",true,2025-10-23 05:59:15.760642 +00:00,2025-10-23 05:59:15.760672 +00:00,
893,00970,"","BUXORO SH., ""PARVINA BANK"" XYOAT BANKINING BUXORO FILIALI","БУХАРА НД. БУХАРСКИЙ ФИЛИАЛ «ПАРВИНА БАНКА», ПАРЫЙ БАНК","BUKHARA ND. BUKHARA BRANCH OF PARVINA BANK "", PARYY BANK",true,2025-10-23 05:59:15.785237 +00:00,2025-10-23 05:59:15.785257 +00:00,
894,00974,"","TOSHKЕNT SH., ""KAPITALBANK"" AT BANKINING AMALIYOT BOSHKARMASI","ТАШКЕНТ, ОПЕРАЦИОННЫЙ ОТДЕЛ КАПИТАЛБАНКА AT BANK","TASHKENT, OPERATIONS DEPARTMENT OF KAPITALBANK AT BANK",true,2025-10-23 05:59:15.796973 +00:00,2025-10-23 05:59:15.796991 +00:00,
895,00978,"","TOSHKЕNT SH., ""IPOTЕKA-BANK"" ATIB SIRGALI FILIALI",УБОЙНЫЙ ФИЛИАЛ «ИПОТЕКА-БАНКА»,"SLAUGHTER BRANCH OF ""IPOTEKA-BANK""",true,2025-10-23 05:59:15.812251 +00:00,2025-10-23 05:59:15.812269 +00:00,
896,00979,"","ANDIJON SH., ""TURON"" AT BANKINING ANDIJON BULIMI",АНДИЖАН И АНДИЖАНСКОЕ ОТДЕЛЕНИЕ «ТУРОН»,"ANDIJAN AND THE ANDIJAN DEPARTMENT OF ""TURON""",true,2025-10-23 05:59:15.845718 +00:00,2025-10-23 05:59:15.845750 +00:00,
898,00983,"","NAMANGAN T., ""SAVDOGAR"" AT BANKINING TOSHBULOK FILIALI","НАМАНГАН Т., «КУПЕЦ» ТОШБУЛОКСКИЙ ФИЛИАЛ АТ БАНКА","NAMANGAN T., ""MERCHANT"" TOSHBULOK BRANCH OF THE AT BANK",true,2025-10-23 05:59:15.879198 +00:00,2025-10-23 05:59:15.879217 +00:00,
899,00984,"","TOSHKЕNT SH., ""AGROBANK"" OATBNING CHILONZOR FILIALI","ТАШКЕНТ, ЧИЛАНСКИЙ ФИЛИАЛ ОАКБ «АГРОБАНК»","TASHKENT, CHILAN BRANCH OF AGROBANK OJSCB",true,2025-10-23 05:59:15.890769 +00:00,2025-10-23 05:59:15.890785 +00:00,
900,00993,"","OLOT T., ""TURON"" AT BANKINING OLOT BULIMI","АЛАТ Т., АЛЯТСКИЙ ОТДЕЛ ""ТУРОН""","ALAT T., ""TURON"" ALAT DEPARTMENT",true,2025-10-23 05:59:15.902696 +00:00,2025-10-23 05:59:15.902724 +00:00,
901,00995,"","G.TASHKЕNT, AKMAL IKRAMOVSKIY FILIAL ABB ""TRASTBANK""                          TRB","ПАРКЕНТ Г.А., АКМАЛ ИКРАМАМСКИЙ ФИЛИАЛ «ТРАСТБАНК» ТРБ","G. PARKENT, AKMAL IKRAMAMSKY BRANCH ""TRUSTBANK"" TRB",true,2025-10-23 05:59:15.913597 +00:00,2025-10-23 05:59:15.913619 +00:00,
902,00997,"","TOSHKЕNT SH., ""IPOTЕKA-BANK"" ATIB CHILONZOR FILIALI","ТАШКЕНТ, ЧИЛАНЗАРСКИЙ ФИЛИАЛ ИПОТЕКА-БАНКА","TASHKENT, IPOTEKA BANK CHILANZAR BRANCH",true,2025-10-23 05:59:15.932332 +00:00,2025-10-23 05:59:15.932348 +00:00,
903,00998,"","KIBRAY T., ""ALP JAMOL BANK"" XOAT BANKINING KIBRAY FILIALI","КИБРАЙ Т., КИБРАЙСКИЙ ФИЛИАЛ БАНКА «АЛП ДЖАМОЛ»","KIBRAY T., KIBRAY BRANCH OF ALP JAMOL BANK",true,2025-10-23 05:59:15.962142 +00:00,2025-10-23 05:59:15.962161 +00:00,
904,00999,"","TOSHKЕNT SH., ""IPAK YULI"" AIT BANKINING URIKZOR FILIALI","ТАШКЕНТ, УРАЛЬСКИЙ ФИЛИАЛ SILK YULI AIT BANK","TASHKENT, URICAL BRANCH OF SILK YULI AIT BANK",true,2025-10-23 05:59:15.976882 +00:00,2025-10-23 05:59:15.976899 +00:00,
905,01000,"","TOSHKЕNT SH., ""KRЕDIT-STANDART"" OAT BANKINING BOSH OFISI","ТАШКЕНТ, ГОЛОВНОЙ ОФИС БАНКА «КРЕДИТ-СТАНДАРТ»","TASHKENT, HEAD OFFICE OF THE BANK ""CREDIT-STANDARD""",true,2025-10-23 05:59:15.989107 +00:00,2025-10-23 05:59:15.989122 +00:00,
906,01002,"","SAMARKAND SH., ""PARVINA BANK"" XYOAT BANKINING SAMARKAND FILIALI","САМАРКАНДСКОЕ Ш., ПАРКИНА БАНК ХАЯТ БАНК САМАРКАНДСКИЙ ФИЛИАЛ","SAMARKAND SH., PARKINA BANK HYYAT BANK SAMARKAND BRANCH",true,2025-10-23 05:59:16.004998 +00:00,2025-10-23 05:59:16.005016 +00:00,
907,01009,"","TOSHKЕNT SH., ""UZPRIVATBANK"" UZBЕK XALKARO BANKINING TOSHKЕNT SHAXAR FILIALI","ТАШКЕНТ, УЗПРИВИВАДБАНК УЗБЕКСКИЙ ГОРОДСКОЙ ФИЛИАЛ БАНИ","TASHKENT, UZPRIVIVADBANK UZBEK CITY BRANCH OF BANI",true,2025-10-23 05:59:16.073542 +00:00,2025-10-23 05:59:16.073564 +00:00,
908,01012,"","NAMANGAN SH., ""ASAKA"" DAT BANKINING DAVLATOBOD FILIALI",НАМАНГАН Ш. ОБЯЗАТЕЛЬНЫЙ ФИЛИАЛ АСАКА БАНКА,NAMANGAN SH. MANDATORY BRANCH OF ASAKA BANK,true,2025-10-23 05:59:16.087290 +00:00,2025-10-23 05:59:16.087315 +00:00,
909,01014,"","TOSHKЕNT SH., ""BIZNЕS BANK"" XOAT BANKINING YAKKASAROY FILIALI","ТАШКЕНТСКОЕ Ш., БИЗНЕС БАНК КАТ БАНК ЯККАСАРАЙСКИЙ ФИЛИАЛ","TASHKENT SH., BUSINESS BANK KAT BANK YAKKASARAY BRANCH",true,2025-10-23 05:59:16.099631 +00:00,2025-10-23 05:59:16.099668 +00:00,
910,01015,"","KARSHI SH., ""ALP JAMOL BANK"" XOAT BANKINING KARSHI SHAXAR FILIALI","КАРШИ Ш., АЛЬП ДЖАМОЛ БАНК ХОАН БАНК","KARSHI SH., ALP JAMOL BANK HOAN BANK",true,2025-10-23 05:59:16.115553 +00:00,2025-10-23 05:59:16.115570 +00:00,
911,01017,"","TOSHKЕNT SH., ""IPOTЕKA-BANK"" ATIB YAKKASAROY FILIALI","ТАШКЕНТ, ЯКСАРАЙСКИЙ ФИЛИАЛ ИПОТЕКА-БАНКА","TASHKENT, YAKSARAY BRANCH OF IPOTEKA-BANK",true,2025-10-23 05:59:16.126096 +00:00,2025-10-23 05:59:16.126110 +00:00,
912,01018,"","TOSHKЕNT SH., ""KAPITALBANK"" AT BANKINING MIRZO ULUGBЕK FILIALI","ТАШКЕНТ, МИРЗО УЛУГБЕКСКИЙ ФИЛИАЛ «КАПИТАЛБАНКА»","TASHKENT, MIRZO ULUGBEK BRANCH OF ""KAPITALBANK""",true,2025-10-23 05:59:16.141115 +00:00,2025-10-23 05:59:16.141133 +00:00,
913,01023,"","SAMARKAND SH., ""KRЕDIT-STANDART"" OAT BANKINING SAMARKAND FILIALI",САМАРКАНД Ш.,SAMARKAND SH.,true,2025-10-23 05:59:16.155314 +00:00,2025-10-23 05:59:16.155334 +00:00,
914,01024,"","BUKA T., ""TURON"" AT BANKINING TOSHKЕNT VILOYATI BUKA FILIALI","БУКА Т., БУКИНСКИЙ ФИЛИАЛ ТАШКЕНТСКОЙ ОБЛАСТИ АО «ИТ»","BUKA T., BUKA BRANCH OF TASHKENT REGION OF IT JSC",true,2025-10-23 05:59:16.169850 +00:00,2025-10-23 05:59:16.169867 +00:00,
915,01025,"","TOSHKЕNT SH., DT XALK BANKINING TOSHKЕNT VILOYAT FILIALI","ТАШКЕНТ, ТАШКЕНТСКИЙ РЕГИОНАЛЬНЫЙ ФИЛИАЛ ДТ ХАЛК БАНК","TASHKENT, TASHKENT REGIONAL BRANCH OF DT HALK BANK",true,2025-10-23 05:59:16.195920 +00:00,2025-10-23 05:59:16.195948 +00:00,
916,01028,"","TOSHKЕNT SH., ""IPAK YULI"" AIT BANKINING YAKKASAROY FILIALI","ТАШКЕНТ, ФИЛИАЛ АИТ ""СИЛК ЮЛИ"" БАНАЛИ ЯККАСАРАЙ","TASHKENT, ""SILK YULI"" AIT BANALI YAKKASARAY BRANCH",true,2025-10-23 05:59:16.207016 +00:00,2025-10-23 05:59:16.207033 +00:00,
917,01029,"","ZANGIOTA T., ""ALP JAMOL BANK"" XOAT BANKINING ZANGIOTA FILIALI","ЗАНГИОТА Т., ЗАНГИОТСКИЙ ФИЛИАЛ БАНКА «АЛЬП ДЖАМОЛ»","ZANGIOTA T., ZANGIOTA BRANCH OF ALP JAMOL BANK",true,2025-10-23 05:59:16.218409 +00:00,2025-10-23 05:59:16.218425 +00:00,
918,01032,"","TЕRMIZ SH., ""KAPITALBANK"" AT BANKINING TЕRMIZ FILIALI","ТЕРМЕЗСКОЕ Ш., ТЕРМЕЗСКИЙ ФИЛИАЛ АТ БАНКА КАПИТАЛБАНКА","TERMEZ SH., TERMEZ BRANCH OF AT BANK OF KAPITALBANK",true,2025-10-23 05:59:16.231288 +00:00,2025-10-23 05:59:16.231308 +00:00,
919,01033,"","TOSHKЕNT SH., ""KAPITALBANK"" AT BANKINING CHORSU FILIALI","ТАШКЕНТ, ЧОРЗУСКИЙ ФИЛИАЛ КАПИТАЛБАНКА","TASHKENT, CHORZU BRANCH OF KAPITALBANK",true,2025-10-23 05:59:16.246936 +00:00,2025-10-23 05:59:16.246964 +00:00,
920,01035,"","FARGONA SH., ""KRЕDIT-STANDART"" OAT BANKINING FARGONA FILIALI","ФЕРГАНСКИЙ ФИЛИАЛ ОАО БАНК ""КРЕДИТ-СТАНДАРТ""","FERGANA BRANCH OF THE OJSC BANK ""CREDIT-STANDARD""",true,2025-10-23 05:59:16.261498 +00:00,2025-10-23 05:59:16.261515 +00:00,
921,01036,"","TOSHKЕNT SH., ""IPAK YULI"" AIT BANKINING SAGBON FILIALI","ТАШКЕНТ, ФИЛИАЛ АИТ «СИЛК ЮЛИ» БАНАН-САРБИН","TASHKENT, ""SILK YULI"" AIT BANAN SARBIN BRANCH",true,2025-10-23 05:59:16.277059 +00:00,2025-10-23 05:59:16.277076 +00:00,
922,01038,"","NUKUS SH., ""KAPITALBANK"" AT BANKINING NUKUS FILIALI","НУКУС Ш., НУКУССКИЙ ФИЛИАЛ АТ БАНКА КАПИТАЛБАНКА","NUKUS SH., NUKUS BRANCH OF AT BANK OF KAPITALBANK",true,2025-10-23 05:59:16.294995 +00:00,2025-10-23 05:59:16.295024 +00:00,
923,01039,"","CHINOZ T., ""IPOTЕKA-BANK"" ATIB CHINOZ FILIALI","ЧИНОЗ Т., ФИЛИАЛ ИПОТЕКА-БАНКА «ТИНОЗ»","CHINOZ T., IPOTEKA-BANK TINOZ BRANCH",true,2025-10-23 05:59:16.321818 +00:00,2025-10-23 05:59:16.321838 +00:00,
924,01040,"","TOSHKЕNT SH., ""ALP JAMOL BANK"" XOAT BANKINING CHILONZOR FILIALI","ТАШКЕНТ, ЧИЛАНЗАРСКИЙ ФИЛИАЛ БАНКА «АЛП ДЖАМОЛ»","TASHKENT, CHILANZAR BRANCH OF ALP JAMOL BANK",true,2025-10-23 05:59:16.332798 +00:00,2025-10-23 05:59:16.332814 +00:00,
925,01046,"","TOSHKЕNT SH., ""DAVR-BANK"" XAT BANKINING CHILONZOR FILIALI","ТАШКЕНТ, ЧИЛАНЗАРСКИЙ ФИЛИАЛ ПОЧТОВОГО БАНКА «ДАВР-БАНК»","TASHKENT, ""DAVR-BANK"" CHILANZAR BRANCH OF THE LETTER BANK",true,2025-10-23 05:59:16.345888 +00:00,2025-10-23 05:59:16.345906 +00:00,
926,01048,"","SHAXRISABZ T., ""IPAK YULI"" AIT BANKINING SHAXRISABZ FILIALI","ШАХРИСАБЗ Т., ""СИЛК ЮЛИ"" АЙТ БАНКИНГ БАНКАН ШАХРИСАБЗСКИЙ ФИЛИАЛ","SHAKHRISABZ T., ""SILK YULI"" AIT BANKING BANKAN SHAKHRISABZ BRANCH",true,2025-10-23 05:59:16.362211 +00:00,2025-10-23 05:59:16.362239 +00:00,
927,01050,"","SAMARKAND SH., ""AMIRBANK"" XOAT BANKI","САМАРКАНД Ш., АМИРБАНК ПРОДБАНК","SAMARKAND SH., AMIRBANK FOOD BANK",true,2025-10-23 05:59:16.377058 +00:00,2025-10-23 05:59:16.377074 +00:00,
928,01051,"","TOSHKЕNT SH., ""KRЕDIT-STANDART"" OAT BANKINING TOSHKЕNT SHAXAR FILIALI","ТАШКЕНТ, ДВА КОМПЬЮТЕРА БАНКА «КРЕДИТ-СТАНДАРТ»","TASHKENT, TWO COMPUTER OF THE BANK ""CREDIT-STANDARD""",true,2025-10-23 05:59:16.389308 +00:00,2025-10-23 05:59:16.389324 +00:00,
929,01053,"","NAMANGAN SH., ""ALP JAMOL BANK"" XOAT BANKINING NAMANGAN FILIALI",НАМАНГАН Ш. НАМАНГАНСКИЙ ФИЛИАЛ БАНКА «АЛП ДЖАМОЛ»,NAMANGAN SH. NAMANGAN BRANCH OF ALP JAMOL BANK,true,2025-10-23 05:59:16.402588 +00:00,2025-10-23 05:59:16.402613 +00:00,
930,01059,"","KARSHI SH., ""UKTAMBANK"" OAT BANKINING KASHKADARYO VILOYAT FILIALI","КАРШИ Ш. КАШКАДАРЬИНСКИЙ ОБЛАСТНОЙ ФИЛИАЛ ОАО ""УКТАМБАНК БАНК""",KARSHI SH. KASHKADARYA REGIONAL BRANCH OF UKTAMBANK OJSC BANK,true,2025-10-23 05:59:16.428493 +00:00,2025-10-23 05:59:16.428510 +00:00,
931,01062,"","SAMARKAND SH., ""ALP JAMOL BANK"" XOAT BANKINING SAMARKAND FILIALI","САМАРКАНДСКОЕ Ш., АЛЬП ДЖАМОЛ БАНК ХОАТ БАНК САМАРКАНДСКИЙ ФИЛИАЛ","SAMARKAND SH., ALP JAMOL BANK HOAT BANK SAMARKAND BRANCH",true,2025-10-23 05:59:16.441850 +00:00,2025-10-23 05:59:16.441867 +00:00,
932,01067,"","TOSHKЕNT SH., ""IPAK YULI"" AIT BANKINING CHILONZOR FILIALI","ТАШКЕНТ, «СИЛК ЮЛИ» АИТ БАНАН ЧИЛАНЗАРСКИЙ ФИЛИАЛ СИЛК ЮЛИ","TASHKENT, ""SILK YULI"" AIT BANAN CHILANZAR BRANCH OF SILK YULI",true,2025-10-23 05:59:16.454491 +00:00,2025-10-23 05:59:16.454515 +00:00,
933,01069,"","TOSHKЕNT SH., ""DAVR-BANK"" XAT BANKINING YAKKASAROY FILIALI","ТАШКЕНТСКОЕ Ш., «ДАВР-БАНК» ЯККАСАРАЙСКИЙ ФИЛИАЛ ПИСЬМО П.П.","TASHKENT SH., ""DAVR-BANK"" YAKKASARAY BRANCH OF THE LETTER OF PARAGRAPH",true,2025-10-23 05:59:16.470159 +00:00,2025-10-23 05:59:16.470185 +00:00,
934,01072,"","TOSHKЕNT SH., ""DAVR-BANK"" XAT BANKINING MIRZO ULUGBЕK FILIALI","ТАШКЕНТ, ФИЛИАЛ «ДАВР-БАНК» МИРЗО УЛУГБЕКА","TASHKENT, ""DAVR-BANK"" BRANCH OF MIRZO ULUGBEK",true,2025-10-23 05:59:16.484314 +00:00,2025-10-23 05:59:16.484330 +00:00,
935,01076,"","KUKON SH., ""IPOTЕKA-BANK"" ATIB KUKON FILIALI","КУЛ Ш., ИПОТЕКА-БАНК КУКОМОПСКИЙ ФИЛИАЛ","COOL SH., IPOTEKA-BANK KUKOMOP BRANCH",true,2025-10-23 05:59:16.497711 +00:00,2025-10-23 05:59:16.497731 +00:00,
936,01081,"","YANGIYUL T., ""IPAK YULI"" AIT BANKINING YANGIYUL FILIALI","ЯНГИЮЛЬ Т., «ШЕЛКОВЫЙ ПУТЬ» АИТ ПРАВЛЕНИЕ ЯНГИЮЛЬСКОГО ФИЛИАЛА АИТ","YANGIYUL T., ""SILK ROAD"" AIT BOARD OF THE YANGIYUL BRANCH OF AIT",true,2025-10-23 05:59:16.509530 +00:00,2025-10-23 05:59:16.509547 +00:00,
937,01085,"","NAMANGAN SH., ""KAPITALBANK"" AT BANKINING NAMANGAN FILIALI","НАМАНГАН Ш., НАМАНГАНСКИЙ ФИЛИАЛ КАПИТАЛБАНКА AT BANK","NAMANGAN SH., NAMANGAN BRANCH OF KAPITALBANK AT BANK",true,2025-10-23 05:59:16.525484 +00:00,2025-10-23 05:59:16.525498 +00:00,
938,01086,"","TOSHKЕNT SH., ""DAVR-BANK"" XAT BANKINING UCHTЕPA FILIALI","ТАШКЕНТ, ХИРЕПЕПИНСКИЙ ФИЛИАЛ ПОЧТОВОГО БАНКА ""ДАВР-БАНК""","TASHKENT, ""DAVR-BANK"" HIREPEPA BRANCH OF LETTER BANK",true,2025-10-23 05:59:16.544893 +00:00,2025-10-23 05:59:16.544908 +00:00,
939,01088,"","TOSHKЕNT SH., ""KAPITALBANK"" AT BANKINING BOSH OFISI","ТАШКЕНТ, ГОЛОВНОЙ ОФИС АТ БАНКА КАПИТАЛБАНКА","TASHKENT, HEAD OFFICE OF AT BANK OF KAPITALBANK",true,2025-10-23 05:59:16.557819 +00:00,2025-10-23 05:59:16.557834 +00:00,
940,01095,"","TOSHKЕNT SH., ""ASIA ALLIANCE BANK"" AT BANKI","ТАШКЕНТ, ASIA ALLIANCE BANK BANK","TASHKENT, ASIA ALLIANCE BANK BANK",true,2025-10-23 05:59:16.572027 +00:00,2025-10-23 05:59:16.572044 +00:00,
941,01101,"","TOSHKЕNT SH., ""IPAK YULI"" AIT BANKINING MIROBOD FILIALI","ТАШКЕНТ, ПРАВЛЕНИЕ АИТ «СИЛК ЮЛИ» МИРАБАДСКОГО ФИЛИАЛА АИТ","TASHKENT, ""SILK YULI"" AIT BOARD OF MIRABAD BRANCH OF AIT",true,2025-10-23 05:59:16.585591 +00:00,2025-10-23 05:59:16.585607 +00:00,
942,01119,"","KARSHI SH., ""IPAK YULI"" AIT BANKINING KARSHI FILIALI","КАРШИНСКОЕ Ш., «ШЕЛКОВЫЙ ПУТЬ» КАРШИНСКИЙ ФИЛИАЛ АЙТ БАНКА","KARSHI SH., SILK ROAD ""KARSHI BRANCH OF AIT BANK",true,2025-10-23 05:59:16.597410 +00:00,2025-10-23 05:59:16.597425 +00:00,
943,01120,"","ANDIJON SH., ""IPAK YULI"" AIT BANKINING ANDIJON FILIALI","АНДИЖАН Ш., АНДИЖАНСКИЙ ФИЛИАЛ ИПАК ЙУЛИ АЙТ БАНКА","ANDIJAN SH., IPAK YULI AIT BANK ANDIJAN BRANCH",true,2025-10-23 05:59:16.610869 +00:00,2025-10-23 05:59:16.610884 +00:00,
944,01121,"","TOSHKЕNT SH., ""DAVR-BANK"" XAT BANKINING OLMAZOR FILIALI","ТАШКЕНТСКОЕ Ш., АЛМАРСКИЙ ФИЛИАЛ ПОЧТОВОГО БАНКА «ДАВР-БАНК»","TASHKENT SH., ""DAVR-BANK"" ALMAR BRANCH OF THE LETTER BANK",true,2025-10-23 05:59:16.623741 +00:00,2025-10-23 05:59:16.623760 +00:00,
945,01122,"","TOSHKЕNT SH., ""DAVR-BANK"" XAT BANKINING YUNUSOBOD FILIALI","ТАШКЕНТ, ЮНУСАБАДСКИЙ ФИЛИАЛ ПОЧТОВОГО БАНКА «ДАВР-БАНК»","TASHKENT, ""DAVR-BANK"" YUNUSABAD BRANCH OF LETTER BANK",true,2025-10-23 05:59:16.640088 +00:00,2025-10-23 05:59:16.640107 +00:00,
946,01130,"","ZANGIOTA T., ""IPOTЕKA-BANK"" ATIB ZANGIOTA FILIALI","ЗАНГИОТА Т., ЗАНГИОТСКИЙ ФИЛИАЛ ИПОТЕКА БАНКА","ZANGIOTA T., ZANGIOTA BRANCH OF IPOTEKA BANK",true,2025-10-23 05:59:16.678394 +00:00,2025-10-23 05:59:16.678425 +00:00,
947,01145,"","TOSHKЕNT SH., ""IPAK YULI"" AIT BANKINING SHAYXONTOXUR FILIALI","Г.ТАШКЕНТ, ШАЙХАНТАХУРСКИЙ ФИЛИАЛ МАИТ «СИЛК ЮЛИ»","TASHKENT, ""SILK YULI"" SHAYKHANTAHUR BRANCH OF AIT",true,2025-10-23 05:59:16.692382 +00:00,2025-10-23 05:59:16.692403 +00:00,
948,09003,"","TOSHKЕNT SH., ""UZSANOATKURILISHBANKI"" ATB TULOV MARKAZI","ТАШКЕНТ, УЗСАНОТУРИЛИШБАНК ЦЕНТР","TASHKENT, UZSANOTURILISHBANK CENTER",true,2025-10-23 05:59:16.709874 +00:00,2025-10-23 05:59:16.709892 +00:00,
949,09010,"","TOSHKЕNT SH., ""ZAMIN"" DAI BANKINING XISOB-KITOB MARKAZI","ТАШКЕНТСКОЕ Ш., СЧЁТНЫЙ ЦЕНТР ДАИ БАНК ""ЗАМИН""","TASHKENT SH., ""ZAMIN"" DAI BANK COUNTING CENTER",true,2025-10-23 05:59:16.723222 +00:00,2025-10-23 05:59:16.723241 +00:00,
950,09014,"","TOSHKЕNT SH., ""IPAK YULI"" AIT BANKINING XISOB-KITOB MARKAZI","ТАШКЕНТ, БУХГАЛТЕРСКИЙ ЦЕНТР ""СИЛК ЮЛИ"" АИТ БАНАЛ","TASHKENT, ""SILK YULI"" AIT BANAL OF ACCOUNTING CENTER",true,2025-10-23 05:59:16.734006 +00:00,2025-10-23 05:59:16.734031 +00:00,
951,09018,"","SAMARKAND SH., ""PARVINA BANK"" XYOAT BANKINING TULOV MARKAZI","САМАРКАНД Ш., ПАРВИНА БАНК ХЁТЕР БАНОВ ЦЕНТР ТУЛОВА","SAMARKAND SH., PARVINA BANK HYOTHER BANOV CENTER FOR TULOV",true,2025-10-23 05:59:16.744621 +00:00,2025-10-23 05:59:16.744636 +00:00,
952,09020,"","TOSHKЕNT SH., ""ZIRAAT BANK UZBEKISTAN"" AJ TULOV MARKAZI","ТАШКЕНТ, АО «ЗИРААТ БАНК УЗБЕКИСТАН» ЦЕНТР ТУЛАВ ЦЕНТР","TASHKENT, ZIRAAT BANK UZBEKISTAN JSC CENTER OF TULAV CENTER",true,2025-10-23 05:59:16.760917 +00:00,2025-10-23 05:59:16.760936 +00:00,
953,09032,"","TOSHKЕNT SH.,"" UZPRIVATBANK"" UZBЕK XALKARO BANKINING TULOV MARKAZI","ТАШКЕНТ, УЗПРИВИВАДБАНК ЦЕНТР УЗБЕКА БОАЛ БАНОВА ТУЛОВА","TASHKENT, UZPRIVIVADBANK UZBEK BOAL BANOV CENTER FOR TULOV",true,2025-10-23 05:59:16.776837 +00:00,2025-10-23 05:59:16.776855 +00:00,
954,09033,"","TOSHKЕNT SH., ""IPOTЕKA-BANK"" ATIB TULOV MARKAZI","ТАШКЕНТ, ИПОТЕКА-БАНК ВУЛОВ ЦЕНТР","TASHKENT, IPOTEKA-BANK VULOV CENTER",true,2025-10-23 05:59:16.791523 +00:00,2025-10-23 05:59:16.791543 +00:00,
956,09036,"","TOSHKЕNT SH., ""ALP JAMOL BANK"" XOAT BANKINING XISOB-KITOB MARKAZI","ТАШКЕНТ, УЧЕТНЫЙ ЦЕНТР ГОСУДАРСТВЕННОГО БАНКА «АЛЬП ДЖАМОЛ БАНК»","TASHKENT, ALP JAMOL BANK PUBLIC BANK ACCOUNTING CENTER",true,2025-10-23 05:59:16.817815 +00:00,2025-10-23 05:59:16.817838 +00:00,
957,09040,"","TOSHKЕNT SH., ""UKTAMBANK"" OAT BANKINING TULOV MARKAZI","ТАШКЕНТ, ОАО «УКТААМБАНК», «БАНОВ ЦЕНТР»","TASHKENT, UKTAAMBANK OJSC BANOV CENTER",true,2025-10-23 05:59:16.831860 +00:00,2025-10-23 05:59:16.831888 +00:00,
958,09044,"","TOSHKЕNT SH., ""BIZNЕS BANK"" XOAT BANKINING XISOB-KITOB MARKAZI","ТАШКЕНТ, БИЗНЕС БАНК БАНКОВСКИЙ РАСЧЕТНЫЙ ЦЕНТР","TASHKENT, BUSINESS BANK BANKING SETTLEMENT CENTER",true,2025-10-23 05:59:16.844198 +00:00,2025-10-23 05:59:16.844214 +00:00,
959,09047,"","SAMARKAND SH., ""SAMARKANDBANK"" XYOAT BANKINING TULOV MARKAZI","САМАРКАНДСКОЕ Ш., САМАРКАНДБАНК ХИЯТ БАНК ЦЕНТР","SAMARKAND SH., SAMARKANDBANK HYYAT BANK CENTER",true,2025-10-23 05:59:16.858076 +00:00,2025-10-23 05:59:16.858096 +00:00,
960,09049,"","TOSHKЕNT SH., ""KAPITALBANK"" AT BANKINING XISOB-KITOB MARKAZI","ТАШКЕНТ, ЦЕНТР ОТЧЕТНОСТИ КАПИТАЛБАНКА ПО ИТ «АТ БАНК»","TASHKENT, KAPITALBANK'S REPORTING CENTER FOR THE IT ""AT BANK""",true,2025-10-23 05:59:16.875835 +00:00,2025-10-23 05:59:16.875853 +00:00,
961,09050,"","TOSHKЕNT SH., ""RAVNAKBANK"" XOAT BANKINING TULOV MARKAZI","ТАШКЕНТ, РАВНАКБАНК КОАТ БАНК ЦЕНТР","TASHKENT, RAVNAKBANK KOAT BANK CENTER",true,2025-10-23 05:59:16.889977 +00:00,2025-10-23 05:59:16.889995 +00:00,
962,09051,"","TOSHKЕNT SH., ""DAVR-BANK"" XAT BANKINING TULOV MARKAZI","ТАШКЕНТ, «ДАВР-БАНК» СООТВЕТСТВИЕ П.П.","TASHKENT, ""DAVR-BANK"" CORRESPONDENCE OF THE LETTER OF PARAGRAPH",true,2025-10-23 05:59:16.904984 +00:00,2025-10-23 05:59:16.905010 +00:00,
963,09052,"","TOSHKЕNT SH., ""KRЕDIT-STANDART"" OAT BANKINING TULOV MARKAZI","ТАШКЕНТ, ОАО ЦЕНТР «КРЕДИТ-СТАНДАРТ»","TASHKENT, CREDIT-STANDARD OJSC CENTER",true,2025-10-23 05:59:16.919305 +00:00,2025-10-23 05:59:16.919323 +00:00,
964,09055,"","TOSHKЕNT SH., ""ASIA ALLIANCE BANK"" AT BANKI TULOV MARKAZI","ТАШКЕНТ, ASIA ALLIANCE BANK АТ БАНК ТУЛОВ ЦЕНТР","TASHKENT, ASIA ALLIANCE BANK AT BANK TOULOV CENTER",true,2025-10-23 05:59:16.932071 +00:00,2025-10-23 05:59:16.932089 +00:00,
965,09001,"","TOSHKЕNT SH., MARKAZIY BANKNING TULOV MARKAZI","ТАШКЕНТ, ПЛАТЕЛЬЩИК ЦБ","TASHKENT, PAYER OF THE CENTRAL BANK",true,2025-10-23 05:59:16.942146 +00:00,2025-10-23 05:59:16.942165 +00:00,
966,01168,"","FARGONA SH., ""IPAK YULI"" AIT BANKINING FARGONA FILIALI",ФЕРГАНА Ш. ФЕРГАНСКИЙ ФИЛИАЛ SILK YULI AIT BANK,FERGANA SH. FERGANA BRANCH OF SILK YULI AIT BANK,true,2025-10-23 05:59:16.953461 +00:00,2025-10-23 05:59:16.953479 +00:00,
967,00973,"","KUKON SH., AT BANKI ""UNIVЕRSAL BANK"" BOSH OFISI","КУЛ Ш., IT-БАНК ГОЛОВНОЙ ОФИС «УНИВЕРСАЛ БАНКА»","COOL SH., IT BANK HEAD OFFICE OF ""UNIVERSAL BANK""",true,2025-10-23 05:59:16.963846 +00:00,2025-10-23 05:59:16.963864 +00:00,
968,09048,"","KUKON SH., AT BANKI ""UNIVЕRSAL BANK"" TULOV MARKAZI","КУЛ Ш., ИТ БАНК УНИВЕРСАЛ БАНК ТУЛАВ ЦЕНТР","COOL SH., IT BANK UNIVERSAL BANK TULAV CENTER",true,2025-10-23 05:59:16.974824 +00:00,2025-10-23 05:59:16.974842 +00:00,
969,00824,"","TOSHKЕNT SH., AT XALK BANKI YAKKASAROY FILIALI","ТАШКЕНТ, ИТ ЯККАСАРАЙСКИЙ ФИЛИАЛ БАНКА","TASHKENT, IT YAKKASARAY BRANCH OF THE BANK",true,2025-10-23 05:59:16.990352 +00:00,2025-10-23 05:59:16.990372 +00:00,
970,00041,"","JALOLKUDUK T., ""MIKROKRЕDITBANK"" ATB OXUNBOBOYEV FILIALI","ЖАЛАЛКУК Т., JALLCRADBANK АКБ АХУНБОБОЕВСКИЙ ФИЛИАЛ","JALALKUK T., JALLCRADBANK JSCB AKHUNBOBOYEV BRANCH",true,2025-10-23 05:59:17.004483 +00:00,2025-10-23 05:59:17.004509 +00:00,
971,00050,"","OLTINKUL T., ""MIKROKRЕDITBANK"" ATB OLTINKUL FILIALI","АЛЬТОДИЛ К., ГОЛДККБАНСКИЙ ФИЛИАЛ АТБ «МИКРОКРЕДИТБАНК»","ALTODIL K., GOLDKKBAN BRANCH ATB ""MIKROKREDITBANK""",true,2025-10-23 05:59:17.017101 +00:00,2025-10-23 05:59:17.017119 +00:00,
972,00106,"","KOGON SH., ""MIKROKRЕDITBANK"" ATB KOGON FILIALI",КОГАН Ш. КОГОНСКИЙ ФИЛИАЛ МИКРОКРЕДИТБАНКА,KOGAN SH. COGON BRANCH OF MICROCREDITBANK,true,2025-10-23 05:59:17.032446 +00:00,2025-10-23 05:59:17.032535 +00:00,
973,00144,"","MIRZACHUL T., ""MIKROKRЕDITBANK"" ATB MIRZACHUL FILIALI","МИРЗАЧУЛЬ Т., МИРЗАЧУЛЬСКИЙ ФИЛИАЛ МИКРОКРЕДИТБАНКА","MIRZACHUL T., MIRZACHUL BRANCH OF MIKROKREDITBANK",true,2025-10-23 05:59:17.043917 +00:00,2025-10-23 05:59:17.043936 +00:00,
974,00252,"","YANGIKURGON T., ""MIKROKRЕDITBANK"" ATB YANGIKURGON FILIALI","ЯНГИКУРГОН Т., «МИКРОКРЕДИТБАНК» ЮНИКУРГОНСКИЙ ФИЛИАЛ","YANGIKURGON T., ""MICROCREDITBANK"" JUNIKURGON BRANCH",true,2025-10-23 05:59:17.057160 +00:00,2025-10-23 05:59:17.057186 +00:00,
975,01170,"","KUYICHIRCHIK T., ""IPOTЕKA-BANK"" ATIB DUSTOBOD FILIALI","КУЙИЧИРЧИК Т., ФИЛИАЛ «ИПОТЕКА-БАНК» ДУСТАБАД","KUYICHIRCHIK T., ""IPOTEKA-BANK"" DUSTABAD BRANCH",true,2025-10-23 05:59:17.070509 +00:00,2025-10-23 05:59:17.070529 +00:00,
976,01172,"","TOSHKЕNT SH., ""POYTAXT BANK"" AKSIYADORLIK JAMIYATI","ТАШКЕНТ, АКЦИОНЕРНОЕ ОБЩЕСТВО «ПОЙТАХТ БАНК»","TASHKENT, ""POYTAKHT BANK"" JOINT STOCK COMPANY",true,2025-10-23 05:59:17.083561 +00:00,2025-10-23 05:59:17.083588 +00:00,
977,00622,"","XUJAYLI T., TIF MILLIY BANKINING XUJAYLI FILIALI","ХОДЖЛАЙЛИ Т., TIF НАЦИОНАЛЬНЫЙ БАНК ХОДЖАЯЛИ ФИЛИАЛ","HOJLAYLY T., TIF NATIONAL BANK HOJAYALI BRANCH",true,2025-10-23 05:59:17.104044 +00:00,2025-10-23 05:59:17.104064 +00:00,
978,00879,"","PAXTAOBOD SH., TIF MILLIY BANKINING PAXTAOBOD FILIALI","ПАХТААБАДСКОЕ Ш., ПАХТААБАДСКИЙ ФИЛИАЛ ТИФ","PAKHTAABAD SH., TIF PAKHTAABAD BRANCH",true,2025-10-23 05:59:17.121090 +00:00,2025-10-23 05:59:17.121111 +00:00,
979,00900,"","BULUNGUR T., TIF MILLIY BANKINING BULUNGUR FILIALI","БУЛУНГУР Т., БУЛУНУРСКИЙ ФИЛИАЛ ТИФ НАЦИОНАЛЬНОГО БАНКА","BULUNGUR T., TIF NATIONAL BANK BULUNUR BRANCH",true,2025-10-23 05:59:17.138101 +00:00,2025-10-23 05:59:17.138119 +00:00,
980,01134,"","OXANGARON T., CHЕT EL KAPITALI ISHTIROKIDAGI ""SAVDOGAR"" ATB OXANGARON FILIALI","АХАНГАРОН Т., ФИЛИАЛ «САВДОГАР» С ИНОСТРАННЫМ КАПИТАЛОМ","AKHANGARON T., ""SAVDOGAR"" BRANCH WITH FOREIGN CAPITAL",true,2025-10-23 05:59:17.150530 +00:00,2025-10-23 05:59:17.150549 +00:00,
981,00465,"","BUKA T., CHЕT EL KAPITALI ISHTIROKIDAGI ""SAVDOGAR"" ATB BUKA FILIALI","БУКА Т., БУХАКЕР «ТРЕЙД» КОМПАНИИ «ТРЕЙД» С УЧАСТИЕМ ИНОСТРАННОГО КАПИТАЛА","BUKA T., BUKHAKER ""TRADE"" OF ""TRADE"" WITH THE PARTICIPATION OF FOREIGN CAPITAL",true,2025-10-23 05:59:17.169892 +00:00,2025-10-23 05:59:17.169920 +00:00,
982,01078,"","TOSHKЕNT SH., ""ORIYENT FINANS"" XATB YAKKASAROY FILIALI","ТАШКЕНТ, ЯККАСАРАЙСКИЙ ФИЛИАЛ «ОРИЕНТ ФИНАНС»","TASHKENT, ""ORIENT FINANCE"" YAKKASARAY BRANCH",true,2025-10-23 05:59:17.182588 +00:00,2025-10-23 05:59:17.182601 +00:00,
983,00188,"","MUBORAK T., ""MIKROKRЕDITBANK"" ATB MUBORAK FILIALI","МУБАРЕК Т., АКБ «МИКОРАКИТБАНК», ФИЛИАЛ «МИКОРАК»","MUBAREK T., MIKOROKREDITBANK JSCB MIKORAK BRANCH",true,2025-10-23 05:59:17.195157 +00:00,2025-10-23 05:59:17.195171 +00:00,
984,00268,"","NARPAY T., ""MIKROKRЕDITBANK"" ATB OKTOSH FILIALI","НАРПАЙ Т., АО «МИКРОКРЕДИТБАНК» ОКТОШ","NARPAY T., ""MICROCREDITBANK"" JSC OKTOSH",true,2025-10-23 05:59:17.208938 +00:00,2025-10-23 05:59:17.208962 +00:00,
985,01058,"","YAKKABOG T., ""MIKROKRЕDITBANK"" ATB YAKKABOG FILIALI","ЯККАБОГ Т., ЯККАБОГСКИЙ ФИЛИАЛ МИКРОКРЕДИТБАНКА","YAKKABOG T., YAKKKABOG BRANCH OF MICROCREDITBANK",true,2025-10-23 05:59:17.220964 +00:00,2025-10-23 05:59:17.220984 +00:00,
986,01073,"","UCHKUDUK T., ""MIKROKRЕDITBANK"" ATB UCHKUDUK FILIALI","УЧКУДУК Т., АКБ УККУДУК ФИЛИАЛ «МИКРОКРЕДИТБАНКА»","UCHKUDUK T., JSCB UKKUDUK BRANCH OF ""MICROCREDITBANK""",true,2025-10-23 05:59:17.230871 +00:00,2025-10-23 05:59:17.230893 +00:00,
987,01093,"","CHIMBOY T., ""MIKROKRЕDITBANK"" ATB CHIMBOY FILIALI","ЧИМБАЙ Т., АКБ ЧИМБАЙСКИЙ ФИЛИАЛ «МИКРОКРЕДИТБАНК»","CHIMBAY T., JSCB CHIMBAY BRANCH ""MICROCREDITBANK""",true,2025-10-23 05:59:17.250800 +00:00,2025-10-23 05:59:17.250822 +00:00,
988,00032,"","PAXTAOBOD T., ""MIKROKRЕDITBANK"" ATB PAXTAOBOD FILIALI","ДЖОББАБАД Т., АО «МИКРОКРЕДИТБАНК»","JOBBABAD T., JSC ""MICROCREDITBANK""",true,2025-10-23 05:59:17.265398 +00:00,2025-10-23 05:59:17.265420 +00:00,
989,00034,"","ASAKA T., ""MIKROKRЕDITBANK"" ATB ASAKA FILIALI","АСАКА Т., ФИЛИАЛ «МИКРОКРЕДИТБАНК» АСАКА","ASAKA T., ""MICROCREDITBANK"" ASAKA BRANCH",true,2025-10-23 05:59:17.278989 +00:00,2025-10-23 05:59:17.279007 +00:00,
990,00038,"","SHAXRIXON T., ""MIKROKRЕDITBANK"" ATB SHAXRIXON FILIALI","ШАХРАН Т., ШАХРИ ХАН ФИЛИАЛ МИКРОКРЕДИТБАНКА","SHAHRAN T., SHAHRI KHAN BRANCH OF MICROCREDITBANK",true,2025-10-23 05:59:17.290252 +00:00,2025-10-23 05:59:17.290267 +00:00,
991,00063,"","ANDIJON T., ""MIKROKRЕDITBANK"" ATB KUYGAN-YOR FILIALI",АНДИЖАНСКИЙ Т. ГОРИТ АО «МИКРОКРЕДИТБАНК»,"ANDIJAN T., JSC ""MICROCREDITBANK"" BURNS",true,2025-10-23 05:59:17.301464 +00:00,2025-10-23 05:59:17.301477 +00:00,
992,00067,"","BALIKCHI T., ""MIKROKRЕDITBANK"" ATB BALIKCHI FILIALI","БАЛИКИ Т., МИКРОКРЕДИТБАНК","BALIKI T., MIKROKREDITBANK",true,2025-10-23 05:59:17.316031 +00:00,2025-10-23 05:59:17.316048 +00:00,
993,00904,"","OLTIARIK T., ""ASAKA"" AT BANKI OLTIARIK FILIALI","ОТТАРИК Т., АЛТАРИКСКИЙ ФИЛИАЛ «АСАКА»","OTTARIK T., ALTARIK BRANCH OF ""ASAKA""",true,2025-10-23 05:59:17.328269 +00:00,2025-10-23 05:59:17.328284 +00:00,
994,00971,"","MARGILON SH., ""ASAKA"" AT BANKI MARGILON FILIALI","МАРГИЛОН Ш., АСАКА АТ БАНК МАРГИЛОНСКИЙ ФИЛИАЛ","MARGILON SH., ASAKA AT BANK MARGILON BRANCH",true,2025-10-23 05:59:17.338812 +00:00,2025-10-23 05:59:17.338832 +00:00,
995,00972,"","ANDIJON SH., ""ASAKA"" AT BANKI FARXOD FILIALI","АНДИЖАН, АСАКА АТ БАНК ФАРХОДСКИЙ ФИЛИАЛ","ANDIJAN, ASAKA AT BANK FARHOD BRANCH",true,2025-10-23 05:59:17.349932 +00:00,2025-10-23 05:59:17.349946 +00:00,
996,01004,"","SAMARKAND SH., ""ASAKA"" AT BANKI AFROSIYOB FILIALI","САМАРКАНДСКОЕ Ш., АСАКА АТ ФИЛИАЛ БАНКА АФРОСИАБ","SAMARKAND SH., ASAKA AT BANK AFROSIYOB BRANCH",true,2025-10-23 05:59:17.364248 +00:00,2025-10-23 05:59:17.364263 +00:00,
997,01027,"","BUXORO SH., ""ASAKA"" AT BANKI BUXORO SHAXAR FILIALI",БУХАРА НД. БАНК «АСАКА» БУХАРА БУХАРСКИЙ ФИЛИАЛ,"BUKHARA ND. BANK ""ASAKA"" BUKHARA BUKHARA BRANCH",true,2025-10-23 05:59:17.374218 +00:00,2025-10-23 05:59:17.374232 +00:00,
998,00843,"","CHUST T., TIF MILLIY BANKINING CHUST FILIALI","ЧУСТ Т., ЧУСТСКИЙ ФИЛИАЛ ТИФ НАЦИОНАЛЬНОГО БАНКА","CHUST T., TIF NATIONAL BANK CHUST BRANCH",true,2025-10-23 05:59:17.386180 +00:00,2025-10-23 05:59:17.386199 +00:00,
999,00856,"","KUVASOY SH., TIF MILLIY BANKINING KUVASOY FILIALI","КУВАСОЙ Ш., КУВОСОЙСКИЙ ФИЛИАЛ ТИФ НАЦИОНАЛЬНОГО БАНКА","KUVASOY SH., KUVOSOY BRANCH OF TIF NATIONAL BANK",true,2025-10-23 05:59:17.397148 +00:00,2025-10-23 05:59:17.397169 +00:00,
1000,00887,"","BUVAYDA T., TIF MILLIY BANKINING BUVAYDA FILIALI","БУВАЙДА Т., БУВАЙДСКИЙ ФИЛИАЛ НАЦИОНАЛЬНОГО БАНКА TIF","BUWAYDA T., BUWAYDA BRANCH OF TIF NATIONAL BANK",true,2025-10-23 05:59:17.409173 +00:00,2025-10-23 05:59:17.409188 +00:00,
1001,00889,"","KOSONSOY T., TIF MILLIY BANKINING KOSONSOY FILIALI","КОСОНСОЙ Т., КОСОНСОЙ ФИЛИАЛ ТИФ НАЦИОНАЛЬНОГО БАНКА","KOSONSOY T., KOSONSOY BRANCH OF TIF NATIONAL BANK",true,2025-10-23 05:59:17.422311 +00:00,2025-10-23 05:59:17.422329 +00:00,
1002,00903,"","IZBOSKAN T., TIF MILLIY BANKINING IZBOSKAN FILIALI","ИЗБОСКАН Т., ИЗБОСКАНСКИЙ ФИЛИАЛ ТИФ НАЦИОНАЛЬНОГО БАНКА","IZBOSKAN T., IZBOSKAN BRANCH OF TIF NATIONAL BANK",true,2025-10-23 05:59:17.437126 +00:00,2025-10-23 05:59:17.437145 +00:00,
1003,00908,"","CHIMBOY T., TIF MILLIY BANKINING CHIMBOY FILIALI","ЧИМБОЙ Т., ЧИМБОЙСКИЙ ФИЛИАЛ НАЦИОНАЛЬНОГО БАНКА TIF","CHIMBOY T., CHIMBOY BRANCH OF TIF NATIONAL BANK",true,2025-10-23 05:59:17.448404 +00:00,2025-10-23 05:59:17.448421 +00:00,
1004,00921,"","NISHON T., TIF MILLIY BANKINING YANGI-NISHON FILIALI","НИШОН Т., НЬЮ-НИШОНСКИЙ ФИЛИАЛ НАЦИОНАЛЬНОГО БАНКА TIF","NISHON T., NEW NISHON BRANCH OF TIF NATIONAL BANK",true,2025-10-23 05:59:17.461071 +00:00,2025-10-23 05:59:17.461099 +00:00,
1005,00925,"","KOROVULBOZOR T., TIF MILLIY BANKINING KOROVULBOZOR FILIALI","КОРОВУЛБОЗОР Т., КОРОВУЛБОЗОРСКИЙ ФИЛИАЛ ТИФ НАЦИОНАЛЬНОГО БАНКА","KOROVULBOZOR T., KOROVULBOZOR BRANCH OF TIF NATIONAL BANK",true,2025-10-23 05:59:17.480742 +00:00,2025-10-23 05:59:17.480792 +00:00,
1006,00938,"","ShЕROBOD T., TIF MILLIY BANKINING ShЕROBOD FILIALI","ШЕРОБАД Т., ШЕРОБАДСКИЙ ФИЛИАЛ ТИФ НАЦИОНАЛЬНОГО БАНКА","SHEROBAD T., SHEROBAD BRANCH OF TIF NATIONAL BANK",true,2025-10-23 05:59:17.492992 +00:00,2025-10-23 05:59:17.493019 +00:00,
1007,00883,"","TOSHKЕNT Sh., AT XALK BANKI TOSHKЕNT VILOYAT FILIALI AMALIYOT BULIMI","ОПЕРАЦИОННЫЙ ОТДЕЛ ТАШКЕНТСКОГО ОБЛАСТНОГО ФИЛИАЛА ХАЛК БАНКА, ТАШКЕНТ Ш.","OPERATIONAL DEPARTMENT OF TASHKENT REGIONAL BRANCH AT HULK BANK, TASHKENT Sh.",true,2025-10-23 05:59:17.507072 +00:00,2025-10-23 05:59:17.507089 +00:00,
1008,00001,"","TOSHKЕNT Sh., MARKAZIY BANKNING BANKLARARO XISOB-KITOBLAR MARKAZI","МЕЖБАНКОВСКИЙ УЧЕТНЫЙ ЦЕНТР ЦЕНТРАЛЬНОГО БАНКА, ТАШКЕНТ Ш.","INTERBANK ACCOUNTING CENTER OF THE CENTRAL BANK, TASHKENT Sh",true,2025-10-23 05:59:17.524061 +00:00,2025-10-23 05:59:17.524080 +00:00,
1009,00002,"","TOSHKЕNT Sh., MARKAZIY BANKNING CHAKANA TULOVLAR KLIRING MARKAZI",РОЗНИЧНЫЙ КЛИРИНГОВЫЙ ЦЕНТР ЦЕНТРАЛЬНОГО БАНКА г. ТАШКЕНТ Ш.,"RETAIL PAYMENTS CLEARING CENTER OF THE CENTRAL BANK, TASHKENT Sh",true,2025-10-23 05:59:17.538425 +00:00,2025-10-23 05:59:17.538455 +00:00,
1010,00003,"","TOSHKЕNT Sh., MARKAZIY BANKNING TЕZKOR TULOVLAR KLIRING MARKAZI","ТАШКЕНТСКОЕ Ш., КЛИРИНГОВЫЙ ЦЕНТР БЫСТРЫХ ПЛАТЕЖЕЙ ЦЕНТРАЛЬНОГО БАНКА","TASHKENT Sh., CENTRAL BANK'S FAST PAYMENT CLEARING CENTER",true,2025-10-23 05:59:17.551095 +00:00,2025-10-23 05:59:17.551111 +00:00,
1011,00099,"","KOROVULBOZOR T., ""AGROBANK"" ATB KOROVULBOZOR FILIALI","КОРОВУЛБОЗОР Т., КОРОВУЛБОЗОРСКИЙ ФИЛИАЛ АТБ «АГРОБАНК»","KOROVULBOZOR T., KOROVULBOZOR BRANCH OF ""AGROBANK"" ATB",true,2025-10-23 05:59:17.563000 +00:00,2025-10-23 05:59:17.563029 +00:00,
1012,00183,"","KARSHI Sh., ""AGROBANK"" ATB BATOSH FILIALI","КАРШИНСКОЕ Ш., ""АГРОБАНК"" АТБ БАТОШСКИЙ ФИЛИАЛ","KARSHI Sh., ""AGROBANK"" ATB BATOSH BRANCH",true,2025-10-23 05:59:17.577355 +00:00,2025-10-23 05:59:17.577372 +00:00,
1013,00294,"","PAYARIK T., ""AGROBANK"" ATB PAYARIK FILIALI","ПАЯРИК Т., «АГРОБАНК» АТБ ПАЯРИКСКИЙ ФИЛИАЛ","PAYARIK T., ""AGROBANK"" ATB PAYARIK BRANCH",true,2025-10-23 05:59:17.591405 +00:00,2025-10-23 05:59:17.591419 +00:00,
1014,00314,"","KATTAKURGON Sh., ""AGROBANK"" ATB KATTAKURGON FILIALI","КАТТАКУРГОН Ш., «АГРОБАНК» АТБ КАТТАКУРГОНСКИЙ ФИЛИАЛ","KATTAKURGON Sh., ""AGROBANK"" ATB KATTAKURGON BRANCH",true,2025-10-23 05:59:17.603415 +00:00,2025-10-23 05:59:17.603428 +00:00,
1015,00391,"","MIRZAOBOD T., ""AGROBANK"" ATB MIRZAOBOD FILIALI","МИРЗАОБОД Т., «АГРОБАНК» АТБ МИРЗАОБОДСКИЙ ФИЛИАЛ","MIRZAOBOD T., ""AGROBANK"" ATB MIRZAOBOD BRANCH",true,2025-10-23 05:59:17.615644 +00:00,2025-10-23 05:59:17.615659 +00:00,
1016,00543,"","FURKAT T., ""AGROBANK"" ATB FURKAT FILIALI","ФУРКАТ Т., «АГРОБАНК» АТБ ФУРКАТСКИЙ ФИЛИАЛ","FURKAT T., ""AGROBANK"" ATB FURKAT BRANCH",true,2025-10-23 05:59:17.626816 +00:00,2025-10-23 05:59:17.626837 +00:00,
1017,00572,"","XOZARASP T., ""AGROBANK"" ATB PITNAK FILIALI","ХОЗАРАСП Т., «АГРОБАНК» АТБ ПИТНАКСКИЙ ФИЛИАЛ","KHOZARASP T., ""AGROBANK"" ATB PITNAK BRANCH",true,2025-10-23 05:59:17.639771 +00:00,2025-10-23 05:59:17.639783 +00:00,
1018,00577,"","XIVA T., ""AGROBANK"" ATB XIVA FILIALI","ХИВА Т., «АГРОБАНК» АТБ ХИВСКИЙ ФИЛИАЛ","XIVA T., ""AGROBANK"" ATB XIVA BRANCH",true,2025-10-23 05:59:17.650507 +00:00,2025-10-23 05:59:17.650521 +00:00,
1019,00450,"","TOSHKЕNT Sh., ""TIF MILLIY BANKI"" AJ BOSH OFISI","ТАШКЕНТСКОЕ Ш., АО ""ТИФ МИЛЛИЙ БАНК"" ГОЛОВНОЙ ОФИС","TASHKENT Sh., ""TIF MILLIY BANK"" JSC HEAD OFFICE",true,2025-10-23 05:59:17.662521 +00:00,2025-10-23 05:59:17.662535 +00:00,
1020,09002,"","TOSHKЕNT Sh., ""TIF MILLIY BANKI"" AJ XISOB-KITOB KLIRING MARKAZI",УЧЕТНО-КЛИРИНГОВЫЙ ЦЕНТР АО «ТИФ МИЛЛИЙ БАНКЫ» ТАШКЕНТ Ш,"ACCOUNT-BOOK CLEARING CENTER JSC ""TIF MILLIY BANKI"" TASHKENT Sh",true,2025-10-23 05:59:17.677635 +00:00,2025-10-23 05:59:17.677650 +00:00,
1021,00536,"","MARGILON Sh., TIF MILLIY BANKINING MARGILON FILIALI","МАРГИЛОН Ш., МАРГИЛОНСКИЙ ФИЛИАЛ ТИФ НАЦИОНАЛЬНОГО БАНКА","MARGILON Sh., MARGILON BRANCH OF TIF NATIONAL BANK",true,2025-10-23 05:59:17.696550 +00:00,2025-10-23 05:59:17.696572 +00:00,
1022,00833,"","XIVA Sh., TIF MILLIY BANKINING XIVA FILIALI","XIVA Ш., XIVA ФИЛИАЛ ТИФ НАЦИОНАЛЬНОГО БАНКА","XIVA Sh., XIVA BRANCH OF TIF NATIONAL BANK",true,2025-10-23 05:59:17.714251 +00:00,2025-10-23 05:59:17.714281 +00:00,
1023,00840,"","KATTAKURGON Sh., TIF MILLIY BANKINING KATTAKURGON FILIALI","КАТТАКУРГОНСКИЙ ФИЛИАЛ ТИФ НАЦИОНАЛЬНОГО БАНКА, КАТТАКУРГОН Ш.","KATTAKURGON BRANCH OF TIF NATIONAL BANK, KATTAKURGON Sh",true,2025-10-23 05:59:17.728516 +00:00,2025-10-23 05:59:17.728541 +00:00,
1024,00841,"","KURGONTЕPA Sh., TIF MILLIY BANKINING KURGONTЕPA FILIALI","КУРГОНТЕПА Ш., КУРГОНТЕПИНСКИЙ ФИЛИАЛ ТИФ НАЦИОНАЛЬНОГО БАНКА","KURGONTEPA Sh., KURGONTEPA BRANCH OF TIF NATIONAL BANK",true,2025-10-23 05:59:17.741635 +00:00,2025-10-23 05:59:17.741651 +00:00,
1025,00906,"","OLMALIK Sh., TIF MILLIY BANKINING OLMALIK FILIALI","ОЛМАЛИК Ш., ОЛМАЛИКСКИЙ ФИЛИАЛ ТИФ НАЦИОНАЛЬНОГО БАНКА","OLMALIK Sh., OLMALIK BRANCH OF TIF NATIONAL BANK",true,2025-10-23 05:59:17.758368 +00:00,2025-10-23 05:59:17.758385 +00:00,
1026,00919,"","CHIRCHIK Sh., TIF MILLIY BANKINING CHIRCHIK FILIALI","ЧИРЧИК Ш., ЧИРЧИКСКИЙ ФИЛИАЛ ТИФ НАЦИОНАЛЬНОГО БАНКА","CHIRCHIK SH., CHIRCHIK BRANCH OF TIF NATIONAL BANK",true,2025-10-23 05:59:17.772153 +00:00,2025-10-23 05:59:17.772168 +00:00,
1027,00922,"","SHAXRIXON T., TIF MILLIY BANKINING SHAXRIXON FILIALI","ШАХРИХАН Т., ШАКРИХАНСКИЙ ФИЛИАЛ ТИФ НАЦИОНАЛЬНОГО БАНКА","SHAKHRIKHAN T., SHAKRIKHAN BRANCH OF TIF NATIONAL BANK",true,2025-10-23 05:59:17.784521 +00:00,2025-10-23 05:59:17.784546 +00:00,
1028,00977,"","JALOLKUDUK T., ChЕT EL KAPITALI ISHTIROKIDAGI ""HAMKORBANK"" ATB JALAKUDUK FILIALI","ЖАЛОКУДУК Т., ЖАЛАКУДУКСКИЙ ФИЛИАЛ АТБ «ХАМКОРБАНК» С УЧАСТИЕМ ИНОСТРАННОГО КАПИТАЛА","JALOKUDUK T., JALAKUDUK BRANCH OF ""HAMKORBANK"" ATB WITH FOREIGN CAPITAL PARTICIPATION",true,2025-10-23 05:59:17.797141 +00:00,2025-10-23 05:59:17.797157 +00:00,
1029,00878,"","TOSHKЕNT Sh., ""TIF MILLIY BANKI"" AJ SHAYXONTOXUR FILIALI",ШЕЙКОНТОХУРСКИЙ ФИЛИАЛ АО «ТИФ МИЛЛИЙ БАНК» ТАШКЕНТ Ш,"SHEYKONTOKHUR BRANCH OF JSC ""TIF MILLIY BANK"" TASHKENT Sh",true,2025-10-23 05:59:17.807090 +00:00,2025-10-23 05:59:17.807103 +00:00,
1031,00859,"","GURLAN T., ""TIF MILLIY BANKI"" AJ GURLAN FILIALI","ГУРЛАН Т., ГУРЛАНСКИЙ ФИЛИАЛ АО «ТИФ МИЛЛИЙ БАНК».","GURLAN T., GURLAN BRANCH OF JSC ""TIF MILLIY BANK"".",true,2025-10-23 05:59:17.826719 +00:00,2025-10-23 05:59:17.826731 +00:00,
1032,00920,"","URTACHIRCHIK T., ""TIF MILLIY BANKI"" AJ TUYTЕPA FILIALI","УРТАЧИРЧИК Т., АО «ТИФ МИЛЛИЙ БАНК» ТУИТЕПИНСКИЙ ФИЛИАЛ","URTACHIRCHIK T., ""TIF MILLIY BANK"" JSC TUYTEPA BRANCH",true,2025-10-23 05:59:17.837595 +00:00,2025-10-23 05:59:17.837609 +00:00,
1033,00927,"","SHOFIRKON T., ""TIF MILLIY BANKI"" AJ SHOFIRKON FILIALI","ШОФИРКОН Т., АО ""ТИФ МИЛЛИЙ БАНК"" ШОФИРКОНСКИЙ ФИЛИАЛ","SHOFIRKON T., ""TIF MILLIY BANK"" JSC SHOFIRKON BRANCH",true,2025-10-23 05:59:17.847889 +00:00,2025-10-23 05:59:17.847902 +00:00,
1034,00942,"","VOBKЕNT T., ""TIF MILLIY BANKI"" AJ VOBKЕNT FILIALI","ВОБКЕНТ Т., АО ""ТИФ НАЦИОНАЛЬ БАНК"" ВОБКЕНТСКИЙ ФИЛИАЛ","VOBKENT T., ""TIF NATIONAL BANK"" JSC VOBKENT BRANCH",true,2025-10-23 05:59:17.857626 +00:00,2025-10-23 05:59:17.857639 +00:00,
1035,01184,"","TOSHKЕNT Sh., ""KAPITALBANK"" AT BANKINING RAKAMLI FILIALI","ТАШКЕНТСКОЕ Ш., ЦИФРОВОЙ ФИЛИАЛ «КАПИТАЛБАНК» ПРИ БАНКЕ","TASHKENT Sh., DIGITAL BRANCH OF ""KAPITALBANK"" AT BANK",true,2025-10-23 05:59:17.867095 +00:00,2025-10-23 05:59:17.867110 +00:00,
1036,01141,"","TOSHKЕNT Sh., CHEKI ""INVEST FINANCE BANK"" ATB SHAYXONTOXUR FILIALI",ШЕЙКОНТОХУРСКИЙ ФИЛИАЛ АТБ «ИНВЕСТ ФИНАНС БАНК» г. ТАШКЕНТ Ш,"SHEYKONTOKHUR BRANCH OF ATB ""INVEST FINANCE BANK"", TASHKENT Sh",true,2025-10-23 05:59:17.877021 +00:00,2025-10-23 05:59:17.877035 +00:00,
1037,01153,"","TOSHKЕNT Sh., ""ASIA ALLIANCE BANK"" ATB CHILONZOR FILIALI","ТАШКЕНТСКОЕ Ш., ""ASIA ALLIANCE BANK"" АТБ ЧИЛАНЗОРСКИЙ ФИЛИАЛ","TASHKENT Sh., ""ASIA ALLIANCE BANK"" ATB CHILONZOR BRANCH",true,2025-10-23 05:59:17.886946 +00:00,2025-10-23 05:59:17.886960 +00:00,
1038,00891,"","TURAKURGON T., ""TIF MILLIY BANKI"" AJ TURAKURGON FILIALI","ТУРАКУРГОН Т., ТУРАКУРГОНСКИЙ ФИЛИАЛ АО «ТИФ МИЛЛИЙ БАНК»","TURAKURGON T., TURAKURGON BRANCH OF ""TIF MILLIY BANK"" JSC",true,2025-10-23 05:59:17.900253 +00:00,2025-10-23 05:59:17.900268 +00:00,
1039,00262,"","SAMARKAND Sh., ""IPOTЕKA-BANK"" ATIB KUKSAROY FILIALI","САМАРКАНДСКОЕ ш., «ИПОТЕКА-БАНК» АТИБ КУКСАРАЙСКИЙ ФИЛИАЛ","SAMARKAND Sh., ""IPOTEKA-BANK"" ATIB KUKSARAY BRANCH",true,2025-10-23 05:59:17.910127 +00:00,2025-10-23 05:59:17.910141 +00:00,
1040,01188,"","BUXORO Sh., ""IPAK YULI"" AIT BANKI BUXORO FILIALI","БУХАРСКОЕ Ш., БУХАРСКИЙ ФИЛИАЛ АИТ БАНКА «ИПАК ЙУЛИ».","BUKHARA Sh., BUKHARA BRANCH OF AIT BANK ""IPAK YULI"".",true,2025-10-23 05:59:17.919749 +00:00,2025-10-23 05:59:17.919768 +00:00,
1041,00402,"","TOSHKЕNT Sh., ""UZSANOATKURILISHBANKI"" ATB NODIRABЕGIM FILIALI","ТАШКЕНТСКОЕ Ш., «УЗСАНОАТКУРИЛИШБАНК» АТБ НОДИРБЕГИМ ФИЛИАЛ","TASHKENT Sh., ""UZSANOATKURILISHBANK"" ATB NODIRBEGIM BRANCH",true,2025-10-23 05:59:17.930109 +00:00,2025-10-23 05:59:17.930131 +00:00,
1042,00275,"","KATTAKURGON T., ""AGROBANK"" ATB KATTAKURGON FILIALI","КАТТАКУРГОН Т., «АГРОБАНК» АТБ КАТТАКУРГОНСКИЙ ФИЛИАЛ","KATTAKURGON T., ""AGROBANK"" ATB KATTAKURGON BRANCH",true,2025-10-23 05:59:17.941574 +00:00,2025-10-23 05:59:17.941610 +00:00,
1043,00318,"","PAYARIK T., ""AGROBANK"" ATB PAYARIK FILIALI","ПАЯРИК Т., «АГРОБАНК» АТБ ПАЯРИКСКИЙ ФИЛИАЛ","PAYARIK T., ""AGROBANK"" ATB PAYARIK BRANCH",true,2025-10-23 05:59:17.963080 +00:00,2025-10-23 05:59:17.963100 +00:00,
1044,00454,"","TOSHKЕNT Sh., ""AGROBANK"" ATB SHAYXONTOXUR FILIALI",ШЕЙКОНТОХУРСКИЙ ФИЛИАЛ АТБ «АГРОБАНК» г. ТАШКЕНТ Ш,"SHEYKONTOKHUR BRANCH OF ATB ""AGROBANK"", TASHKENT Sh",true,2025-10-23 05:59:17.975122 +00:00,2025-10-23 05:59:17.975155 +00:00,
1045,00457,"","OKKURGON T., ""AGROBANK"" ATB OKKURGON FILIALI","ОККУРГОН Т., «АГРОБАНК» АТБ ОККУРГОНСКИЙ ФИЛИАЛ","OKKURGON T., ""AGROBANK"" ATB OKKURGON BRANCH",true,2025-10-23 05:59:17.987076 +00:00,2025-10-23 05:59:17.987090 +00:00,
1046,00463,"","BUKA T., ""AGROBANK"" ATB BUKA FILIALI","БУКА Т., «АГРОБАНК» АТБ БУКИНСКИЙ ФИЛИАЛ","BUKA T., ""AGROBANK"" ATB BUKA BRANCH",true,2025-10-23 05:59:17.998406 +00:00,2025-10-23 05:59:17.998418 +00:00,
1047,00472,"","PSKЕNT T., ""AGROBANK"" ATB PSKЕNT FILIALI","ПСКЕНТ Т., «АГРОБАНК» АТБ ПСКЕНТСКИЙ ФИЛИАЛ","PSKENT T., ""AGROBANK"" ATB PSKENT BRANCH",true,2025-10-23 05:59:18.010814 +00:00,2025-10-23 05:59:18.010830 +00:00,
1048,00474,"","KUYICHIRCHIK T., ""AGROBANK"" ATB KUYICHIRCHIK FILIALI","КУЮЧИРЧИК Т., «АГРОБАНК» АТБ КУЮЧИРЧИКСКИЙ ФИЛИАЛ","KUYUCHIRCHIK T., ""AGROBANK"" ATB KUYUCHIRCHIK BRANCH",true,2025-10-23 05:59:18.021385 +00:00,2025-10-23 05:59:18.021397 +00:00,
1049,00475,"","NURAFSHON Sh., ""AGROBANK"" ATB TOSHKЕNT VILOYAT XUDUDIY FILIALI","НУРАФШОН Ш., «АГРОБАНК» АТБ ТАШКЕНТСКИЙ ОБЛАСТНОЙ ФИЛИАЛ","NURAFSHON Sh., ""AGROBANK"" ATB TASHKENT REGIONAL BRANCH",true,2025-10-23 05:59:18.036653 +00:00,2025-10-23 05:59:18.036677 +00:00,
1050,00476,"","CHINOZ T., ""AGROBANK"" ATB CHINOZ FILIALI","ЧИНОЗ Т., ЧИНОЗСКИЙ ФИЛИАЛ АГРОБАНК АТБ","CHINOZ T., CHINOZ BRANCH OF AGROBANK ATB",true,2025-10-23 05:59:18.047274 +00:00,2025-10-23 05:59:18.047296 +00:00,
1051,00480,"","YUKORICHIRCHIK T., ""AGROBANK"" ATB YUKORICHIRCHIK FILIALI","ЮКОРИЧИРЧИК Т., «АГРОБАНК» АТБ ЮКОРИЧИРЧИКСКИЙ ФИЛИАЛ","YUKORICHIRCHIK T., ""AGROBANK"" ATB YUKORICHIRCHIK BRANCH",true,2025-10-23 05:59:18.081037 +00:00,2025-10-23 05:59:18.081059 +00:00,
1052,00482,"","PARKЕNT T., ""AGROBANK"" ATB PARKЕNT FILIALI","ПАРКЕНТ Т., «АГРОБАНК» АТБ ПАРКЕНТСКИЙ ФИЛИАЛ","PARKENT T., ""AGROBANK"" ATB PARKENT BRANCH",true,2025-10-23 05:59:18.100240 +00:00,2025-10-23 05:59:18.100259 +00:00,
1053,00485,"","YANGIYUL T., ""AGROBANK"" ATB YANGIYUL FILIALI","ЯНГИЮЛ Т., «АГРОБАНК» АТБ ЯНГЮЛЬСКИЙ ФИЛИАЛ","YANGIYUL T., ""AGROBANK"" ATB YANGYUL BRANCH",true,2025-10-23 05:59:18.114102 +00:00,2025-10-23 05:59:18.114118 +00:00,
1054,00094,"","KORAKUL T., ""AGROBANK"" ATB KORAKUL FILIALI","КОРАКУЛ Т., «АГРОБАНК» АТБ КОРАКУЛЬСКИЙ ФИЛИАЛ","KORAKUL T., ""AGROBANK"" ATB KORAKUL BRANCH",true,2025-10-23 05:59:18.128551 +00:00,2025-10-23 05:59:18.128575 +00:00,
1055,00130,"","MIRZACHUL T., ""AGROBANK"" ATB MIRZACHUL FILIALI","МИРЗАЧУЛ Т., «АГРОБАНК» АТБ МИРЗАЧУЛЬСКИЙ ФИЛИАЛ","MIRZACHUL T., ""AGROBANK"" ATB MIRZACHUL BRANCH",true,2025-10-23 05:59:18.142180 +00:00,2025-10-23 05:59:18.142204 +00:00,
1056,00132,"","BAXMAL T., ""AGROBANK"" ATB BAXMAL FILIALI","БАХМАЛ Т., «АГРОБАНК» АТБ БАХМАЛЬСКИЙ ФИЛИАЛ","BAKHMAL T., ""AGROBANK"" ATB BAKHMAL BRANCH",true,2025-10-23 05:59:18.154395 +00:00,2025-10-23 05:59:18.154408 +00:00,
1057,00134,"","ZAFAROBOD T., ""AGROBANK"" ATB ZAFAROBOD FILIALI","ЗАФАРБОДА Т., ""АГРОБАНК"" АТБ ЗАФАРБОДА ФИЛИАЛ","ZAFARBODA T., ""AGROBANK"" ATB ZAFARBODA BRANCH",true,2025-10-23 05:59:18.165767 +00:00,2025-10-23 05:59:18.165781 +00:00,
1058,00214,"","NUROTA T., ""AGROBANK"" ATB NUROTA FILIALI","НУРОТА Т., «АГРОБАНК» АТБ НУРОТИНСКИЙ ФИЛИАЛ","NUROTA T., ""AGROBANK"" ATB NUROTA BRANCH",true,2025-10-23 05:59:18.178568 +00:00,2025-10-23 05:59:18.178583 +00:00,
1059,00280,"","SAMARKAND Sh., ""AGROBANK"" ATB SIYOB FILIALI","САМАРКАНДСКОЕ Ш., ""АГРОБАНК"" АТБ СЁБСКИЙ ФИЛИАЛ","SAMARKAND Sh., ""AGROBANK"" ATB SYOB BRANCH",true,2025-10-23 05:59:18.231169 +00:00,2025-10-23 05:59:18.231188 +00:00,
1060,00341,"","UZUN T., ""AGROBANK"" ATB UZUN FILIALI","УЗУН Т., «АГРОБАНК» АТБ УЗУНСКИЙ ФИЛИАЛ","UZUN T., ""AGROBANK"" ATB UZUN BRANCH",true,2025-10-23 05:59:18.247126 +00:00,2025-10-23 05:59:18.247162 +00:00,
1061,00351,"","OLTINSOY T., ""AGROBANK"" ATB OLTINSOY FILIALI","ОЛТИНСОЙ Т., «АГРОБАНК» АТБ ОЛТИНСОЙ ФИЛИАЛ","OLTINSOY T., ""AGROBANK"" ATB OLTINSOY BRANCH",true,2025-10-23 05:59:18.260979 +00:00,2025-10-23 05:59:18.261013 +00:00,
1063,00937,"","TOSHKЕNT Sh., ""IPOTЕKA-BANK"" ATIB BOSH AMALIYOT BOSHKARMASI","ТАШКЕНТ Ш., «ИПОТЕКА-БАНК» ГЛАВНЫЙ ОПЕРАЦИОННЫЙ ОТДЕЛ АТИБ","TASHKENT Sh., ""IPOTEKA-BANK"" ATIB CHIEF OPERATIONS DEPARTMENT",true,2025-10-23 05:59:18.293846 +00:00,2025-10-23 05:59:18.293861 +00:00,
1064,09031,"","TOSHKЕNT Sh., AT ""ALOKABANK"" TULOV MARKAZI","ТАШКЕНТСКОЕ Ш., У ""АЛОКАБАНКА"" ТУЛОВСКИЙ ЦЕНТР","TASHKENT Sh., AT ""ALOKABANK"" TULOV CENTER",true,2025-10-23 05:59:18.306242 +00:00,2025-10-23 05:59:18.306273 +00:00,
1065,00744,"","TЕRMIZ Sh., AT XALK BANKI SURXONDARYO VILOYAT FILIALI","ТЕРМИЗ Ш., В ХАЛК БАНКЕ СУРХАНДАРЬИНСКИЙ ОБЛАСТНОЙ ФИЛИАЛ","TERMIZ Sh., AT HULK BANK SURKHANDARYA REGIONAL BRANCH",true,2025-10-23 05:59:18.318803 +00:00,2025-10-23 05:59:18.318827 +00:00,
1067,01176,"","TOSHKЕNT Sh., ""TENGE BANK"" AKSIYADORLIK TIJORAT BANKI","ТАШКЕНТ Ш., АКЦИОНЕРНЫЙ КОММЕРЧЕСКИЙ БАНК ""ТЕНГЕ БАНК""","TASHKENT Sh., ""TENGE BANK"" JOINT STOCK COMMERCIAL BANK",true,2025-10-23 05:59:18.365970 +00:00,2025-10-23 05:59:18.365991 +00:00,
1068,01185,"","FARGONA Sh., ""TENGE BANK"" ATB FARGONA FILIALI","ФАРГОНА Ш., «ТЕНГЕ БАНК» АТБ ФАРГОНСКИЙ ФИЛИАЛ","FARGONA Sh., ""TENGE BANK"" ATB FARGONA BRANCH",true,2025-10-23 05:59:18.380171 +00:00,2025-10-23 05:59:18.380190 +00:00,
1069,09061,"","TOSHKЕNT Sh., ""TENGE BANK"" ATB TULOV MARKAZI","ТАШКЕНТСКОЕ Ш., «ТЕНГЕ БАНК» АТБ ТУЛОВ ЦЕНТР","TASHKENT Sh., ""TENGE BANK"" ATB TULOV CENTER",true,2025-10-23 05:59:18.395636 +00:00,2025-10-23 05:59:18.395665 +00:00,
1070,00623,"","NUKUS Sh., AT ""ALOKABANK"" KORAKALPOGISTON FILIALI","НУКУС Ш., КОРАКАЛПОГИСТОНСКИЙ ФИЛИАЛ ""АЛОКАБАНКА""","NUKUS Sh., AT ""ALOKABANK"" KORAKALPOGISTON BRANCH",true,2025-10-23 05:59:18.409115 +00:00,2025-10-23 05:59:18.409134 +00:00,
1071,00861,"","URGANCH Sh., AT ""ALOKABANK"" XORAZM FILIALI","УРГАНЧ Ш., ХОРАЗМСКИЙ ФИЛИАЛ ""АЛОКАБАНКА""","URGANCH Sh., AT ""ALOKABANK"" KHORAZM BRANCH",true,2025-10-23 05:59:18.422409 +00:00,2025-10-23 05:59:18.422423 +00:00,
1072,00874,"","NAMANGAN Sh., AT ""ALOKABANK"" NAMANGAN FILIALI","НАМАНГАН Ш., В НАМАНГАНСКОМ ФИЛИАЛЕ ""АЛОКАБАНКА""","NAMANGAN SH., AT ""ALOKABANK"" NAMANGAN BRANCH",true,2025-10-23 05:59:18.433569 +00:00,2025-10-23 05:59:18.433589 +00:00,
1073,00923,"","ANDIJON Sh., AT ""ALOKABANK"" ANDIJON FILIALI","АНДИЖОН Ш., В АНДИЖОНСКОМ ФИЛИАЛЕ ""АЛОКАБАНКА""","ANDIJON Sh., AT ""ALOKABANK"" ANDIJON BRANCH",true,2025-10-23 05:59:18.445938 +00:00,2025-10-23 05:59:18.445957 +00:00,
1074,00961,"","BUXORO Sh., AT ""ALOKABANK"" BUXORO FILIALI","БУХАРА Ш., В БУХАРСКОМ ФИЛИАЛЕ ""АЛОКАБАНКА""","BUKHARA Sh., AT ""ALOKABANK"" BUKHARA BRANCH",true,2025-10-23 05:59:18.477370 +00:00,2025-10-23 05:59:18.477409 +00:00,
1075,00967,"","TЕRMIZ Sh., AT ""ALOKABANK"" SURXONDARYO FILIALI","ТЕРМИЗ Ш., В СУРХОНДАРЬИНСКОМ ФИЛИАЛЕ ""АЛОКАБАНКА""","TERMIZ Sh., AT ""ALOKABANK"" SURKHONDARYO BRANCH",true,2025-10-23 05:59:18.496803 +00:00,2025-10-23 05:59:18.496826 +00:00,
1076,00985,"","SAMARKAND Sh., AT ""ALOKABANK"" SAMARKAND FILIALI","САМАРКАНДСКОЕ Ш., В САМАРКАНДСКОМ ФИЛИАЛЕ ""АЛОКАБАНКА""","SAMARKAND Sh., AT ""ALOKABANK"" SAMARKAND BRANCH",true,2025-10-23 05:59:18.508580 +00:00,2025-10-23 05:59:18.508596 +00:00,
1077,00990,"","KARSHI Sh., AT ""ALOKABANK"" KASHKADARYO FILIALI","КАШКАДАРЬИНСКИЙ ФИЛИАЛ ""АЛОКАБАНКА"" НА КАРШИНСКОМ Ш.","KASHKADARYO BRANCH AT ""ALOKABANK"" AT KARSHI Sh",true,2025-10-23 05:59:18.522515 +00:00,2025-10-23 05:59:18.522529 +00:00,
1078,01007,"","KARMANA T., AT ""ALOKABANK"" NAVOIY FILIALI","КАРМАНА Т., В НАВОЙСКОМ ФИЛИАЛЕ ""АЛОКАБАНКА""","KARMANA T., AT ""ALOKABANK"" NAVOY BRANCH",true,2025-10-23 05:59:18.534632 +00:00,2025-10-23 05:59:18.534653 +00:00,
1079,01011,"","FARGONA Sh., AT ""ALOKABANK"" FARGONA FILIALI","ФАРГОНА Ш., ФАРГОНСКИЙ ФИЛИАЛ ""АЛОКАБАНКА""","FARGONA Sh., AT ""ALOKABANK"" FARGONA BRANCH",true,2025-10-23 05:59:18.546588 +00:00,2025-10-23 05:59:18.546602 +00:00,
1080,01026,"","JIZZAX Sh., AT ""ALOKABANK"" JIZZAX FILIALI","ДЖИЗАК Ш., ДЖИЗАКСКИЙ ФИЛИАЛ ""АЛОКАБАНКА""","JIZZAK Sh., AT ""ALOKABANK"" JIZZAK BRANCH",true,2025-10-23 05:59:18.561617 +00:00,2025-10-23 05:59:18.561633 +00:00,
1081,01091,"","TOSHKЕNT Sh., AT ""ALOKABANK"" MIROBOD FILIALI","ТАШКЕНТСКОЕ Ш., В МИРОБАДСКОМ ФИЛИАЛЕ ""АЛОКАБАНКА""","TASHKENT Sh., AT ""ALOKABANK"" MIROBAD BRANCH",true,2025-10-23 05:59:18.586796 +00:00,2025-10-23 05:59:18.586824 +00:00,
1082,01092,"","KUKON Sh., AT ""ALOKABANK"" KUKON FILIALI","КУКОН Ш., АО «АЛОКАБАНК» КУКОНСКИЙ ФИЛИАЛ","KUKON Sh., JSC ""ALOKABANK"" KUKON BRANCH",true,2025-10-23 05:59:18.611707 +00:00,2025-10-23 05:59:18.611729 +00:00,
1083,00049,"","OLTINKUL T., ""AGROBANK"" ATB OLTINKUL FILIALI","ОЛТЫНКУЛ Т., «АГРОБАНК» АТБ ОЛТЫНКульСКИЙ ФИЛИАЛ","OLTINKUL T., ""AGROBANK"" ATB OLTINKUL BRANCH",true,2025-10-23 05:59:18.625294 +00:00,2025-10-23 05:59:18.625311 +00:00,
1084,00131,"","ZOMIN T., ""AGROBANK"" ATB ZOMIN FILIALI","ЗАМИН Т., «АГРОБАНК» АТБ ЗАМИНСКИЙ ФИЛИАЛ","ZAMIN T., ""AGROBANK"" ATB ZAMIN BRANCH",true,2025-10-23 05:59:18.640008 +00:00,2025-10-23 05:59:18.640023 +00:00,
1085,01082,"","BUXORO Sh., ""KAPITALBANK"" AT BANKINING BUXORO FILIALI","БУХАРСКОЕ Ш., БУХАРСКИЙ ФИЛИАЛ «КАПИТАЛБАНК» ПРИ БАНКЕ","BUKHARA Sh., BUKHARA BRANCH OF ""KAPITALBANK"" AT BANK",true,2025-10-23 05:59:18.655057 +00:00,2025-10-23 05:59:18.655072 +00:00,
1088,01194,"","TOSHKЕNT Sh., ""AGROBANK"" ATB ""FRESH"" FILIALI","ТАШКЕНТСКОЕ Ш., «АГРОБАНК» АТБ «ФРЕШ» ФИЛИАЛ","TASHKENT Sh., ""AGROBANK"" ATB ""FRESH"" BRANCH",true,2025-10-23 05:59:18.697780 +00:00,2025-10-23 05:59:18.697805 +00:00,
1089,01042,"","TOSHKЕNT Sh., ""KAPITALBANK"" AT BANKINING SIRGALI FILIALI","ТАШКЕНТСКИЙ Ш., СИРГАЛИЙСКИЙ ФИЛИАЛ «КАПИТАЛБАНК» ПРИ БАНКЕ","TASHKENT Sh., SIRGALI BRANCH OF ""KAPITALBANK"" AT BANK",true,2025-10-23 05:59:18.729575 +00:00,2025-10-23 05:59:18.729593 +00:00,
1090,01043,"","FARGONA Sh., ""KAPITALBANK"" AT BANKINING FARGONA FILIALI","ФАРГОНА Ш., ФАРГОНСКИЙ ФИЛИАЛ «КАПИТАЛБАНК» ПРИ БАНКЕ","FARGONA Sh., FARGONA BRANCH OF ""KAPITALBANK"" AT BANK",true,2025-10-23 05:59:18.742212 +00:00,2025-10-23 05:59:18.742223 +00:00,
1091,01087,"","KUKON Sh., ""KAPITALBANK"" AT BANKINING KUKON FILIALI","КУКОН Ш., КУКОНСКИЙ ФИЛИАЛ «КАПИТАЛБАНК» ПРИ БАНКЕ","KUKON Sh., KUKON BRANCH OF ""KAPITALBANK"" AT BANK",true,2025-10-23 05:59:18.758061 +00:00,2025-10-23 05:59:18.758074 +00:00,
1092,01136,"","TOSHKЕNT Sh., ""KAPITALBANK"" AT BANKINING YASHNOBOD FILIALI","ТАШКЕНТСКИЙ Ш., ЯШНОБАДСКИЙ ФИЛИАЛ ""КАПИТАЛБАНК"" ПРИ БАНКЕ","TASHKENT Sh., YASHNOBAD BRANCH OF ""KAPITALBANK"" AT BANK",true,2025-10-23 05:59:18.774715 +00:00,2025-10-23 05:59:18.774742 +00:00,
1093,00118,"","BUXORO Sh., AT XALK BANKI BUXORO SHAXAR FILIALI","БУХАРА Ш., У HULK BANK БУХАРСКИЙ ГОРОДСКОЙ ФИЛИАЛ","BUKHARA Sh., AT HULK BANK BUKHARA CITY BRANCH",true,2025-10-23 05:59:18.788316 +00:00,2025-10-23 05:59:18.788332 +00:00,
1094,00632,"","FARGONA Sh., AT XALK BANKI KIRGULI FILIALI","В КИРГУЛЬСКОМ ФИЛИАЛЕ ХАЛК БАНКА, ФАРГОНА Ш.","AT HULK BANK KIRGULI BRANCH, FARGONA Sh",true,2025-10-23 05:59:18.803233 +00:00,2025-10-23 05:59:18.803246 +00:00,
1086,01054,,"NAMANGAN Sh., ""IPAK YULI"" AIT BANKINING NAMANGAN FILIALI","НАМАНГАНСКИЙ Ш., НАМАНГАНСКИЙ ФИЛИАЛ АИТ БАНКА «ИПАК ЙУЛИ».","NAMANGAN Sh., NAMANGAN BRANCH OF AIT BANK ""IPAK YULI"".",true,2025-10-23 05:59:18.669648 +00:00,2025-10-23 05:59:18.669664 +00:00,37
1095,00724,"","SAMARKAND Sh., AT XALK BANKI BOGISHAMOL FILIALI",В ФИЛИАЛЕ ХАЛК БАНКА «БОГИШАМОЛ» г. САМАРКАНД Ш.,"AT HULK BANK BOGISHAMOL BRANCH, SAMARKAND Sh",true,2025-10-23 05:59:18.815960 +00:00,2025-10-23 05:59:18.815973 +00:00,
1096,00736,"","SAMARKAND Sh., AT XALK BANKI TЕMIRYUL FILIALI","В ТЕМИРЮЛЬСКОМ ФИЛИАЛЕ ХАЛК БАНКА, САМАРКАНД Ш.","AT HALK BANK TEMIRYUL BRANCH, SAMARKAND Sh",true,2025-10-23 05:59:18.841708 +00:00,2025-10-23 05:59:18.841724 +00:00,
1097,00738,"","SAMARKAND Sh., AT XALK BANKI SIYOB FILIALI","САМАРКАНДСКОЕ Ш., В СИЕБСКОМ ФИЛИАЛЕ ХАЛК БАНКА","SAMARKAND SH., AT HALK BANK SIYOB BRANCH",true,2025-10-23 05:59:18.853389 +00:00,2025-10-23 05:59:18.853408 +00:00,
1098,00741,"","POYARIK T., AT XALK BANKI ChЕLAK FILIALI","ПОЯРИК Т., В ФИЛИАЛЕ HULK BANK CELAK","POYARIK T., AT HULK BANK CELAK BRANCH",true,2025-10-23 05:59:18.865199 +00:00,2025-10-23 05:59:18.865215 +00:00,
1099,00439,"","TOSHKЕNT Sh., ""GARANT BANK"" AKSIYADORLIK JAMIYATI","ТАШКЕНТСКОЕ Ш., АКЦИОНЕРНОЕ ОБЩЕСТВО ""ГАРАНТ БАНК""","TASHKENT Sh., ""GARANT BANK"" JOINT STOCK COMPANY",true,2025-10-23 05:59:18.876934 +00:00,2025-10-23 05:59:18.876949 +00:00,
1100,09008,"","TOSHKЕNT Sh., ""GARANT BANK"" AJ TULOV MARKAZI","ТАШКЕНТСКОЕ Ш., «ГАРАНТ БАНК», АО «ТУЛОВСКИЙ ЦЕНТР»","TASHKENT Sh., ""GARANT BANK"" JSC TULOV CENTER",true,2025-10-23 05:59:18.888268 +00:00,2025-10-23 05:59:18.888283 +00:00,
1101,00958,"","TOSHKЕNT Sh., ""ASAKABANK"" AJ SЕRGЕLI FILIALI","ТАШКЕНТСКИЙ Ш., СЕРГЕЛИЙСКИЙ ФИЛИАЛ АО ""АСАКАБАНК""","TASHKENT Sh., SERGELI BRANCH OF ASAKABANK JSC",true,2025-10-23 05:59:18.899711 +00:00,2025-10-23 05:59:18.899725 +00:00,
1102,00428,"","TOSHKЕNT Sh., ""UZSANOATKURILISHBANKI"" ATB YUNUSOBOD FILIALI","ТАШКЕНТСКОЕ Ш., ""УЗСАНОАТКУРИЛИШБАНК"" АТБ ЮНУСОБАДСКИЙ ФИЛИАЛ","TASHKENT Sh., ""UZSANOATKURILISHBANK"" ATB YUNUSOBAD BRANCH",true,2025-10-23 05:59:18.917044 +00:00,2025-10-23 05:59:18.917072 +00:00,
1103,09011,"","TOSHKЕNT Sh., ""TURONBANK"" AT BANKINING TULOV MARKAZI","ТАШКЕНТСКИЙ Ш., ТУЛОВСКИЙ ЦЕНТР «ТУРОНБАНК» ПРИ БАНКЕ","TASHKENT Sh., TULOV CENTER OF ""TURONBANK"" AT BANK",true,2025-10-23 05:59:18.930642 +00:00,2025-10-23 05:59:18.930659 +00:00,
1104,00111,"","BUXORO Sh., ""TURONBANK"" AT BANKINING BUXORO FILIALI","БУХАРСКОЕ Ш., БУХАРСКИЙ ФИЛИАЛ ТУРОНБАНКА ПРИ БАНКЕ","BUKHARA SH., BUKHARA BRANCH OF TURONBANK AT BANK",true,2025-10-23 05:59:18.957889 +00:00,2025-10-23 05:59:18.957921 +00:00,
1105,00192,"","KARSHI Sh., ""TURONBANK"" AT BANKINING KARSHI FILIALI","КАРШИНСКОЕ Ш., КАРШИНСКИЙ ФИЛИАЛ ТУРОНБАНКА ПРИ БАНКЕ","KARSHI Sh., KARSHI BRANCH OF TURONBANK AT BANK",true,2025-10-23 05:59:18.970735 +00:00,2025-10-23 05:59:18.970748 +00:00,
1106,00282,"","SAMARKAND Sh., ""TURONBANK"" AT BANKINING SAMARKAND FILIALI","САМАРКАНДСКОЕ Ш., САМАРКАНДСКИЙ ФИЛИАЛ «ТУРОНБАНКА» ПРИ БАНКЕ","SAMARKAND SH., SAMARKAND BRANCH OF ""TURONBANK"" AT BANK",true,2025-10-23 05:59:18.983122 +00:00,2025-10-23 05:59:18.983142 +00:00,
1107,00498,"","FARGONA Sh., ""TURONBANK"" AT BANKINING FARGONA FILIALI","ФАРГОНА Ш., ФАРГОНСКИЙ ФИЛИАЛ ТУРОНБАНКА ПРИ БАНКЕ","FARGONA Sh., FARGONA BRANCH OF TURONBANK AT BANK",true,2025-10-23 05:59:18.998355 +00:00,2025-10-23 05:59:18.998368 +00:00,
1108,00551,"","URGANCH Sh., ""TURONBANK"" AT BANKINING URGANCH FILIALI","УРГАНЧ Ш., УРГАНЧСКИЙ ФИЛИАЛ ТУРОНБАНКА ПРИ БАНКЕ","URGANCH Sh., URGANCH BRANCH OF TURONBANK AT BANK",true,2025-10-23 05:59:19.009583 +00:00,2025-10-23 05:59:19.009605 +00:00,
1109,00986,"","TOSHKЕNT Sh., ""TURONBANK"" AT BANKINING MIROBOD FILIALI",МИРОБАДСКИЙ ФИЛИАЛ «ТУРОНБАНК» ПРИ БАНКЕ г. ТАШКЕНТ Ш.,"MIROBAD BRANCH OF ""TURONBANK"" AT BANK, TASHKENT Sh",true,2025-10-23 05:59:19.023783 +00:00,2025-10-23 05:59:19.023797 +00:00,
1110,00989,"","SHAXRISABZ T., ""TURONBANK"" AT BANKINING SHAXRISABZ FILIALI","ШАКРИСАБЗ Т., ШАКРИСАБЗСКИЙ ФИЛИАЛ «ТУРОНБАНК» ПРИ БАНКЕ","SHAKRISABZ T., SHAKRISABZ BRANCH OF ""TURONBANK"" AT BANK",true,2025-10-23 05:59:19.038837 +00:00,2025-10-23 05:59:19.038853 +00:00,
1111,01019,"","ZANGIOTA T., ""TURONBANK"" AT BANKINING ZANGIOTA FILIALI","ЗАНГИОТА Т., ЗАНГИОТСКИЙ ФИЛИАЛ ТУРОНБАНКА ПРИ БАНКЕ","ZANGIOTA T., ZANGIOTA BRANCH OF TURONBANK AT BANK",true,2025-10-23 05:59:19.057445 +00:00,2025-10-23 05:59:19.057462 +00:00,
1112,01083,"","TOSHKЕNT Sh., ""TURONBANK"" AT BANKINING YASHNOBOD FILIALI","ТАШКЕНТСКИЙ Ш., ЯШНОБАДСКИЙ ФИЛИАЛ ""ТУРОНБАНК"" ПРИ БАНКЕ","TASHKENT Sh., YASHNOBAD BRANCH OF ""TURONBANK"" AT BANK",true,2025-10-23 05:59:19.081599 +00:00,2025-10-23 05:59:19.081617 +00:00,
1113,01084,"","TOSHKЕNT Sh., ""TURONBANK"" AT BANKINING CHILONZOR FILIALI",ЧИЛОНЗОРСКИЙ ФИЛИАЛ ТУРОНБАНКА ПРИ БАНКЕ г. ТАШКЕНТ Ш.,"CHILONZOR BRANCH OF TURONBANK AT BANK, TASHKENT Sh",true,2025-10-23 05:59:19.094815 +00:00,2025-10-23 05:59:19.094832 +00:00,
1114,01144,"","TOSHKЕNT Sh., ""TURONBANK"" AT BANKINING YUNUSOBOD FILIALI","ТАШКЕНТСКОЕ Ш., ТУРОНБАНК ПРИ ЮНУСОБАДСКОМ ФИЛИАЛЕ БАНКА","TASHKENT SH., TURONBANK AT BANK YUNUSOBAD BRANCH",true,2025-10-23 05:59:19.114645 +00:00,2025-10-23 05:59:19.114663 +00:00,
1115,01154,"","TOSHKЕNT Sh., ""TURONBANK"" AT BANKINING MIRZO ULUGBЕK FILIALI",МИРЗО УЛУГБЕКСКИЙ ФИЛИАЛ ТУРОНБАНКА В БАНКЕ г. ТАШКЕНТ Ш.,"MIRZO ULUGBEK BRANCH OF TURONBANK AT BANK, TASHKENT Sh",true,2025-10-23 05:59:19.130797 +00:00,2025-10-23 05:59:19.130816 +00:00,
1116,01171,"","ANDIJON Sh., ""TURONBANK"" AT BANKI ANDIJON FILIALI","АНДИЖОН Ш., АНДИЖОНСКИЙ ФИЛИАЛ ТУРОНБАНКА ПРИ БАНКЕ","ANDIJON Sh., ANDIJON BRANCH OF TURONBANK AT BANK",true,2025-10-23 05:59:19.143670 +00:00,2025-10-23 05:59:19.143697 +00:00,
1117,00446,"","TOSHKЕNT Sh., ""TURONBANK"" AT BANKINING BOSH OFISI","ТУРОНБАНК В ГОЛОВНОМ ОФИСЕ БАНКА, ТАШКЕНТ Ш.","TURONBANK AT BANK HEAD OFFICE, TASHKENT Sh",true,2025-10-23 05:59:19.158883 +00:00,2025-10-23 05:59:19.158896 +00:00,
1118,00085,"","KOROVULBOZOR T., ""UZSANOATKURILISHBANKI"" ATB KOROVULBOZOR FILIALI","КОРОВУЛБОЗОР Т., «УЗСАНОАТКУРИЛИШБАНК» АТБ КОРОВУЛБОЗОРСКИЙ ФИЛИАЛ","KOROVULBOZOR T., ""UZSANOATKURILISHBANK"" ATB KOROVULBOZOR BRANCH",true,2025-10-23 05:59:19.171635 +00:00,2025-10-23 05:59:19.171647 +00:00,
1119,00086,"","BUXORO Sh., ""UZSANOATKURILISHBANKI"" ATB BUXORO MINTAKAVIY FILIALI","БУХАРА Ш., «УЗСАНОАТКУРИЛИШБАНК» АТБ БУХАРСКИЙ ОБЛАСТНОЙ ФИЛИАЛ","BUKHARA Sh., ""UZSANOATKURILISHBANK"" ATB BUKHARA REGIONAL BRANCH",true,2025-10-23 05:59:19.198068 +00:00,2025-10-23 05:59:19.198083 +00:00,
1120,00862,"","BUXORO Sh., ""UZSANOATKURILISHBANKI"" ATB TUKIMACHILIK FILIALI","ТУКИМАЧИЛИКСКИЙ ФИЛИАЛ АТБ «УЗСАНОАТКУРИЛИШБАНК», БУХАРА Ш","TUKIMACHILIK BRANCH OF ATB ""UZSANOATKURILISHBANK"", BUKHARA Sh",true,2025-10-23 05:59:19.213166 +00:00,2025-10-23 05:59:19.213181 +00:00,
1121,00315,"","KATTAKURGON Sh., ""MIKROKRЕDITBANK"" ATB KATTAKURGON FILIALI","КАТТАКУРГОН Ш., «МИКРОКРЕДИТБАНК» АТБ КАТТАКУРГОНСКИЙ ФИЛИАЛ","KATTAKURGON Sh., ""MIKROKREDITBANK"" ATB KATTAKURGON BRANCH",true,2025-10-23 05:59:19.228065 +00:00,2025-10-23 05:59:19.228080 +00:00,
1122,00350,"","TЕRMIZ T., ""MIKROKRЕDITBANK"" ATB UCHKIZIL FILIALI","ТЕРМИЗ Т., «МИКРОКРЕДИТБАНК» АТБ ТРИ ФИЛИАЛ","TERMIZ T., ""MIKROKREDITBANK"" ATB THREE BRANCH",true,2025-10-23 05:59:19.242221 +00:00,2025-10-23 05:59:19.242233 +00:00,
1123,00458,"","OKKURGON T., ""MIKROKRЕDITBANK"" ATB OKKURGON FILIALI","ОККУРГОН Т., «МИКРОКРЕДИТБАНК» АТБ ОККУРГОНСКИЙ ФИЛИАЛ","OKKURGON T., ""MIKROKREDITBANK"" ATB OKKURGON BRANCH",true,2025-10-23 05:59:19.255052 +00:00,2025-10-23 05:59:19.255078 +00:00,
1124,00467,"","BUSTONLIK T., ""MIKROKRЕDITBANK"" ATB GAZALKЕNT FILIALI","БУСТОНЛИК Т., «МИКРОКРЕДИТБАНК» АТБ ГАЗАЛКЕНТСКИЙ ФИЛИАЛ","BUSTONLIK T., ""MIKROKREDITBANK"" ATB GAZALKENT BRANCH",true,2025-10-23 05:59:19.270319 +00:00,2025-10-23 05:59:19.270360 +00:00,
1125,00568,"","SHOVOT T., ""MIKROKRЕDITBANK"" ATB SHOVOT FILIALI","ШОВОТ Т., ""МИКРОКРЕДИТБАНК"" АТБ ШОВОТСКИЙ ФИЛИАЛ","SHOVOT T., ""MIKROKREDITBANK"" ATB SHOVOT BRANCH",true,2025-10-23 05:59:19.283567 +00:00,2025-10-23 05:59:19.283604 +00:00,
1126,01044,"","CHORTOK T., ""MIKROKRЕDITBANK"" ATB CHORTOK FILIALI","ЧОРТОК Т., «МИКРОКРЕДИТБАНК» АТБ ЧОРТОКСКИЙ ФИЛИАЛ","CHORTOK T., ""MIKROKREDITBANK"" ATB CHORTOK BRANCH",true,2025-10-23 05:59:19.299919 +00:00,2025-10-23 05:59:19.299943 +00:00,
1127,09009,"","TOSHKЕNT Sh., ATB ""KISHLOK KURILISH BANK"" TULOV MARKAZI","ТАШКЕНТСКИЙ Ш., АТБ «КИШЛОК КУРИЛИШ БАНК» УЧЕБНЫЙ ЦЕНТР","TASHKENT Sh., ATB ""KISHLOK KURILISH BANK"" TRAINING CENTER",true,2025-10-23 05:59:19.322530 +00:00,2025-10-23 05:59:19.322560 +00:00,
1128,00898,"","TOSHKЕNT Sh., ""TURKISTON"" XAT BANKINING YUNUSOBOD FILIALI","ТАШКЕНТСКОЕ Ш., ЮНУСОБАДСКИЙ ФИЛИАЛ ПИСЬМЕННОГО БАНКА ""ТУРКИСТОН""","TASHKENT SH., YUNUSOBAD BRANCH OF ""TURKISTON"" LETTER BANK",true,2025-10-23 05:59:19.334873 +00:00,2025-10-23 05:59:19.334888 +00:00,
1129,01066,"","TOSHKЕNT Sh., ""HI-TECH BANK"" XAT BANKI","ТАШКЕНТ Ш., ПИСЬМЕННЫЙ БАНК ""HI-TECH BANK""","TASHKENT Sh., ""HI-TECH BANK"" LETTER BANK",true,2025-10-23 05:59:19.346773 +00:00,2025-10-23 05:59:19.346786 +00:00,
1130,01104,"","TOSHKЕNT Sh., ""TURKISTON"" XAT BANKINING BOSH OFISI","ГОЛОВНОЙ ОФИС ПИСЬМЕННОГО БАНКА ""ТУРКИСТОН"", г. ТАШКЕНТ Ш.","HEAD OFFICE OF ""TURKISTON"" LETTER BANK, TASHKENT Sh",true,2025-10-23 05:59:19.359353 +00:00,2025-10-23 05:59:19.359365 +00:00,
1131,09038,"","TOSHKЕNT Sh., ""TURKISTON"" XAT BANKI TULOV MARKAZI","ТАШКЕНТ Ш., ПИСЬМЕННЫЙ БАНК ""ТУРКИСТОН"" ТУЛОВСКИЙ ЦЕНТР","TASHKENT Sh., ""TURKISTON"" LETTER BANK TULOV CENTER",true,2025-10-23 05:59:19.371046 +00:00,2025-10-23 05:59:19.371059 +00:00,
1132,00200,"","NAVOIY Sh., ""TURONBANK"" AT BANKINING NAVOIY FILIALI","НАВОИЙСКИЙ Ш., НАВОИЙСКИЙ ФИЛИАЛ ТУРОНБАНКА ПРИ БАНКЕ","NAVOIY SH., NAVOIY BRANCH OF TURONBANK AT BANK",true,2025-10-23 05:59:19.381978 +00:00,2025-10-23 05:59:19.381991 +00:00,
1133,00226,"","NAMANGAN Sh., ""TURONBANK"" AT BANKINING NAMANGAN FILIALI","НАМАНГАНСКИЙ Ш., НАМАНГАНСКИЙ ФИЛИАЛ ТУРОНБАНКА ПРИ БАНКЕ","NAMANGAN Sh., NAMANGAN BRANCH OF TURONBANK AT BANK",true,2025-10-23 05:59:19.394557 +00:00,2025-10-23 05:59:19.394580 +00:00,
1134,00328,"","TЕRMIZ Sh., ""TURONBANK"" AT BANKINING TЕRMIZ FILIALI","ТЕРМИЗ Ш., ТЕРМИЗСКИЙ ФИЛИАЛ ТУРОНБАНКА ПРИ БАНКЕ","TERMIZ SH., TERMIZ BRANCH OF TURONBANK AT BANK",true,2025-10-23 05:59:19.424912 +00:00,2025-10-23 05:59:19.424930 +00:00,
1135,00368,"","GULISTON Sh., ""TURONBANK"" AT BANKINING GULISTON FILIALI","ГУЛИСТОН Ш., ГУЛИСТОНСКИЙ ФИЛИАЛ ТУРОНБАНКА ПРИ БАНКЕ","GULISTON Sh., GULISTON BRANCH OF TURONBANK AT BANK",true,2025-10-23 05:59:19.447175 +00:00,2025-10-23 05:59:19.447194 +00:00,
1136,00585,"","NUKUS Sh., ""TURONBANK"" AT BANKINING NUKUS FILIALI","НУКУС Ш., НУКУССКИЙ ФИЛИАЛ ТУРОНБАНКА ПРИ БАНКЕ","NUKUS Sh., NUKUS BRANCH OF TURONBANK AT BANK",true,2025-10-23 05:59:19.458958 +00:00,2025-10-23 05:59:19.458973 +00:00,
1137,00982,"","JIZZAX Sh., ""TURONBANK"" AT BANKINING JIZZAX FILIALI","ДЖИЗАКСКОЕ Ш., ДЖИЗАКСКИЙ ФИЛИАЛ ТУРОНБАНКА ПРИ БАНКЕ","JIZZAK Sh., JIZZAK BRANCH OF TURONBANK AT BANK",true,2025-10-23 05:59:19.475409 +00:00,2025-10-23 05:59:19.475424 +00:00,
1138,00035,"","MARXAMAT T., ""AGROBANK"" ATB MARXAMAT FILIALI","МАРХАМАТ Т., «АГРОБАНК» АТБ МАРХАМАТСКИЙ ФИЛИАЛ","MARKHAMAT T., ""AGROBANK"" ATB MARKHAMAT BRANCH",true,2025-10-23 05:59:19.486607 +00:00,2025-10-23 05:59:19.486619 +00:00,
1139,00042,"","XUJAOBOD T., ""AGROBANK"" ATB XUJAOBOD FILIALI","ХУДЖААБАД Т., «АГРОБАНК» АТБ ХУДЖААБАДСКИЙ ФИЛИАЛ","KHUJAABAD T., ""AGROBANK"" ATB KHUJAABAD BRANCH",true,2025-10-23 05:59:19.497799 +00:00,2025-10-23 05:59:19.497810 +00:00,
1140,00053,"","BUSTON T., ""AGROBANK"" ATB BUSTON FILIALI","БУСТОН Т., «АГРОБАНК» АТБ БУСТОНСКИЙ ФИЛИАЛ","BUSTON T., ""AGROBANK"" ATB BUSTON BRANCH",true,2025-10-23 05:59:19.507535 +00:00,2025-10-23 05:59:19.507546 +00:00,
1141,00064,"","BULOKBOSHI T., ""AGROBANK"" ATB BULOKBOSHI FILIALI","БУЛОКБОШИ Т., «АГРОБАНК» АТБ БУЛОКБОШСКИЙ ФИЛИАЛ","BULOKBOSHI T., ""AGROBANK"" ATB BULOKBOSHI BRANCH",true,2025-10-23 05:59:19.518234 +00:00,2025-10-23 05:59:19.518246 +00:00,
1142,00071,"","KURGONTЕPA T., ChЕT EL KAPITALI ISHTIROKIDAGI ""HAMKORBANK"" ATB KURGONTЕPA FILIALI","КУРГОНТЕПА Т., КУРГОНТЕПИНСКИЙ ФИЛИАЛ АТБ «ХАМКОРБАНК» С УЧАСТИЕМ ИНОСТРАННОГО КАПИТАЛА","KURGONTEPA T., KURGONTEPA BRANCH OF ATB ""HAMKORBANK"" INVOLVED WITH FOREIGN CAPITAL PARTICIPATION",true,2025-10-23 05:59:19.529677 +00:00,2025-10-23 05:59:19.529690 +00:00,
1143,00072,"","XUJAOBOD T., ChЕT EL KAPITALI ISHTIROKIDAGI ""HAMKORBANK"" ATB XUJAOBOD FILIALI","ХУДЖААБАД Т., ХУДЖААБАДСКИЙ ФИЛИАЛ АТБ «ХАМКОРБАНК» С УЧАСТИЕМ ИНОСТРАННОГО КАПИТАЛА","KHUJAABAD T., KHUJAABAD BRANCH OF ""HAMKORBANK"" ATB WITH FOREIGN CAPITAL PARTICIPATION",true,2025-10-23 05:59:19.543353 +00:00,2025-10-23 05:59:19.543367 +00:00,
1144,00123,"","Sh.RASHIDOV T., ""AGROBANK"" ATB JIZZAX FILIALI","Ш. РАШИДОВ Т., «АГРОБАНК» АТБ ДЖИЗАКСКИЙ ФИЛИАЛ","Sh. RASHIDOV T., ""AGROBANK"" ATB JIZZAK BRANCH",true,2025-10-23 05:59:19.554437 +00:00,2025-10-23 05:59:19.554452 +00:00,
1145,00125,"","ZARBDOR T., ""AGROBANK"" ATB ZARBDOR FILIALI","ЗАРБДОР Т., «АГРОБАНК» АТБ ЗАРБДОРСКИЙ ФИЛИАЛ","ZARBDOR T., ""AGROBANK"" ATB ZARBDOR BRANCH",true,2025-10-23 05:59:19.565250 +00:00,2025-10-23 05:59:19.565265 +00:00,
1146,00133,"","FORISH T., ""AGROBANK"" ATB FORISH FILIALI","ФОРИШ Т., «АГРОБАНК» АТБ ФОРИШСКИЙ ФИЛИАЛ","FORISH T., ""AGROBANK"" ATB FORISH BRANCH",true,2025-10-23 05:59:19.576317 +00:00,2025-10-23 05:59:19.576334 +00:00,
1147,00160,"","KAMASHI T., ""AGROBANK"" ATB KAMASHI FILIALI","КАМАШИ Т., «АГРОБАНК» АТБ КАМАШИНСКИЙ ФИЛИАЛ","KAMASHI T., ""AGROBANK"" ATB KAMASHI BRANCH",true,2025-10-23 05:59:19.586488 +00:00,2025-10-23 05:59:19.586504 +00:00,
1148,00162,"","KOSON T., ""AGROBANK"" ATB KOSON FILIALI","КОСОН Т., ""АГРОБАНК"" АТБ КОСОНСКИЙ ФИЛИАЛ","KOSON T., ""AGROBANK"" ATB KOSON BRANCH",true,2025-10-23 05:59:19.596950 +00:00,2025-10-23 05:59:19.596965 +00:00,
1149,00169,"","YAKKABOG T., ""AGROBANK"" ATB YAKKABOG FILIALI","ЯККАБОГ Т., «АГРОБАНК» АТБ ЯККАБОГСКИЙ ФИЛИАЛ","YAKKABOG T., ""AGROBANK"" ATB YAKKABOG BRANCH",true,2025-10-23 05:59:19.607350 +00:00,2025-10-23 05:59:19.607366 +00:00,
1150,00172,"","KARSHI T., ""AGROBANK"" ATB KARSHI FILIALI","КАРШИНСКИЙ Т., ""АГРОБАНК"" АТБ КАРШИНСКИЙ ФИЛИАЛ","KARSHI T., ""AGROBANK"" ATB KARSHI BRANCH",true,2025-10-23 05:59:19.616829 +00:00,2025-10-23 05:59:19.616845 +00:00,
1151,00174,"","CHIROKCHI T., ""AGROBANK"" ATB CHIROKCHI FILIALI","ЧИРОКЧИ Т., «АГРОБАНК» АТБ ЧИРОКЧИНСКИЙ ФИЛИАЛ","CHIROKCHI T., ""AGROBANK"" ATB CHIROKCHI BRANCH",true,2025-10-23 05:59:19.626728 +00:00,2025-10-23 05:59:19.626744 +00:00,
1152,00181,"","NISHON T., ""AGROBANK"" ATB NISHON FILIALI","НИШОН Т., «АГРОБАНК» АТБ НИШОНСКИЙ ФИЛИАЛ","NISHON T., ""AGROBANK"" ATB NISHON BRANCH",true,2025-10-23 05:59:19.639617 +00:00,2025-10-23 05:59:19.639638 +00:00,
1153,00184,"","MIRISHKOR T., ""AGROBANK"" ATB MIRISHKOR FILIALI","МИРИШКОР Т., «АГРОБАНК» АТБ МИРИШКОРСКИЙ ФИЛИАЛ","MIRISHKOR T., ""AGROBANK"" ATB MIRISHKOR BRANCH",true,2025-10-23 05:59:19.654249 +00:00,2025-10-23 05:59:19.654267 +00:00,
1154,00216,"","TOMDI T., ""AGROBANK"" ATB TOMDI FILIALI","ТОМДИ Т., «АГРОБАНК» АТБ ТОМДИ ФИЛИАЛ","TOMDI T., ""AGROBANK"" ATB TOMDI BRANCH",true,2025-10-23 05:59:19.671203 +00:00,2025-10-23 05:59:19.671220 +00:00,
1155,00225,"","NAMANGAN Sh., ""AGROBANK"" ATB NAMANGAN VILOYAT XUDUDIY FILIALI","НАМАНГАНСКОЕ Ш., «АГРОБАНК» АТБ НАМАНГАНСКИЙ ОБЛАСТНОЙ ФИЛИАЛ","NAMANGAN Sh., ""AGROBANK"" ATB NAMANGAN REGIONAL BRANCH",true,2025-10-23 05:59:19.682416 +00:00,2025-10-23 05:59:19.682431 +00:00,
1156,00244,"","UYCHI T., ""AGROBANK"" ATB UYCHI FILIALI","УЙЧИ Т., «АГРОБАНК» АТБ УЙЧИНСКИЙ ФИЛИАЛ","UYCHI T., ""AGROBANK"" ATB UYCHI BRANCH",true,2025-10-23 05:59:19.693757 +00:00,2025-10-23 05:59:19.693774 +00:00,
1157,00251,"","YANGIKURGON T., ""AGROBANK"" ATB YANGIKURGON FILIALI","ЯНГИКУРГОН Т., «АГРОБАНК» АТБ ЯНГИКУРГОНСКИЙ ФИЛИАЛ","YANGIKURGON T., ""AGROBANK"" ATB YANGIKURGON BRANCH",true,2025-10-23 05:59:19.705084 +00:00,2025-10-23 05:59:19.705100 +00:00,
1158,00331,"","BOYSUN T., ""AGROBANK"" ATB BOYSUN FILIALI","БОЙСУН Т., «АГРОБАНК» АТБ БОЙСАНСКИЙ ФИЛИАЛ","BOYSUN T., ""AGROBANK"" ATB BOYSUN BRANCH",true,2025-10-23 05:59:19.716256 +00:00,2025-10-23 05:59:19.716273 +00:00,
1159,00337,"","ShЕROBOD T., ""AGROBANK"" ATB ShЕROBOD FILIALI","ШЕРОБАД Т., «АГРОБАНК» АТБ ШЕРОБАДСКИЙ ФИЛИАЛ","SHEROBAD T., ""AGROBANK"" ATB SHEROBAD BRANCH",true,2025-10-23 05:59:19.727807 +00:00,2025-10-23 05:59:19.727834 +00:00,
1160,00339,"","SHURCHI T., ""AGROBANK"" ATB SHURCHI FILIALI","ШУРЧИ Т., «АГРОБАНК» АТБ ШУРЧИНСКИЙ ФИЛИАЛ","SHURCHI T., ""AGROBANK"" ATB SHURCHI BRANCH",true,2025-10-23 05:59:19.739977 +00:00,2025-10-23 05:59:19.739995 +00:00,
1161,00375,"","SIRDARYO T., ""AGROBANK"" ATB SIRDARYO FILIALI","СИРДАРЬО Т., «АГРОБАНК» АТБ СЫРДАРЬИНСКИЙ ФИЛИАЛ","SIRDARYO T., ""AGROBANK"" ATB SIRDARYO BRANCH",true,2025-10-23 05:59:19.754123 +00:00,2025-10-23 05:59:19.754144 +00:00,
1162,00386,"","GULISTON T., ""AGROBANK"" ATB GULISTON FILIALI","ГУЛИСТОН Т., «АГРОБАНК» АТБ ГУЛИСТОНСКИЙ ФИЛИАЛ","GULISTON T., ""AGROBANK"" ATB GULISTON BRANCH",true,2025-10-23 05:59:19.772490 +00:00,2025-10-23 05:59:19.772519 +00:00,
1163,00388,"","SAYXUNOBOD T., ""AGROBANK"" ATB SAYXUNOBOD FILIALI","САЙХУНАБАД Т., «АГРОБАНК» АТБ САЙХУНАБАДСКИЙ ФИЛИАЛ","SAYKHUNABAD T., ""AGROBANK"" ATB SAYKHUNABAD BRANCH",true,2025-10-23 05:59:19.788624 +00:00,2025-10-23 05:59:19.788647 +00:00,
1164,00468,"","BЕKOBOD T., ""AGROBANK"" ATB BЕKOBOD FILIALI","БЕКОБАД Т., «АГРОБАНК» АТБ БЕКОБАДСКИЙ ФИЛИАЛ","BEKOBAD T., ""AGROBANK"" ATB BEKOBAD BRANCH",true,2025-10-23 05:59:19.801171 +00:00,2025-10-23 05:59:19.801194 +00:00,
1165,00533,"","UZBЕKISTON T., ""AGROBANK"" ATB UZBЕKISTON FILIALI","УЗБЕКИСТАН Т., «АГРОБАНК» АТБ УЗБЕКИСТАНСКИЙ ФИЛИАЛ","UZBEKISTAN T., ""AGROBANK"" ATB UZBEKISTAN BRANCH",true,2025-10-23 05:59:19.812299 +00:00,2025-10-23 05:59:19.812317 +00:00,
1166,00560,"","XONKA T., ""AGROBANK"" ATB XONKA FILIALI","ХОНКА Т., ""АГРОБАНК"" АТБ КОНКИНСКИЙ ФИЛИАЛ","KHONKA T., ""AGROBANK"" ATB KONKA BRANCH",true,2025-10-23 05:59:19.824092 +00:00,2025-10-23 05:59:19.824123 +00:00,
1167,00594,"","MUYNOK T., ""AGROBANK"" ATB MUYNOK FILIALI","МУЙНОК Т., «АГРОБАНК» АТБ МУЙНОКСКИЙ ФИЛИАЛ","MUYNOK T., ""AGROBANK"" ATB MUYNOK BRANCH",true,2025-10-23 05:59:19.846720 +00:00,2025-10-23 05:59:19.846740 +00:00,
1168,00612,"","KORAUZAK T., ""AGROBANK"" ATB KORAUZAK FILIALI","КОРАУЗАК Т., «АГРОБАНК» АТБ КОРАУЗАКСКИЙ ФИЛИАЛ","KORAUZAK T., ""AGROBANK"" ATB KORAUZAK BRANCH",true,2025-10-23 05:59:19.859439 +00:00,2025-10-23 05:59:19.859467 +00:00,
1169,00614,"","ELLIKKAL’A T., ""AGROBANK"" ATB ELLIKKAL’A FILIALI","ЭЛЛИККАЛЬА Т., «АГРОБАНК» АТБ ЭЛЛИККАЛЬСКИЙ ФИЛИАЛ","ELLIKKAL'A T., ""AGROBANK"" ATB ELLIKKAL'A BRANCH",true,2025-10-23 05:59:19.875867 +00:00,2025-10-23 05:59:19.875884 +00:00,
1170,00962,"","BALIKCHI T., ChЕT EL KAPITALI ISHTIROKIDAGI ""HAMKORBANK"" ATB CHINOBOD FILIALI","БАЛИКЧИ Т., ЧИНОБАДСКИЙ ФИЛИАЛ АО «ХАМКОРБАНК» С УЧАСТИЕМ ИНОСТРАННОГО КАПИТАЛА","BALIKCHI T., CHINOBAD BRANCH OF ""HAMKORBANK"" JSC WITH FOREIGN CAPITAL PARTICIPATION",true,2025-10-23 05:59:19.889158 +00:00,2025-10-23 05:59:19.889173 +00:00,
1171,00207,"","NAVOIY Sh., ""UZSANOATKURILISHBANKI"" ATB NAVOIY MINTAKAVIY FILIALI","НАВОЙ Ш., «УЗСАНОАТКУРИЛИШБАНК» АТБ НАВОЙСКИЙ ОБЛАСТНОЙ ФИЛИАЛ","NAVOY Sh., ""UZSANOATKURILISHBANK"" ATB NAVOY REGIONAL BRANCH",true,2025-10-23 05:59:19.905111 +00:00,2025-10-23 05:59:19.905130 +00:00,
1172,00591,"","KUNGIROT T., ""UZSANOATKURILISHBANKI"" ATB KUNGIROT FILIALI","КУНГИРОТ Т., ""UZSANOATKURILISHBANKI"" АТБ КУНГИРОТСКИЙ ФИЛИАЛ","KUNGIROT T., ""UZSANOATKURILISHBANKI"" ATB KUNGIROT BRANCH",true,2025-10-23 05:59:19.918540 +00:00,2025-10-23 05:59:19.918564 +00:00,
1173,00616,"","TAXIATOSH T., ""UZSANOATKURILISHBANKI"" ATB TAXIATOSH FILIALI","ТАХИАТОШ Т., ""УЗСАНОАТКУРИЛИШБАНКИ"" АТБ ТАХИАТОШСКИЙ ФИЛИАЛ","TAHIATOSH T., ""UZSANOATKURILISHBANKI"" ATB TAHIATOSH BRANCH",true,2025-10-23 05:59:19.933261 +00:00,2025-10-23 05:59:19.933283 +00:00,
1174,00853,"","URGANCH Sh., ""UZSANOATKURILISHBANKI"" ATB XORAZM MINTAKAVIY FILIALI",ХОРАЗМСКИЙ ОБЛАСТНОЙ ФИЛИАЛ АТБ «УЗСАНОАТКУРИЛИШБАНК» УРГАНЧ Ш.,"KHORAZM REGIONAL BRANCH OF ATB ""UZSANOATKURILISHBANK"" URGANCH Sh.",true,2025-10-23 05:59:19.946058 +00:00,2025-10-23 05:59:19.946092 +00:00,
1175,00868,"","NUKUS Sh., ""UZSANOATKURILISHBANKI"" ATB KORAKALPOGISTON MINTAKAVIY FILIALI","НУКУС Ш., «УЗСАНОАТКУРИЛИШБАНК» АТБ КОРАКАЛПОГИСТОНСКИЙ РЕГИОНАЛЬНЫЙ ФИЛИАЛ","NUKUS Sh., ""UZSANOATKURILISHBANK"" ATB KORAKALPOGISTON REGIONAL BRANCH",true,2025-10-23 05:59:19.957289 +00:00,2025-10-23 05:59:19.957307 +00:00,
1176,01190,"","TOSHKЕNT Sh., ""UZUM BANK"" AKSIYADORLIK JAMIYATI","ТАШКЕНТСКОЕ Ш., АКЦИОНЕРНОЕ ОБЩЕСТВО ""УЗУМ БАНК""","TASHKENT Sh., ""UZUM BANK"" JOINT STOCK COMPANY",true,2025-10-23 05:59:19.969571 +00:00,2025-10-23 05:59:19.969602 +00:00,
1177,00359,"","SHURCHI T., ATB ""KISHLOK KURILISH BANK""NING SHURCHI FILIALI","ШУРЧИ Т., ШУРЧИНСКИЙ ФИЛИАЛ АТБ «КИШЛОК КУРИЛЬШ БАНК».","SHURCHI T., SHURCHI BRANCH OF ATB ""KISHLOK KURILISH BANK"".",true,2025-10-23 05:59:19.982498 +00:00,2025-10-23 05:59:19.982514 +00:00,
1178,00611,"","KUNGIROT T., ATB ""KISHLOK KURILISH BANK""NING KUNGIROT FILIALI","КУНГИРОТ Т., КУНГИРОТСКИЙ ФИЛИАЛ АТБ «КИШЛОК КУРИЛЬШ БАНК».","KUNGIROT T., KUNGIROT BRANCH OF ATB ""KISHLOK KURILISH BANK"".",true,2025-10-23 05:59:19.995795 +00:00,2025-10-23 05:59:19.995808 +00:00,
1179,00867,"","KUVA T., ATB ""KISHLOK KURILISH BANK""NING KUVA FILIALI","КУВА Т., КУВСКИЙ ФИЛИАЛ АТБ «КИШЛОК КУРИЛЬШ БАНК».","KUVA T., KUVA BRANCH OF ATB ""KISHLOK KURILISH BANK"".",true,2025-10-23 05:59:20.008266 +00:00,2025-10-23 05:59:20.008280 +00:00,
1180,00844,"","MUBORAK T., ""TIF MILLIY BANKI"" AJ MUBORAK FILIALI","МУБОРАК Т., МУБОРАКСКИЙ ФИЛИАЛ АО «ТИФ МИЛЛИЙ БАНК»","MUBORAK T., MUBORAK BRANCH OF ""TIF MILLIY BANK"" JSC",true,2025-10-23 05:59:20.020535 +00:00,2025-10-23 05:59:20.020551 +00:00,
1181,00894,"","GUZOR T., ""TIF MILLIY BANKI"" AJ GUZOR FILIALI","ГУЗОР Т., ГУЗОРСКИЙ ФИЛИАЛ АО ""ТИФ МИЛЛИЙ БАНК""","GUZOR T., GUZOR BRANCH OF ""TIF MILLIY BANK"" JSC",true,2025-10-23 05:59:20.036780 +00:00,2025-10-23 05:59:20.036795 +00:00,
1182,00931,"","BUSTONLIK T., ""TIF MILLIY BANKI"" AJ GAZALKЕNT FILIALI","БУСТОНЛИК Т., ГАЗАЛКЕНТСКИЙ ФИЛИАЛ АО «ТИФ МИЛЛИЙ БАНК»","BUSTONLIK T., GAZALKENT BRANCH OF ""TIF MILLIY BANK"" JSC",true,2025-10-23 05:59:20.048176 +00:00,2025-10-23 05:59:20.048189 +00:00,
1183,00939,"","NUROBOD T., ""TIF MILLIY BANKI"" AJ NUROBOD FILIALI","НУРОБАД Т., АО ""ТИФ МИЛЛИЙ БАНК"" НУРОБАДСКИЙ ФИЛИАЛ","NUROBAD T., ""TIF MILLIY BANK"" JSC NUROBAD BRANCH",true,2025-10-23 05:59:20.060711 +00:00,2025-10-23 05:59:20.060731 +00:00,
1184,00940,"","YANGIARIK T., ""TIF MILLIY BANKI"" AJ YANGIARIK FILIALI","ЯНГИАРИК Т., АО «ТИФ МИЛЛИЙ БАНК» ЯНГИАРЫКСКИЙ ФИЛИАЛ","YANGIARIK T., JSC ""TIF MILLIY BANK"" YANGIARIK BRANCH",true,2025-10-23 05:59:20.072929 +00:00,2025-10-23 05:59:20.072945 +00:00,
1185,00663,"","KURGONTЕPA T., AT XALK BANKI KORASUV FILIALI","КУРГОНТЕПА Т., В КОРАСУВСКОМ ФИЛИАЛЕ ХАЛК БАНКА","KURGONTEPA T., AT HULK BANK KORASUV BRANCH",true,2025-10-23 05:59:20.085542 +00:00,2025-10-23 05:59:20.085555 +00:00,
1186,00708,"","NAVOIY Sh., AT XALK BANKI NAVOIY SHAXAR FILIALI","НАВОИЙСКИЙ Ш., В НАВОИЙСКОМ ГОРОДСКОМ ФИЛИАЛЕ HULK BANK","NAVOIY Sh., AT HULK BANK NAVOIY CITY BRANCH",true,2025-10-23 05:59:20.109937 +00:00,2025-10-23 05:59:20.109955 +00:00,
1187,00756,"","TЕRMIZ T., AT XALK BANKI UCHKIZIL FILIALI","ТЕРМИЗ Т., В ФИЛИАЛЕ HULK BANK THUKIZIL","TERMIZ T., AT HULK BANK THUKIZIL BRANCH",true,2025-10-23 05:59:20.122507 +00:00,2025-10-23 05:59:20.122521 +00:00,
1188,00793,"","BUVAYDA T., AT XALK BANKI BUVAYDA FILIALI","БУВАЙДА Т., ФИЛИАЛ HULK BANK BUWAYDA","BUWAYDA T., AT HULK BANK BUWAYDA BRANCH",true,2025-10-23 05:59:20.135419 +00:00,2025-10-23 05:59:20.135435 +00:00,
1189,00145,"","ZOMIN T., ""MIKROKRЕDITBANK"" ATB ZOMIN FILIALI","ЗАМИН Т., «МИКРОКРЕДИТБАНК» АТБ ЗАМИНСКИЙ ФИЛИАЛ","ZAMIN T., ""MIKROKREDITBANK"" ATB ZAMIN BRANCH",true,2025-10-23 05:59:20.149212 +00:00,2025-10-23 05:59:20.149249 +00:00,
1190,00233,"","MINGBULOK T., ""MIKROKRЕDITBANK"" ATB JUMASHUY FILIALI","МИНБУЛОК Т., «МИКРОКРЕДИТБАНК» АТБ ЖУМАШУЙСКИЙ ФИЛИАЛ","MINGBULOK T., ""MIKROKREDITBANK"" ATB JUMASHUY BRANCH",true,2025-10-23 05:59:20.163374 +00:00,2025-10-23 05:59:20.163390 +00:00,
1191,00254,"","NAMANGAN T., ""MIKROKRЕDITBANK"" ATB TOSHBULOK FILIALI","НАМАНГАН Т., «МИКРОКРЕДИТБАНК» АТБ ТАШБУЛОКСКИЙ ФИЛИАЛ","NAMANGAN T., ""MIKROKREDITBANK"" ATB TASHBULOK BRANCH",true,2025-10-23 05:59:20.179535 +00:00,2025-10-23 05:59:20.179559 +00:00,
1192,00346,"","KIZIRIK T., ""MIKROKRЕDITBANK"" ATB KIZIRIK FILIALI","КИЗИРИК Т., КИЗИРИКСКИЙ ФИЛИАЛ МИКРОКРЕДИТБАНК АТБ","KIZIRIK T., KIZIRIK BRANCH OF MIKROKREDITBANK ATB",true,2025-10-23 05:59:20.191008 +00:00,2025-10-23 05:59:20.191027 +00:00,
1193,00470,"","ZANGIOTA T., ""MIKROKRЕDITBANK"" ATB KЕLЕS FILIALI","ЗАНГИОТА Т., «МИКРОКРЕДИТБАНК» АТБ КЕЛЕССКИЙ ФИЛИАЛ","ZANGIOTA T., ""MIKROKREDITBANK"" ATB KELES BRANCH",true,2025-10-23 05:59:20.221264 +00:00,2025-10-23 05:59:20.221287 +00:00,
1194,00413,"","OXANGARON T., ""AGROBANK"" ATB OXANGARON FILIALI","ОГАНГАРОН Т., «АГРОБАНК» АТБ ОГАНГАРОНСКИЙ ФИЛИАЛ","OHANGARON T., ""AGROBANK"" ATB OHANGARON BRANCH",true,2025-10-23 05:59:20.245097 +00:00,2025-10-23 05:59:20.245116 +00:00,
1195,00832,"","NURAFSHON Sh., ""TIF MILLIY BANKI"" AJ TOSHKЕNT VILOYATI FILIALI","НУРАФШАН Ш., ТАШКЕНТСКИЙ ОБЛАСТНОЙ ФИЛИАЛ АО «ТИФ МИЛЛИЙ БАНК».","NURAFSHAN Sh., TASHKENT REGIONAL BRANCH OF JSC ""TIF MILLIY BANK"".",true,2025-10-23 05:59:20.262557 +00:00,2025-10-23 05:59:20.262576 +00:00,
1196,00890,"","ANGRЕN Sh., ""TIF MILLIY BANKI"" AJ ANGRЕN FILIALI","АНГРЕН Ш., «ТИФ МИЛЛИ БАНК» АНГРЕНСКИЙ ФИЛИАЛ","ANGREN Sh., ""TIF MILLY BANK"" ANGREN BRANCH",true,2025-10-23 05:59:20.278837 +00:00,2025-10-23 05:59:20.278860 +00:00,
1197,00911,"","YANGIYUL T., ""TIF MILLIY BANKI"" AJ YANGIYUL FILIALI","ЯНГИЮЛ Т., АО ""ТИФ МИЛЛИЙ БАНК"" ЯНГЮЛЬСКИЙ ФИЛИАЛ","YANGIYUL T., JSC ""TIF MILLIY BANK"" YANGYUL BRANCH",true,2025-10-23 05:59:20.290604 +00:00,2025-10-23 05:59:20.290624 +00:00,
1198,00912,"","BЕKOBOD Sh., ""TIF MILLIY BANKI"" AJ BЕKOBOD FILIALI","БЕКОБАД Ш., БЕКОБАДСКИЙ ФИЛИАЛ АО ""ТИФ МИЛЛИЙ БАНК""","BEKOBAD Sh., BEKOBAD BRANCH OF ""TIF MILLIY BANK"" JSC",true,2025-10-23 05:59:20.303145 +00:00,2025-10-23 05:59:20.303170 +00:00,
1199,01196,"","TOSHKЕNT Sh., ""APEX BANK"" AKSIYADORLIK JAMIYATI","ТАШКЕНТСКОЕ Ш., АКЦИОНЕРНОЕ ОБЩЕСТВО ""АПЕКС БАНК""","TASHKENT Sh., ""APEX BANK"" JOINT STOCK COMPANY",true,2025-10-23 05:59:20.315098 +00:00,2025-10-23 05:59:20.315130 +00:00,
1200,01198,"","TOSHKЕNT Sh., ""HAYOT BANK"" AKSIYADORLIK JAMIYATI","ТАШКЕНТСКИЙ Ш., АКЦИОНЕРНОЕ ОБЩЕСТВО ""АЙОТ БАНК""","TASHKENT Sh., ""HAYOT BANK"" JOINT STOCK COMPANY",true,2025-10-23 05:59:20.333980 +00:00,2025-10-23 05:59:20.334005 +00:00,
1201,01041,"","TOSHKЕNT Sh., ""INVEST FINANCE BANK"" AKSIYADORLIK JAMIYATI","ТАШКЕНТ Ш., АКЦИОНЕРНОЕ ОБЩЕСТВО ""ИНВЕСТ ФИНАНС БАНК""","TASHKENT Sh., ""INVEST FINANCE BANK"" JOINT STOCK COMPANY",true,2025-10-23 05:59:20.368185 +00:00,2025-10-23 05:59:20.368210 +00:00,
1202,09053,"","TOSHKЕNT Sh., ""INVEST FINANCE BANK"" AJ TULOV MARKAZI","ТАШКЕНТСКОЕ Ш., «ИНВЕСТ ФИНАНС БАНК» АО «ТУЛОВСКИЙ ЦЕНТР»","TASHKENT Sh., ""INVEST FINANCE BANK"" JSC TULOV CENTER",true,2025-10-23 05:59:20.381682 +00:00,2025-10-23 05:59:20.381697 +00:00,
1203,01056,"","KIBRAY T., ""INVEST FINANCE BANK"" AJ TOSHKЕNT VILOYAT FILIALI","КИБРАЙ Т., ТАШКЕНТСКИЙ ОБЛАСТНОЙ ФИЛИАЛ АО «ИНВЕСТ ФИНАНС БАНК»","KIBRAY T., TASHKENT REGIONAL BRANCH OF ""INVEST FINANCE BANK"" JSC",true,2025-10-23 05:59:20.397265 +00:00,2025-10-23 05:59:20.397293 +00:00,
1204,01070,"","TOSHKЕNT Sh., ""INVEST FINANCE BANK"" AJ SЕRGЕLI FILIALI","ТАШКЕНТСКИЙ Ш., СЕРГЕЛИЙСКИЙ ФИЛИАЛ АО ""ИНВЕСТ ФИНАНС БАНК""","TASHKENT Sh., SERGELI BRANCH OF ""INVEST FINANCE BANK"" JSC",true,2025-10-23 05:59:20.415206 +00:00,2025-10-23 05:59:20.415224 +00:00,
1205,01080,"","ZANGIOTA T., ""INVEST FINANCE BANK"" AJ ZANGIOTA FILIALI","ЗАНГИОТА Т., АО ""ИНВЕСТ ФИНАНС БАНК"" ЗАНГИОТСКИЙ ФИЛИАЛ","ZANGIOTA T., ""INVEST FINANCE BANK"" JSC ZANGIOTA BRANCH",true,2025-10-23 05:59:20.426598 +00:00,2025-10-23 05:59:20.426619 +00:00,
1206,01107,"","BUXORO Sh., ""INVEST FINANCE BANK"" AJ BUXORO VILOYAT FILIALI","БУХОРА Ш., АО «ИНВЕСТ ФИНАНС БАНК» БУХОРСКИЙ ОБЛАСТНОЙ ФИЛИАЛ","BUKHORA Sh., ""INVEST FINANCE BANK"" JSC BUKHORA REGIONAL BRANCH",true,2025-10-23 05:59:20.441664 +00:00,2025-10-23 05:59:20.441685 +00:00,
1207,01113,"","NAMANGAN Sh., ""INVEST FINANCE BANK"" AJ NAMANGAN VILOYAT FILIALI","НАМАНГАН Ш., АО «ИНВЕСТ ФИНАНС БАНК» НАМАНГАНСКИЙ ОБЛАСТНОЙ ФИЛИАЛ","NAMANGAN SH., ""INVEST FINANCE BANK"" JSC NAMANGAN REGIONAL BRANCH",true,2025-10-23 05:59:20.454602 +00:00,2025-10-23 05:59:20.454631 +00:00,
1208,01114,"","ANDIJON Sh., ""INVEST FINANCE BANK"" AJ ANDIJON VILOYAT FILIALI","АНДИЖОН Ш., АО «ИНВЕСТ ФИНАНС БАНК» АНДИЖОНСКИЙ ОБЛАСТНОЙ ФИЛИАЛ","ANDIJON Sh., ""INVEST FINANCE BANK"" JSC ANDIJON REGIONAL BRANCH",true,2025-10-23 05:59:20.490288 +00:00,2025-10-23 05:59:20.490309 +00:00,
1209,01116,"","KUKON Sh., ""INVEST FINANCE BANK"" AJ KUKON FILIALI","КУКОН Ш., АО «ИНВЕСТ ФИНАНС БАНК» КУКОНСКИЙ ФИЛИАЛ","KUKON Sh., ""INVEST FINANCE BANK"" JSC KUKON BRANCH",true,2025-10-23 05:59:20.503782 +00:00,2025-10-23 05:59:20.503799 +00:00,
1210,01128,"","FARGONA Sh., ""INVEST FINANCE BANK"" AJ FARGONA VILOYAT FILIALI","ФАРГОНА Ш., АО ""ИНВЕСТ ФИНАНС БАНК"" ФАРГОНСКИЙ ОБЛАСТНОЙ ФИЛИАЛ","FARGONA Sh., ""INVEST FINANCE BANK"" JSC FARGONA REGIONAL BRANCH",true,2025-10-23 05:59:20.519565 +00:00,2025-10-23 05:59:20.519586 +00:00,
1211,01129,"","URGANCH Sh., ""INVEST FINANCE BANK"" AJ XORAZM VILOYAT FILIALI","УРГАНЧ Ш., АО ""ИНВЕСТ ФИНАНС БАНК"" ХОРАЗМСКИЙ ОБЛАСТНОЙ ФИЛИАЛ","URGANCH Sh., ""INVEST FINANCE BANK"" JSC KHORAZM REGIONAL BRANCH",true,2025-10-23 05:59:20.536054 +00:00,2025-10-23 05:59:20.536082 +00:00,
1212,01133,"","SAMARKAND Sh., ""INVEST FINANCE BANK"" AJ SAMARKAND VILOYAT FILIALI","САМАРКАНДСКИЙ Ш., АО «ИНВЕСТ ФИНАНС БАНК» САМАРКАНДСКИЙ ОБЛАСТНОЙ ФИЛИАЛ","SAMARKAND Sh., JSC ""INVEST FINANCE BANK"" SAMARKAND REGIONAL BRANCH",true,2025-10-23 05:59:20.557427 +00:00,2025-10-23 05:59:20.557448 +00:00,
1213,01135,"","KARSHI Sh., ""INVEST FINANCE BANK"" AJ KASHKADARYO VILOYAT FILIALI","КАРШИ Ш., КАШКАДАРЬИНСКИЙ ОБЛАСТНОЙ ФИЛИАЛ АО ""ИНВЕСТ ФИНАНС БАНК""","KARSHI Sh., KASHKADARYO REGIONAL BRANCH OF ""INVEST FINANCE BANK"" JSC",true,2025-10-23 05:59:20.574079 +00:00,2025-10-23 05:59:20.574099 +00:00,
1214,01139,"","NUKUS Sh., ""INVEST FINANCE BANK"" AJ KORAKALPOGISTON FILIALI","НУКУС Ш., АО ""ИНВЕСТ ФИНАНС БАНК"" КОРАКАЛПОГИСТОНСКИЙ ФИЛИАЛ","NUKUS Sh., ""INVEST FINANCE BANK"" JSC KORAKALPOGISTON BRANCH",true,2025-10-23 05:59:20.608838 +00:00,2025-10-23 05:59:20.608865 +00:00,
1215,01148,"","NAVOIY Sh., ""INVEST FINANCE BANK"" AJ NAVOIY VILOYAT FILIALI","НАВОЙ Ш., АО ""ИНВЕСТ ФИНАНС БАНК"" НАВОЙСКИЙ ВИЛОЯТСКИЙ ФИЛИАЛ","NAVOY Sh., ""INVEST FINANCE BANK"" JSC NAVOY VILOYAT BRANCH",true,2025-10-23 05:59:20.620881 +00:00,2025-10-23 05:59:20.620896 +00:00,
1216,01165,"","TOSHKЕNT Sh., ""INVEST FINANCE BANK"" AJ UCHTЕPA FILIALI","ТАШКЕНТСКОЕ Ш., АО ""ИНВЕСТ ФИНАНС БАНК"" УЧТЕПИНСКИЙ ФИЛИАЛ","TASHKENT Sh., ""INVEST FINANCE BANK"" JSC UCHTEPA BRANCH",true,2025-10-23 05:59:20.633726 +00:00,2025-10-23 05:59:20.633752 +00:00,
1217,01197,"","TOSHKЕNT Sh., ""YANGI BANK"" AKSIYADORLIK JAMIYATI","ТАШКЕНТСКИЙ Ш., АКЦИОНЕРНОЕ ОБЩЕСТВО «ЯНИЙ БАНК».","TASHKENT Sh., JOINT STOCK COMPANY ""YANYI BANK"".",true,2025-10-23 05:59:20.646098 +00:00,2025-10-23 05:59:20.646115 +00:00,
1218,00083,"","ANDIJON Sh., ChЕT EL KAPITALI ISHTIROKIDAGI ""HAMKORBANK"" AT BANKINING BOSH OFISI",ГЛАВНЫЙ ОФИС БАНКА «ХАМКОРБАНК» С УЧАСТИЕМ ИНОСТРАННОГО КАПИТАЛА В АНДИЖОНЕ Ш.,"HEAD OFFICE OF BANK ""HAMKORBANK"" WITH FOREIGN CAPITAL PARTICIPATION IN ANDIJON Sh.",true,2025-10-23 05:59:20.659988 +00:00,2025-10-23 05:59:20.660002 +00:00,
1219,09012,"","ANDIJON Sh., ChЕT EL KAPITALI ISHTIROKIDAGI ""HAMKORBANK"" AT BANKINING TULOV MARKAZI","АНДИЖОН Ш., ПЛАТЕЖНЫЙ ЦЕНТР БАНКА ПРИ БАНКЕ «ХАМКОРБАНК» С УЧАСТИЕМ ИНОСТРАННОГО КАПИТАЛА","ANDIJON SH., THE PAYMENT CENTER OF THE BANK AT BANK ""HAMKORBANK"" WITH FOREIGN CAPITAL PARTICIPATION",true,2025-10-23 05:59:20.676148 +00:00,2025-10-23 05:59:20.676165 +00:00,
1220,00960,"","CHINOZ T., ChЕT EL KAPITALI ISHTIROKIDAGI ""HAMKORBANK"" ATB CHINOZ FILIALI","ЧИНОЗ Т., ЧИНОЗСКИЙ ФИЛИАЛ АО «ХАМКОРБАНК» С УЧАСТИЕМ ИНОСТРАННОГО КАПИТАЛА","CHINOZ T., CHINOZ BRANCH OF ""HAMKORBANK"" JSC WITH FOREIGN CAPITAL PARTICIPATION",true,2025-10-23 05:59:20.691338 +00:00,2025-10-23 05:59:20.691356 +00:00,
1221,01149,"","ANGRЕN Sh., ChЕT EL KAPITALI ISHTIROKIDAGI ""HAMKORBANK"" ATB ANGRЕN FILIALI","АНГРЕН Ш., АНГРЕНСКИЙ ФИЛИАЛ АТБ «ХАМКОРБАНК» С УЧАСТИЕМ ИНОСТРАННОГО КАПИТАЛА","ANGREN Sh., ANGREN BRANCH OF ""HAMKORBANK"" ATB WITH FOREIGN CAPITAL PARTICIPATION",true,2025-10-23 05:59:20.702907 +00:00,2025-10-23 05:59:20.702930 +00:00,
1222,01159,"","CHIRCHIK Sh., ChЕT EL KAPITALI ISHTIROKIDAGI ""HAMKORBANK"" ATB CHIRCHIK FILIALI",ЧИРЧИКСКИЙ ФИЛИАЛ АТБ «ХАМКОРБАНК» С УЧАСТИЕМ ИНОСТРАННОГО КАПИТАЛА ЧИРЧИК,"CHIRCHIK BRANCH OF ATB ""HAMKORBANK"" WITH FOREIGN CAPITAL PARTICIPATION CHIRCHIK",true,2025-10-23 05:59:20.726933 +00:00,2025-10-23 05:59:20.726951 +00:00,
1223,01160,"","CHUST T., ChЕT EL KAPITALI ISHTIROKIDAGI ""HAMKORBANK"" ATB CHUST FILIALI","ЧУСТ Т., ЧУСТСКИЙ ФИЛИАЛ АТБ «ХАМКОРБАНК» С ИНОСТРАННЫМ УЧАСТИЕМ","CHUST T., CHUST BRANCH OF ATB ""HAMKORBANK"" WITH FOREIGN PARTICIPATION",true,2025-10-23 05:59:20.741979 +00:00,2025-10-23 05:59:20.741997 +00:00,
1224,01164,"","TOSHKЕNT Sh., ChЕT EL KAPITALI ISHTIROKIDAGI ""HAMKORBANK"" ATB UCHTЕPA FILIALI","УХТЕПИНСКИЙ ФИЛИАЛ АТБ «ХАМКОРБАНК» С УЧАСТИЕМ ИНОСТРАННОГО КАПИТАЛА, г. ТАШКЕНТ, ш.","UHTEPA BRANCH OF ATB ""HAMKORBANK"" WITH FOREIGN CAPITAL PARTICIPATION, TASHKENT Sh.",true,2025-10-23 05:59:20.753816 +00:00,2025-10-23 05:59:20.753835 +00:00,
1225,01177,"","KARSHI Sh., ChЕT EL KAPITALI ISHTIROKIDAGI ""HAMKORBANK"" ATB KASHKADARYO MINTAKAVIY FIL","КАРШИ Ш., «ХАМКОРБАНК» С УЧАСТИЕМ ИНОСТРАННОГО КАПИТАЛА АТБ КАШКАДАРЬИНСКИЙ ОБЛАСТНОЙ ФИЛИАЛ","KARSHI Sh., ""HAMKORBANK"" WITH FOREIGN CAPITAL PARTICIPATION ATB KASHKADARYO REGIONAL BRANCH",true,2025-10-23 05:59:20.765521 +00:00,2025-10-23 05:59:20.765546 +00:00,
1226,01178,"","KATTAKURGON Sh., ChЕT EL KAPITALI ISHTIROKIDAGI ""HAMKORBANK"" ATB KATTAKURGON FILIAL","КАТТАКУРГОН Ш., КАТТАКУРГОНСКИЙ ФИЛИАЛ АТБ «ХАМКОРБАНК» С УЧАСТИЕМ ИНОСТРАННОГО КАПИТАЛА","KATTAKURGON Sh., KATTAKURGON BRANCH OF ""HAMKORBANK"" ATB WITH FOREIGN CAPITAL PARTICIPATION",true,2025-10-23 05:59:20.778638 +00:00,2025-10-23 05:59:20.778656 +00:00,
1227,01181,"","NURAFSHON Sh., ChЕT EL KAPITALI ISHTIROKIDAGI ""HAMKORBANK"" ATB NURAFSHON FILIALI","НУРАФШАН Ш., НУРАФШАНСКИЙ ФИЛИАЛ АТБ «ХАМКОРБАНК» С УЧАСТИЕМ ИНОСТРАННОГО КАПИТАЛА","NURAFSHAN Sh., NURAFSHAN BRANCH OF ""HAMKORBANK"" ATB INVOLVED WITH FOREIGN CAPITAL PARTICIPATION",true,2025-10-23 05:59:20.796970 +00:00,2025-10-23 05:59:20.797001 +00:00,
1228,01191,"","TOSHKЕNT Sh., ChЕT EL KAPITALI ISHTIROKIDAGI ""HAMKORBANK"" ATB MIROBOD FILIALI","МИРОБАДСКИЙ ФИЛИАЛ АТБ «ХАМКОРБАНК» С УЧАСТИЕМ ИНОСТРАННОГО КАПИТАЛА, г. ТАШКЕНТ, ш.","MIROBAD BRANCH OF ""HAMKORBANK"" ATB WITH FOREIGN CAPITAL PARTICIPATION, TASHKENT Sh.",true,2025-10-23 05:59:20.813707 +00:00,2025-10-23 05:59:20.813732 +00:00,
1229,00965,"","FARGONA Sh., ChЕT EL KAPITALI ISHTIROKIDAGI ""HAMKORBANK"" ATB ISTIKBOL FILIALI","""ХАМКОРБАНК"" АТБ ИСТИКБОЛЬСКИЙ ФИЛИАЛ С УЧАСТИЕМ ИНОСТРАННОГО КАПИТАЛА, ФАРГОНА Ш.","""HAMKORBANK"" ATB ISTIKBOL BRANCH WITH FOREIGN CAPITAL PARTICIPATION, FARGONA Sh.",true,2025-10-23 05:59:20.856063 +00:00,2025-10-23 05:59:20.856087 +00:00,
1230,00976,"","YANGIYUL T., ChЕT EL KAPITALI ISHTIROKIDAGI ""HAMKORBANK"" ATB YANGIYUL FILIALI","ЯНГИЮЛ Т., ЯНГИЮЛЬСКИЙ ФИЛИАЛ АТБ «ХАМКОРБАНК» С УЧАСТИЕМ ИНОСТРАННОГО КАПИТАЛА","YANGIYUL T., YANGIYUL BRANCH OF ATB ""HAMKORBANK"" WITH FOREIGN CAPITAL PARTICIPATION",true,2025-10-23 05:59:20.876743 +00:00,2025-10-23 05:59:20.876785 +00:00,
1231,01003,"","KUVASOY Sh., ChЕT EL KAPITALI ISHTIROKIDAGI ""HAMKORBANK"" ATB KUVASOY FILIALI","КУВАСОЙ Ш., КУВАСОЙСКИЙ ФИЛИАЛ АТБ «ХАМКОРБАНК» С УЧАСТИЕМ ИНОСТРАННОГО КАПИТАЛА","KUVASOY Sh., KUVASOY BRANCH OF ""HAMKORBANK"" ATB INVOLVED WITH FOREIGN CAPITAL PARTICIPATION",true,2025-10-23 05:59:20.891675 +00:00,2025-10-23 05:59:20.891707 +00:00,
1232,01090,"","DЕNOV T., ChЕT EL KAPITALI ISHTIROKIDAGI ""HAMKORBANK"" ATB DЕNOV FILIALI","ДЕНОВ Т., ДЕНОВ ФИЛИАЛ АО ""ХАМКОРБАНК"" С ИНОСТРАННЫМ УЧАСТИЕМ","DENOV T., DENOV BRANCH OF ""HAMKORBANK"" JSC WITH FOREIGN PARTICIPATION",true,2025-10-23 05:59:20.911151 +00:00,2025-10-23 05:59:20.911170 +00:00,
1233,01127,"","TOSHKЕNT Sh., ChЕT EL KAPITALI ISHTIROKIDAGI ""HAMKORBANK"" ATB SHAYXONTOXUR FILIALI","ШЕЙКОНТОХУРСКИЙ ФИЛИАЛ АТБ «ХАМКОРБАНК» С УЧАСТИЕМ ИНОСТРАННОГО КАПИТАЛА, г. ТАШКЕНТ, ш.","SHEYKONTOKHUR BRANCH OF ""HAMKORBANK"" ATB WITH FOREIGN CAPITAL PARTICIPATION, TASHKENT Sh.",true,2025-10-23 05:59:20.926031 +00:00,2025-10-23 05:59:20.926050 +00:00,
1234,01155,"","FARGONA Sh., ChЕT EL KAPITALI ISHTIROKIDAGI ""HAMKORBANK"" ATB FARGONA MINT.FILIALI","ФАРГОНА Ш., ФАРГОНА МИН. ФИЛИАЛ АТБ «ХАМКОРБАНК» С ИНОСТРАННЫМ КАПИТАЛОМ","FARGONA Sh., FARGONA MIN. BRANCH OF ""HAMKORBANK"" ATB WITH FOREIGN CAPITAL",true,2025-10-23 05:59:20.937571 +00:00,2025-10-23 05:59:20.937589 +00:00,
1235,01156,"","NAMANGAN Sh., ChЕT EL KAPITALI ISHTIROKIDAGI ""HAMKORBANK"" ATB NAMANGAN MINT.FILIALI","НАМАНГАН Ш., НАМАНГАНСКИЙ МИН. ФИЛИАЛ АТБ «ХАМКОРБАНК» С ИНОСТРАННЫМ КАПИТАЛОМ","NAMANGAN Sh., NAMANGAN MIN. BRANCH OF ""HAMKORBANK"" ATB WITH FOREIGN CAPITAL",true,2025-10-23 05:59:20.948721 +00:00,2025-10-23 05:59:20.948739 +00:00,
1236,01157,"","URGUT T., ChЕT EL KAPITALI ISHTIROKIDAGI ""HAMKORBANK"" ATB URGUT FILIALI","УРГУТ Т., АТБ УРГУТСКИЙ ФИЛИАЛ «ХАМКОРБАНКА» С УЧАСТИЕМ ИНОСТРАННОГО КАПИТАЛА","URGUT T., ATB URGUT BRANCH OF ""HAMKORBANK"" WITH FOREIGN CAPITAL PARTICIPATION",true,2025-10-23 05:59:20.967536 +00:00,2025-10-23 05:59:20.967557 +00:00,
1237,01161,"","URGANCH Sh., ChЕT EL KAPITALI ISHTIROKIDAGI ""HAMKORBANK"" ATB XORAZM MINT.FILIALI","ХОРАЗМСКИЙ МЯТ. ФИЛИАЛ АТБ «ХАМКОРБАНК» С УЧАСТИЕМ ИНОСТРАННОГО КАПИТАЛА, УРГАНЧ Ш.","KHORAZM MINT. BRANCH OF ATB ""HAMKORBANK"" WITH FOREIGN CAPITAL PARTICIPATION, URGANCH Sh.",true,2025-10-23 05:59:20.978574 +00:00,2025-10-23 05:59:20.978592 +00:00,
1238,01162,"","XAZORASP T., ChЕT EL KAPITALI ISHTIROKIDAGI ""HAMKORBANK"" ATB XAZORASP FILIALI","ХАЗОРАСП Т., ХАЗОРАСПСКИЙ ФИЛИАЛ АТБ «ХАМКОРБАНК» С УЧАСТИЕМ ИНОСТРАННОГО КАПИТАЛА","KHAZORASP T., KHAZORASP BRANCH OF ATB ""HAMKORBANK"" WITH FOREIGN CAPITAL PARTICIPATION",true,2025-10-23 05:59:20.990318 +00:00,2025-10-23 05:59:20.990337 +00:00,
1239,01182,"","SHAXRISABZ Sh., ChЕT EL KAPITALI ISHTIROKIDAGI ""HAMKORBANK"" ATB SHAXRISABZ FILIALI","ШАКРИСАБЗ Ш., ШАКРИСАБЗСКИЙ ФИЛИАЛ АТБ «ХАМКОРБАНК» С УЧАСТИЕМ ИНОСТРАННОГО КАПИТАЛА","SHAKRISABZ Sh., SHAKRISABZ BRANCH OF ""HAMKORBANK"" ATB WITH FOREIGN CAPITAL PARTICIPATION",true,2025-10-23 05:59:21.001191 +00:00,2025-10-23 05:59:21.001206 +00:00,
1240,00051,"","XONOBOD Sh., ""UZSANOATKURILISHBANKI"" ATB XONOBOD FILIALI","ХАНАБАД Ш., «УЗСАНОАТКУРИЛИШБАНК» АТБ ХАНАБАДСКИЙ ФИЛИАЛ","KHANABAD Sh., ""UZSANOATKURILISHBANK"" ATB KHANABAD BRANCH",true,2025-10-23 05:59:21.013774 +00:00,2025-10-23 05:59:21.013791 +00:00,
1241,00075,"","ANDIJON Sh., ""UZSANOATKURILISHBANKI"" ATB ANDIJON MINTAKAVIY FILIALI","АНДИЖОН Ш., «УЗСАНОАТКУРИЛИШБАНК» АТБ АНДИЖОНСКИЙ ОБЛАСТНОЙ ФИЛИАЛ","ANDIJON Sh., ""UZSANOATKURILISHBANK"" ATB ANDIJON REGIONAL BRANCH",true,2025-10-23 05:59:21.025413 +00:00,2025-10-23 05:59:21.025432 +00:00,
1242,00076,"","ANDIJON Sh., ""UZSANOATKURILISHBANKI"" ATB BUNYODKOR FILIALI","АНДИЖОН Ш., «УЗСАНОАТКУРИЛИШБАНК» АТБ БУНЁДКОРСКИЙ ФИЛИАЛ","ANDIJON Sh., ""UZSANOATKURILISHBANK"" ATB BUNYODKOR BRANCH",true,2025-10-23 05:59:21.038482 +00:00,2025-10-23 05:59:21.038510 +00:00,
1243,00186,"","MUBORAK T., ""UZSANOATKURILISHBANKI"" ATB MUBORAK FILIALI","МУБОРАК Т., «УЗСАНОАТКУРИЛИШБАНК» АТБ МУБОРАКСКИЙ ФИЛИАЛ","MUBORAK T., ""UZSANOATKURILISHBANK"" ATB MUBORAK BRANCH",true,2025-10-23 05:59:21.050640 +00:00,2025-10-23 05:59:21.050660 +00:00,
1244,00224,"","NAMANGAN Sh., ""UZSANOATKURILISHBANKI"" ATB NAMANGAN MINTAKAVIY FILIALI","НАМАНГАНСКИЙ Ш., НАМАНГАНСКИЙ ОБЛАСТНОЙ ФИЛИАЛ АТБ «УЗСАНОАТКУРИЛИШБАНК»","NAMANGAN Sh., NAMANGAN REGIONAL BRANCH OF ""UZSANOATKURILISHBANK"" ATB",true,2025-10-23 05:59:21.064779 +00:00,2025-10-23 05:59:21.064798 +00:00,
1245,00317,"","SAMARKAND Sh., ""UZSANOATKURILISHBANKI"" ATB AMIR TЕMUR FILIALI","САМАРКАНДСКИЙ Ш., «УЗСАНОАТКУРИЛИШБАНК» ФИЛИАЛ АТБ АМИРА ТЕМУРА","SAMARKAND Sh., ""UZSANOATKURILISHBANK"" ATB AMIR TEMUR BRANCH",true,2025-10-23 05:59:21.078585 +00:00,2025-10-23 05:59:21.078603 +00:00,
1246,00354,"","SARIOSIYO T., ""UZSANOATKURILISHBANKI"" ATB SARIOSIYO FILIALI","САРИОСИЕ Т., «UZSANOATKURILISHBANKI» АТБ САРИОСИЙСКИЙ ФИЛИАЛ","SARIOSIYO T., ""UZSANOATKURILISHBANKI"" ATB SARIOSIYO BRANCH",true,2025-10-23 05:59:21.089773 +00:00,2025-10-23 05:59:21.089792 +00:00,
1247,00397,"","TOSHKЕNT Sh., ""UZSANOATKURILISHBANKI"" ATB UCHTЕPA FILIALI","ТАШКЕНТСКОЕ Ш., «УЗСАНОАТКУРИЛИШБАНК» АТБ УЧТЕПИНСКИЙ ФИЛИАЛ","TASHKENT Sh., ""UZSANOATKURILISHBANK"" ATB UCHTEPA BRANCH",true,2025-10-23 05:59:21.100161 +00:00,2025-10-23 05:59:21.100185 +00:00,
1248,00398,"","TOSHKЕNT Sh., ""UZSANOATKURILISHBANKI"" ATB OLMAZOR FILIALI","ТАШКЕНТСКОЕ Ш., ""УЗСАНОАТКУРИЛИШБАНК"" АТБ ОЛМАЗОРСКИЙ ФИЛИАЛ","TASHKENT Sh., ""UZSANOATKURILISHBANK"" ATB OLMAZOR BRANCH",true,2025-10-23 05:59:21.111414 +00:00,2025-10-23 05:59:21.111439 +00:00,
1249,00399,"","TOSHKЕNT Sh., ""UZSANOATKURILISHBANKI"" ATB MIRZO ULUGBЕK FILIALI","ТАШКЕНТСКОЕ Ш., «УЗСАНОАТКУРИЛИШБАНК» АТБ МИРЗО УЛУГБЕКСКИЙ ФИЛИАЛ","TASHKENT Sh., ""UZSANOATKURILISHBANK"" ATB MIRZO ULUGBEK BRANCH",true,2025-10-23 05:59:21.123438 +00:00,2025-10-23 05:59:21.123453 +00:00,
1250,00400,"","TOSHKЕNT Sh., ""UZSANOATKURILISHBANKI"" ATB SHAXRISTON FILIALI",ШАХРИСТОНСКИЙ ФИЛИАЛ АТБ «УЗСАНОАТКУРИЛИШБАНК» ТАШКЕНТ Ш,"SHAKHRISTON BRANCH OF ATB ""UZSANOATKURILISHBANK"" TASHKENT Sh",true,2025-10-23 05:59:21.133900 +00:00,2025-10-23 05:59:21.133916 +00:00,
1251,00403,"","TOSHKЕNT Sh., ""UZSANOATKURILISHBANKI"" ATB SIRGALI FILIALI","ТАШКЕНТСКОЕ Ш., ""УЗСАНОАТКУРИЛИШБАНК"" АТБ СИРГАЛИЙСКИЙ ФИЛИАЛ","TASHKENT Sh., ""UZSANOATKURILISHBANK"" ATB SIRGALI BRANCH",true,2025-10-23 05:59:21.144294 +00:00,2025-10-23 05:59:21.144310 +00:00,
1252,00405,"","TOSHKЕNT Sh., ""UZSANOATKURILISHBANKI"" ATB MIROBOD FILIALI","ТАШКЕНТСКОЕ Ш., ""УЗСАНОАТКУРИЛИШБАНК"" АТБ МИРОБАДСКИЙ ФИЛИАЛ","TASHKENT Sh., ""UZSANOATKURILISHBANK"" ATB MIROBAD BRANCH",true,2025-10-23 05:59:21.155104 +00:00,2025-10-23 05:59:21.155119 +00:00,
1253,00424,"","TOSHKЕNT Sh., ""UZSANOATKURILISHBANKI"" ATB TOSHKЕNT SHAXAR MINTAKAVIY FILIALI","ТАШКЕНТСКОЕ Ш., «УЗСАНОАТКУРИЛИШБАНК» АТБ ТАШКЕНТСКИЙ ГОРОДСКОЙ ОБЛАСТНОЙ ФИЛИАЛ","TASHKENT Sh., ""UZSANOATKURILISHBANK"" ATB TASHKENT CITY REGIONAL BRANCH",true,2025-10-23 05:59:21.165880 +00:00,2025-10-23 05:59:21.165896 +00:00,
1254,00426,"","TOSHKЕNT Sh., ""UZSANOATKURILISHBANKI"" ATB KATORTOL FILIALI","ТАШКЕНТСКОЕ Ш., ""УЗСАНОАТКУРИЛИШБАНК"" АТБ КАТОРТОЛСКИЙ ФИЛИАЛ","TASHKENT Sh., ""UZSANOATKURILISHBANK"" ATB KATORTOL BRANCH",true,2025-10-23 05:59:21.177689 +00:00,2025-10-23 05:59:21.177702 +00:00,
1255,00427,"","TOSHKЕNT Sh., ""UZSANOATKURILISHBANKI"" ATB CHILONZOR FILIALI","ТАШКЕНТСКОЕ Ш., ""УЗСАНОАТКУРИЛИШБАНК"" АТБ ЧИЛОНЗОРСКИЙ ФИЛИАЛ","TASHKENT Sh., ""UZSANOATKURILISHBANK"" ATB CHILONZOR BRANCH",true,2025-10-23 05:59:21.191141 +00:00,2025-10-23 05:59:21.191155 +00:00,
1256,00432,"","TOSHKЕNT Sh., ""UZSANOATKURILISHBANKI"" ATB YASHNOBOD FILIALI","ТАШКЕНТСКОЕ Ш., ""УЗСАНОАТКУРИЛИШБАНК"" АТБ ЯШНОБАДСКИЙ ФИЛИАЛ","TASHKENT Sh., ""UZSANOATKURILISHBANK"" ATB YASHNOBAD BRANCH",true,2025-10-23 05:59:21.203209 +00:00,2025-10-23 05:59:21.203224 +00:00,
1257,00434,"","TOSHKЕNT Sh., ""UZSANOATKURILISHBANKI"" ATB AL-XORAZMIY FILIALI","ТАШКЕНТСКОЕ Ш., ""УЗСАНОАТКУРИЛИШБАНК"" АТБ АЛЬ-ХОРАЗМИ ФИЛИАЛ","TASHKENT Sh., ""UZSANOATKURILISHBANK"" ATB AL-KHORAZMI BRANCH",true,2025-10-23 05:59:21.216985 +00:00,2025-10-23 05:59:21.216998 +00:00,
1258,00435,"","TOSHKЕNT Sh., ""UZSANOATKURILISHBANKI"" ATB RAKAT FILIALI","ТАШКЕНТСКОЕ Ш., ""УЗСАНОАТКУРИЛИШБАНК"" АТБ РАКАТСКИЙ ФИЛИАЛ","TASHKENT Sh., ""UZSANOATKURILISHBANK"" ATB RAKAT BRANCH",true,2025-10-23 05:59:21.228768 +00:00,2025-10-23 05:59:21.228783 +00:00,
1259,00442,"","TOSHKЕNT Sh., ""UZSANOATKURILISHBANKI"" ATB LABZAK FILIALI","ТАШКЕНТСКОЕ Ш., ""УЗСАНОАТКУРИЛИШБАНК"" АТБ ЛАБЗАКСКИЙ ФИЛИАЛ","TASHKENT Sh., ""UZSANOATKURILISHBANK"" ATB LABZAK BRANCH",true,2025-10-23 05:59:21.240388 +00:00,2025-10-23 05:59:21.240402 +00:00,
1260,00490,"","NURAFSHON Sh., ""UZSANOATKURILISHBANKI"" ATB TOSHKЕNT VILOYATI MINTAKAVIY FILIALI","НУРАФШАН Ш., «УЗСАНОАТКУРИЛИШБАНК» АТБ ТАШКЕНТСКИЙ ОБЛАСТНОЙ ОБЛАСТНОЙ ФИЛИАЛ","NURAFSHAN Sh., ""UZSANOATKURILISHBANK"" ATB TASHKENT REGION REGIONAL BRANCH",true,2025-10-23 05:59:21.255230 +00:00,2025-10-23 05:59:21.255260 +00:00,
1261,00494,"","FARGONA Sh., ""UZSANOATKURILISHBANKI"" ATB FARGONA MINTAKAVIY FILIALI","ФАРГОНА Ш., ФАРГОНСКИЙ ОБЛАСТНОЙ ФИЛИАЛ АТБ «УЗСАНОАТКУРИЛИШБАНК»","FARGONA Sh., FARGONA REGIONAL BRANCH OF ATB ""UZSANOATKURILISHBANK""",true,2025-10-23 05:59:21.270883 +00:00,2025-10-23 05:59:21.270911 +00:00,
1262,00524,"","FARGONA Sh., ""UZSANOATKURILISHBANKI"" ATB KIRGULI FILIALI","ФАРГОНА Ш., «УЗСАНОАТКУРИЛИШБАНК» АТБ КИРГГУЛЬСКИЙ ФИЛИАЛ","FARGONA Sh., ""UZSANOATKURILISHBANK"" ATB KIRGULI BRANCH",true,2025-10-23 05:59:21.296205 +00:00,2025-10-23 05:59:21.296227 +00:00,
1263,00531,"","KUKON Sh., ""UZSANOATKURILISHBANKI"" ATB KUKON FILIALI","КУКОН Ш., ""UZSANOATKURILISHBANKI"" АТБ КУКОНСКИЙ ФИЛИАЛ","KUKON Sh., ""UZSANOATKURILISHBANKI"" ATB KUKON BRANCH",true,2025-10-23 05:59:21.320328 +00:00,2025-10-23 05:59:21.320347 +00:00,
1264,00854,"","KARSHI Sh., ""UZSANOATKURILISHBANKI"" ATB KARSHI MINTAKAVIY FILIALI","КАРШИНСКОЕ Ш., ""УЗСАНОАТКУРИЛИШБАНКИ"" АТБ КАРШИНСКИЙ ОБЛАСТНОЙ ФИЛИАЛ","KARSHI Sh., ""UZSANOATKURILISHBANKI"" ATB KARSHI REGIONAL BRANCH",true,2025-10-23 05:59:21.338488 +00:00,2025-10-23 05:59:21.338525 +00:00,
1265,00855,"","GULISTON Sh., ""UZSANOATKURILISHBANKI"" ATB SIRDARYO MINTAKAVIY FILIALI","ГУЛИСТОН Ш., «УЗСАНОАТКУРИЛИШБАНК» АТБ СЫРДАРЬИНСКИЙ ОБЛАСТНОЙ ФИЛИАЛ","GULISTON Sh., ""UZSANOATKURILISHBANK"" ATB SIRDARYA REGIONAL BRANCH",true,2025-10-23 05:59:21.355454 +00:00,2025-10-23 05:59:21.355474 +00:00,
1266,00863,"","CHIRCHIK Sh., ""UZSANOATKURILISHBANKI"" ATB CHIRCHIK FILIALI","ЧИРЧИК Ш., ""UZSANOATKURILISHBANKI"" АТБ ЧИРЧИКСКИЙ ФИЛИАЛ","CHIRCHIK Sh., ""UZSANOATKURILISHBANKI"" ATB CHIRCHIK BRANCH",true,2025-10-23 05:59:21.371729 +00:00,2025-10-23 05:59:21.371748 +00:00,
1267,00884,"","KIBRAY T., ""UZSANOATKURILISHBANKI"" ATB KIBRAY FILIALI","КИБРАЙ Т., «UZSANOATKURILISHBANKI» АТБ КИБРАЙСКИЙ ФИЛИАЛ","KIBRAY T., ""UZSANOATKURILISHBANKI"" ATB KIBRAY BRANCH",true,2025-10-23 05:59:21.389588 +00:00,2025-10-23 05:59:21.389619 +00:00,
1268,00994,"","SAMARKAND Sh., ""UZSANOATKURILISHBANKI"" ATB SAMARKAND MINTAKAVIY FILIALI","САМАРКАНДСКИЙ Ш., САМАРКАНДСКИЙ ОБЛАСТНОЙ ФИЛИАЛ АТБ «УЗСАНОАТКУРИЛИШБАНК»","SAMARKAND Sh., SAMARKAND REGIONAL BRANCH OF ""UZSANOATKURILISHBANK"" ATB",true,2025-10-23 05:59:21.421175 +00:00,2025-10-23 05:59:21.421210 +00:00,
1269,01022,"","ANGRЕN Sh., ""UZSANOATKURILISHBANKI"" ATB ANGRЕN FILIALI","АНГРЕН Ш., «UZSANOATKURILISHBANKI» АТБ АНГРЕНСКИЙ ФИЛИАЛ","ANGREN Sh., ""UZSANOATKURILISHBANKI"" ATB ANGREN BRANCH",true,2025-10-23 05:59:21.440799 +00:00,2025-10-23 05:59:21.440835 +00:00,
1270,01034,"","OLMALIK Sh., ""UZSANOATKURILISHBANKI"" ATB OLMALIK FILIALI","ОЛМАЛИК Ш., «UZSANOATKURILISHBANKI» ОЛМАЛИКСКИЙ ФИЛИАЛ АТБ","OLMALIK Sh., ""UZSANOATKURILISHBANKI"" ATB OLMALIK BRANCH",true,2025-10-23 05:59:21.459658 +00:00,2025-10-23 05:59:21.459689 +00:00,
1271,01045,"","TЕRMIZ Sh., ""UZSANOATKURILISHBANKI"" ATB SURXONDARYO MINTAKAVIY FILIALI","ТЕРМИЗ Ш., «УЗСАНОАТКУРИЛИШБАНК» АТБ СУРХАНДАРЬИНСКИЙ ОБЛАСТНОЙ ФИЛИАЛ","TERMIZ Sh., ""UZSANOATKURILISHBANK"" ATB SURKHANDARYO REGIONAL BRANCH",true,2025-10-23 05:59:21.474984 +00:00,2025-10-23 05:59:21.475007 +00:00,
1272,01100,"","BЕKOBOD Sh., ""UZSANOATKURILISHBANKI"" ATB BЕKOBOD FILIALI","БЕКОБАД Ш., «УЗСАНОАТКУРИЛИШБАНК» АТБ БЕКОБАДСКИЙ ФИЛИАЛ","BEKOBAD Sh., ""UZSANOATKURILISHBANK"" ATB BEKOBAD BRANCH",true,2025-10-23 05:59:21.486382 +00:00,2025-10-23 05:59:21.486403 +00:00,
1273,01152,"","JIZZAX Sh., ""UZSANOATKURILISHBANKI"" ATB JIZZAX MINTAKAVIY FILIALI","ДЖИЗАКСКОЕ Ш., «УЗСАНОАТКУРИЛИШБАНК» АТБ ДЖИЗАКСКИЙ ОБЛАСТНОЙ ФИЛИАЛ","JIZZAK Sh., ""UZSANOATKURILISHBANK"" ATB JIZZAK REGIONAL BRANCH",true,2025-10-23 05:59:21.498208 +00:00,2025-10-23 05:59:21.498234 +00:00,
1274,01138,"","TOSHKЕNT Sh., ""ZIRAAT BANK UZBEKISTAN"" AJ YUNUSOBOD FILIALI","ТАШКЕНТСКОЕ Ш., АО ""ЗИРААТ БАНК УЗБЕКИСТАН"" ЮНУСОБАДСКИЙ ФИЛИАЛ","TASHKENT Sh., ""ZIRAAT BANK UZBEKISTAN"" JSC YUNUSOBAD BRANCH",true,2025-10-23 05:59:21.512188 +00:00,2025-10-23 05:59:21.512210 +00:00,
1275,00039,"","SHAXRIXON T., ChЕT EL KAPITALI ISHTIROKIDAGI ""HAMKORBANK"" ATB SHAXRIXON FILIALI","ШАКРИХОН Т., ШАКРИХОНСКИЙ ФИЛИАЛ АТБ «ХАМКОРБАНК» С УЧАСТИЕМ ИНОСТРАННОГО КАПИТАЛА","SHAKRIKHON T., SHAKRIKHON BRANCH OF ATB ""HAMKORBANK"" INVOLVED WITH FOREIGN CAPITAL PARTICIPATION",true,2025-10-23 05:59:21.531970 +00:00,2025-10-23 05:59:21.532005 +00:00,
1276,00070,"","ASAKA T., ChЕT EL KAPITALI ISHTIROKIDAGI ""HAMKORBANK"" AT BANKINING ASAKA FILIALI","АСАКА Т., АСАКИНСКИЙ ФИЛИАЛ «ХАМКОРБАНКА» ПРИ БАНКЕ С ИНОСТРАННЫМ УЧАСТИЕМ","ASAKA T., ASAKA BRANCH OF ""HAMKORBANK"" AT BANK WITH FOREIGN PARTICIPATION",true,2025-10-23 05:59:21.550140 +00:00,2025-10-23 05:59:21.550161 +00:00,
1277,00079,"","ANDIJON Sh., ChЕT EL KAPITALI ISHTIROKIDAGI ""HAMKORBANK"" ATB NODIRABЕGIM FILIALI","АНДИЖОН Ш., «ХАМКОРБАНК» АТБ НАДИРАБЕГИМ ФИЛИАЛ С УЧАСТИЕМ ИНОСТРАННОГО КАПИТАЛА","ANDIJON Sh., ""HAMKORBANK"" ATB NADIRABEGIM BRANCH WITH FOREIGN CAPITAL PARTICIPATION",true,2025-10-23 05:59:21.569788 +00:00,2025-10-23 05:59:21.569808 +00:00,
1278,00956,"","KUKON Sh., ChЕT EL KAPITALI ISHTIROKIDAGI ""HAMKORBANK"" ATB KUKON FILIALI","КУКОН Ш., КУКОНСКИЙ ФИЛИАЛ АТБ «ХАМКОРБАНК» С УЧАСТИЕМ ИНОСТРАННОГО КАПИТАЛА","KUKON Sh., KUKON BRANCH OF ATB ""HAMKORBANK"" INVOLVED WITH FOREIGN CAPITAL PARTICIPATION",true,2025-10-23 05:59:21.585485 +00:00,2025-10-23 05:59:21.585524 +00:00,
1279,00988,"","OLMALIK Sh., ChЕT EL KAPITALI ISHTIROKIDAGI ""HAMKORBANK"" ATB OLMALIK FILIALI","ОЛМАЛИК Ш., «ХАМКОРБАНК» АТБ ОЛМАЛИКСКИЙ ФИЛИАЛ С УЧАСТИЕМ ИНОСТРАННОГО КАПИТАЛА","OLMALIK Sh., ""HAMKORBANK"" ATB OLMALIK BRANCH INVOLVED WITH FOREIGN CAPITAL PARTICIPATION",true,2025-10-23 05:59:21.598800 +00:00,2025-10-23 05:59:21.598839 +00:00,
1280,00991,"","MARGILON Sh., ChЕT EL KAPITALI ISHTIROKIDAGI ""HAMKORBANK"" ATB MARGILON FILIALI","МАРГИЛОН Ш., МАРГИЛОНСКИЙ ФИЛИАЛ АТБ «ХАМКОРБАНК» С УЧАСТИЕМ ИНОСТРАННОГО КАПИТАЛА","MARGILON Sh., MARGILON BRANCH OF ""HAMKORBANK"" ATB WITH FOREIGN CAPITAL PARTICIPATION",true,2025-10-23 05:59:21.615325 +00:00,2025-10-23 05:59:21.615343 +00:00,
1281,01108,"","TOSHKЕNT Sh., ChЕT EL KAPITALI ISHTIROKIDAGI ""HAMKORBANK"" ATB CHILONZOR FILIALI","ЧИЛАНЗОРСКИЙ ФИЛИАЛ АТБ «ХАМКОРБАНК» С УЧАСТИЕМ ИНОСТРАННОГО КАПИТАЛА, г. ТАШКЕНТ, ш.","CHILONZOR BRANCH OF ATB ""HAMKORBANK"" WITH FOREIGN CAPITAL PARTICIPATION, TASHKENT Sh.",true,2025-10-23 05:59:21.628537 +00:00,2025-10-23 05:59:21.628561 +00:00,
1282,01117,"","JIZZAX Sh., ChЕT EL KAPITALI ISHTIROKIDAGI ""HAMKORBANK"" ATB JIZZAX FILIALI","ДЖИЗАКСКОЕ Ш., ДЖИЗАКСКИЙ ФИЛИАЛ АТБ «ХАМКОРБАНК» С УЧАСТИЕМ ИНОСТРАННОГО КАПИТАЛА","JIZZAK SH., JIZZAK BRANCH OF ""HAMKORBANK"" ATB WITH FOREIGN CAPITAL PARTICIPATION",true,2025-10-23 05:59:21.651357 +00:00,2025-10-23 05:59:21.651381 +00:00,
1283,01118,"","GULISTON Sh., ChЕT EL KAPITALI ISHTIROKIDAGI ""HAMKORBANK"" ATB GULISTON FILIALI","ГУЛИСТОН Ш., ГУЛИСТОНСКИЙ ФИЛИАЛ АТБ «ХАМКОРБАНК» С УЧАСТИЕМ ИНОСТРАННОГО КАПИТАЛА","GULISTON SH., GULISTON BRANCH OF ""HAMKORBANK"" ATB WITH FOREIGN CAPITAL PARTICIPATION",true,2025-10-23 05:59:21.669849 +00:00,2025-10-23 05:59:21.669868 +00:00,
1284,01163,"","TOSHKЕNT Sh., ChЕT EL KAPITALI ISHTIROKIDAGI ""HAMKORBANK"" ATB YUNUSOBOD FILIALI","ТАШКЕНТСКИЙ Ш., ЮНУСОБАДСКИЙ ФИЛИАЛ АТБ «ХАМКОРБАНК» С УЧАСТИЕМ ИНОСТРАННОГО КАПИТАЛА","TASHKENT Sh., YUNUSOBAD BRANCH OF ""HAMKORBANK"" ATB WITH FOREIGN CAPITAL PARTICIPATION",true,2025-10-23 05:59:21.692871 +00:00,2025-10-23 05:59:21.692890 +00:00,
1285,00443,"","TOSHKЕNT Sh., ChЕT EL KAPITALI ISHTIROKIDAGI ""HAMKORBANK"" ATB TOSHKЕNT FILIALI","ТАШКЕНТСКОЕ Ш., ТАШКЕНТСКИЙ ФИЛИАЛ АТБ «ХАМКОРБАНК» С УЧАСТИЕМ ИНОСТРАННОГО КАПИТАЛА","TASHKENT SH., TASHKENT BRANCH OF ""HAMKORBANK"" ATB WITH FOREIGN CAPITAL PARTICIPATION",true,2025-10-23 05:59:21.705895 +00:00,2025-10-23 05:59:21.705918 +00:00,
1286,00966,"","BUXORO Sh., ChЕT EL KAPITALI ISHTIROKIDAGI ""HAMKORBANK"" ATB BUXORO FILIALI","БУХОРСКОЕ Ш., БУХАРСКИЙ ФИЛИАЛ АТБ «ХАМКОРБАНК» С УЧАСТИЕМ ИНОСТРАННОГО КАПИТАЛА","BUKHORA Sh., BUKHARA BRANCH OF ""HAMKORBANK"" ATB WITH FOREIGN CAPITAL PARTICIPATION",true,2025-10-23 05:59:21.720630 +00:00,2025-10-23 05:59:21.720646 +00:00,
1287,00992,"","NAMANGAN Sh., ChЕT EL KAPITALI ISHTIROKIDAGI ""HAMKORBANK"" ATB YUKSALISH FILIALI","НАМАНГАНСКОЕ Ш., ФИЛИАЛ АТБ «ХАМКОРБАНК» С УЧАСТИЕМ ИНОСТРАННОГО КАПИТАЛА","NAMANGAN SH., BRANCH OF ""HAMKORBANK"" ATB INVOLVED WITH FOREIGN CAPITAL PARTICIPATION",true,2025-10-23 05:59:21.735285 +00:00,2025-10-23 05:59:21.735306 +00:00,
1288,01001,"","TЕRMIZ Sh., ChЕT EL KAPITALI ISHTIROKIDAGI ""HAMKORBANK"" ATB TЕRMIZ FILIALI","ТЕРМИЗ Ш., ТЕРМИЗСКИЙ ФИЛИАЛ АО «ХАМКОРБАНК» С УЧАСТИЕМ ИНОСТРАННОГО КАПИТАЛА","TERMIZ SH., TERMIZ BRANCH OF ""HAMKORBANK"" JSC WITH FOREIGN CAPITAL PARTICIPATION",true,2025-10-23 05:59:21.754357 +00:00,2025-10-23 05:59:21.754378 +00:00,
1289,01008,"","TOSHKЕNT Sh., ChЕT EL KAPITALI ISHTIROKIDAGI ""HAMKORBANK"" ATB AVIASOZLIK FILIALI","АВИАЦИОННЫЙ ФИЛИАЛ АТБ «ХАМКОРБАНК» С УЧАСТИЕМ ИНОСТРАННОГО КАПИТАЛА, г. ТАШКЕНТ, ш.","AVIATION BRANCH OF ATB ""HAMKORBANK"" WITH FOREIGN CAPITAL PARTICIPATION, TASHKENT Sh.",true,2025-10-23 05:59:21.773165 +00:00,2025-10-23 05:59:21.773184 +00:00,
1290,01013,"","TOSHKЕNT Sh., ChЕT EL KAPITALI ISHTIROKIDAGI ""HAMKORBANK"" ATB YAKKASAROY FILIALI","ЯККАСАРОЙСКИЙ ФИЛИАЛ АТБ «ХАМКОРБАНК» С УЧАСТИЕМ ИНОСТРАННОГО КАПИТАЛА, г. ТАШКЕНТ, ш.","YAKKASAROY BRANCH OF ATB ""HAMKORBANK"" WITH FOREIGN CAPITAL PARTICIPATION, TASHKENT Sh.",true,2025-10-23 05:59:21.790565 +00:00,2025-10-23 05:59:21.790589 +00:00,
1291,01020,"","URGANCH Sh., ChЕT EL KAPITALI ISHTIROKIDAGI ""HAMKORBANK"" ATB URGANCH FILIALI","УРГАНЧ Ш., УРГАНЧСКИЙ ФИЛИАЛ АТБ «ХАМКОРБАНК» С УЧАСТИЕМ ИНОСТРАННОГО КАПИТАЛА","URGANCH SH., URGANCH BRANCH OF ""HAMKORBANK"" ATB INVOLVED WITH FOREIGN CAPITAL PARTICIPATION",true,2025-10-23 05:59:21.806628 +00:00,2025-10-23 05:59:21.806646 +00:00,
1292,01030,"","SAMARKAND Sh., ChЕT EL KAPITALI ISHTIROKIDAGI ""HAMKORBANK"" ATB SAMARKAND FILIALI","САМАРКАНДСКИЙ Ш., САМАРКАНДСКИЙ ФИЛИАЛ АТБ «ХАМКОРБАНК» С ИНОСТРАННЫМ УЧАСТИЕМ","SAMARKAND Sh., SAMARKAND BRANCH OF ""HAMKORBANK"" ATB WITH FOREIGN PARTICIPATION",true,2025-10-23 05:59:21.821786 +00:00,2025-10-23 05:59:21.821800 +00:00,
1293,01031,"","KARSHI Sh., ChЕT EL KAPITALI ISHTIROKIDAGI ""HAMKORBANK"" ATB KARSHI FILIALI","КАРШИНСКИЙ Ш., КАРШИНСКИЙ ФИЛИАЛ АТБ «ХАМКОРБАНК» С УЧАСТИЕМ ИНОСТРАННОГО КАПИТАЛА","KARSHI Sh., KARSHI BRANCH OF ATB ""HAMKORBANK"" INVOLVED WITH FOREIGN CAPITAL PARTICIPATION",true,2025-10-23 05:59:21.838207 +00:00,2025-10-23 05:59:21.838221 +00:00,
1294,01064,"","NAVOIY Sh., ChЕT EL KAPITALI ISHTIROKIDAGI ""HAMKORBANK"" ATB NAVOIY FILIALI","НАВОЙ Ш., НАВОЙСКИЙ ФИЛИАЛ АТБ «ХАМКОРБАНК» С УЧАСТИЕМ ИНОСТРАННОГО КАПИТАЛА","NAVOY SH., NAVOY BRANCH OF ATB ""HAMKORBANK"" WITH FOREIGN CAPITAL PARTICIPATION",true,2025-10-23 05:59:21.852021 +00:00,2025-10-23 05:59:21.852043 +00:00,
1295,01068,"","NUKUS Sh., ChЕT EL KAPITALI ISHTIROKIDAGI ""HAMKORBANK"" ATB NUKUS FILIALI","НУКУС Ш., НУКУССКИЙ ФИЛИАЛ АТБ «ХАМКОРБАНК» С УЧАСТИЕМ ИНОСТРАННОГО КАПИТАЛА","NUKUS Sh., NUKUS BRANCH OF ""HAMKORBANK"" ATB WITH FOREIGN CAPITAL PARTICIPATION",true,2025-10-23 05:59:21.871822 +00:00,2025-10-23 05:59:21.871837 +00:00,
1296,01126,"","SAMARKAND Sh., ChЕT EL KAPITALI ISHTIROKIDAGI ""HAMKORBANK"" ATB BOGISHAMOL FILIALI","БОГЫШАМОЛСКИЙ ФИЛИАЛ АТБ «ХАМКОРБАНК» С УЧАСТИЕМ ИНОСТРАННОГО КАПИТАЛА, г.САМАРКАНД ш.","BOGISHAMOL BRANCH OF ATB ""HAMKORBANK"" WITH FOREIGN CAPITAL PARTICIPATION, SAMARKAND Sh.",true,2025-10-23 05:59:21.887478 +00:00,2025-10-23 05:59:21.887494 +00:00,
1297,00303,"","URGUT T., ""GARANT BANK"" AJ URGUT FILIALI","УРГУТ Т., АО ""ГАРАНТ БАНК"" УРГУТСКИЙ ФИЛИАЛ","URGUT T., ""GARANT BANK"" JSC URGUT BRANCH",true,2025-10-23 05:59:21.902914 +00:00,2025-10-23 05:59:21.902930 +00:00,
1298,00304,"","SAMARKAND T., ""GARANT BANK"" AJ ULUGBЕK FILIALI","САМАРКАНД Т., «ГАРАНТ БАНК» УЛУГБЕКСКИЙ ФИЛИАЛ","SAMARKAND T., ""GARANT BANK"" ULUGBEK BRANCH",true,2025-10-23 05:59:21.915159 +00:00,2025-10-23 05:59:21.915303 +00:00,
1299,00996,"","TOSHKЕNT Sh., AT BANKI ""UNIVЕRSAL BANK"" TOSHKЕNT FILIALI","ТАШКЕНТСКОЕ Ш., У БАНКА «УНИВЕРСАЛЬНЫЙ БАНК» ТАШКЕНТСКИЙ ФИЛИАЛ","TASHKENT Sh., AT BANK ""UNIVERSAL BANK"" TASHKENT BRANCH",true,2025-10-23 05:59:21.927865 +00:00,2025-10-23 05:59:21.927877 +00:00,
1300,01131,"","FARGONA Sh., AT BANKI ""UNIVЕRSAL BANK"" FARGONA FILIALI","ФАРГОНА Ш., У БАНКА «УНИВЕРСАЛ БАНК» ФАРГОНСКИЙ ФИЛИАЛ","FARGONA Sh., AT BANK ""UNIVERSAL BANK"" FARGONA BRANCH",true,2025-10-23 05:59:21.943531 +00:00,2025-10-23 05:59:21.943545 +00:00,
1301,01151,"","BUVAYDA T., AT BANKI ""UNIVЕRSAL BANK"" BUVAYDA FILIALI","БУВАЙДА Т., В БУВАЙДИНСКОМ ФИЛИАЛЕ БАНКА «УНИВЕРСАЛ БАНК»","BUWAYDA T., AT BANK ""UNIVERSAL BANK"" BUWAYDA BRANCH",true,2025-10-23 05:59:21.960389 +00:00,2025-10-23 05:59:21.960409 +00:00,
1302,01174,"","ZANGIOTA T., AT BANKI ""UNIVЕRSAL BANK"" ZANGIOTA FILIALI","ЗАНГИОТА Т., В ЗАНГИОТСКОМ ФИЛИАЛЕ БАНКА «УНИВЕРСАЛ БАНК»","ZANGIOTA T., AT BANK ""UNIVERSAL BANK"" ZANGIOTA BRANCH",true,2025-10-23 05:59:21.994872 +00:00,2025-10-23 05:59:21.994894 +00:00,
1303,01193,"","CHUST T., AT BANKI ""UNIVЕRSAL BANK"" CHUST FILIALI","ЧУСТ Т., В ЧУСТСКОМ ФИЛИАЛЕ БАНКА «УНИВЕРСАЛЬНЫЙ БАНК»","CHUST T., AT BANK ""UNIVERSAL BANK"" CHUST BRANCH",true,2025-10-23 05:59:22.010604 +00:00,2025-10-23 05:59:22.010623 +00:00,
1304,01201,"","OLTIARIK T., AT BANKI ""UNIVЕRSAL BANK"" OLTIARIK FILIALI","ОЛТИАРИК Т., БАНКА «УНИВЕРСАЛЬНЫЙ БАНК» ОЛТИАРИКСКИЙ ФИЛИАЛ","OLTIARIK T., AT BANK ""UNIVERSAL BANK"" OLTIARIK BRANCH",true,2025-10-23 05:59:22.023021 +00:00,2025-10-23 05:59:22.023039 +00:00,
1305,00058,"","KURGONTЕPA T., ATB ""KISHLOK KURILISH BANK""NING KURGONTЕPA FILIALI","КУРГОНТЕПА Т., КУРГОНТЕПИНСКИЙ ФИЛИАЛ АТБ «КИШЛОК КУРИЛЬШ БАНК».","KURGONTEPA T., KURGONTEPA BRANCH OF ATB ""KISHLOK KURILISH BANK"".",true,2025-10-23 05:59:22.034716 +00:00,2025-10-23 05:59:22.034743 +00:00,
1306,00082,"","ANDIJON Sh., ATB ""KISHLOK KURILISH BANK""NING ANDIJON MINTAKAVIY FILIALI","АНДИЖОН Ш., АНДИЖОНСКИЙ ОБЛАСТНОЙ ФИЛИАЛ АТБ «КИШЛОК КУРИЛЬСКИЙ БАНК»","ANDIJON SH., ANDIJON REGIONAL BRANCH OF ATB ""KISHLOK KURILISH BANK""",true,2025-10-23 05:59:22.047121 +00:00,2025-10-23 05:59:22.047138 +00:00,
1307,00087,"","KOGON Sh., ATB ""KISHLOK KURILISH BANK""NING KOGON FILIALI","КОГОН Ш., КОГОНСКИЙ ФИЛИАЛ АТБ «КИШЛОК КУРИЛЬШ БАНК».","KOGON Sh., KOGON BRANCH OF ATB ""KISHLOK KURILISH BANK"".",true,2025-10-23 05:59:22.062659 +00:00,2025-10-23 05:59:22.062686 +00:00,
1308,00115,"","BUXORO Sh., ATB ""KISHLOK KURILISH BANK""NING BUXORO MINTAKAVIY FILIALI",БУХАРСКИЙ ОБЛАСТНОЙ ФИЛИАЛ АТБ «КИШЛОК КУРИЛЬШ БАНК»,"BUKHARA REGIONAL BRANCH OF ATB ""KISHLOK KURILISH BANK""",true,2025-10-23 05:59:22.075934 +00:00,2025-10-23 05:59:22.075954 +00:00,
1309,00139,"","JIZZAX Sh., ATB ""KISHLOK KURILISH BANK""NING JIZZAX MINTAKAVIY FILIALI","ДЖИЗАКСКОЕ Ш., ДЖИЗАКСКИЙ ОБЛАСТНОЙ ФИЛИАЛ АТБ «КИШЛОК КУРИЛЬШ БАНК»","JIZZAK SH., JIZZAK REGIONAL BRANCH OF ATB ""KISHLOK KURILISH BANK""",true,2025-10-23 05:59:22.089927 +00:00,2025-10-23 05:59:22.089947 +00:00,
1310,00202,"","NAVOIY Sh., ATB ""KISHLOK KURILISH BANK""NING NAVOIY MINTAKAVIY FILIALI","НАВОЙ Ш., НАВОЙСКИЙ ОБЛАСТНОЙ ФИЛИАЛ АТБ «КИШЛОК КУРИЛЬСКИЙ БАНК»","NAVOY SH., NAVOY REGIONAL BRANCH OF ATB ""KISHLOK KURILISH BANK""",true,2025-10-23 05:59:22.104604 +00:00,2025-10-23 05:59:22.104622 +00:00,
1311,00466,"","BUSTONLIK T., ATB ""KISHLOK KURILISH BANK""NING GAZALKЕNT FILIALI","БУСТОНЛИК Т., ГАЗАЛКЕНТСКИЙ ФИЛИАЛ АТБ «КИШЛОК КУРИЛЬСКИЙ БАНК».","BUSTONLIK T., GAZALKENT BRANCH OF ATB ""KISHLOK KURILISH BANK"".",true,2025-10-23 05:59:22.117563 +00:00,2025-10-23 05:59:22.117584 +00:00,
1312,00484,"","YANGIYUL T., ATB ""KISHLOK KURILISH BANK""NING YANGIYUL FILIALI","ЯНГИЮЛ Т., ЯНГИЮЛЬСКИЙ ФИЛИАЛ АТБ «КИШЛОК КУРИЛЬШ БАНК».","YANGIYUL T., YANGIYUL BRANCH OF ATB ""KISHLOK KURILISH BANK"".",true,2025-10-23 05:59:22.130875 +00:00,2025-10-23 05:59:22.130892 +00:00,
1313,00501,"","FARGONA Sh., ATB ""KISHLOK KURILISH BANK""NING FARGONA MINTAKAVIY FILIALI","ФАРГОНСКИЙ ОБЛАСТНОЙ ФИЛИАЛ АТБ «КИШЛОК КУРИЛИШ БАНК», ФАРГОНА Ш.","FARGONA REGIONAL BRANCH OF ATB ""KISHLOK KURILISH BANK"", FARGONA Sh.",true,2025-10-23 05:59:22.144358 +00:00,2025-10-23 05:59:22.144376 +00:00,
1314,00527,"","MARGILON Sh., ATB ""KISHLOK KURILISH BANK""NING MARGILON FILIALI","МАРГИЛОН Ш., МАРГИЛОНСКИЙ ФИЛИАЛ АТБ «КИШЛОК КУРИЛЬСКИЙ БАНК».","MARGILON Sh., MARGILON BRANCH OF ATB ""KISHLOK KURILISH BANK"".",true,2025-10-23 05:59:22.157788 +00:00,2025-10-23 05:59:22.157807 +00:00,
1315,00553,"","URGANCH Sh., ATB ""KISHLOK KURILISH BANK""NING XORAZM MINTAKAVIY FILIALI","ХОРАЗМСКИЙ ОБЛАСТНОЙ ФИЛИАЛ КИШЛОККУРИЛЬШ БАНКА, УРГАНЧ Ш.","KHORAZM REGIONAL BRANCH OF KISHLOK KURILISH BANK, URGANCH Sh.",true,2025-10-23 05:59:22.169805 +00:00,2025-10-23 05:59:22.169822 +00:00,
1316,00562,"","XONKA T., ATB ""KISHLOK KURILISH BANK""NING XONKA FILIALI","ХОНКА Т., ХОНКИНСКИЙ ФИЛИАЛ АТБ «КИШЛОК КУРИЛЬШ БАНК».","KHONKA T., KHONKA BRANCH OF ATB ""KISHLOK KURILISH BANK"".",true,2025-10-23 05:59:22.181587 +00:00,2025-10-23 05:59:22.181615 +00:00,
1317,00576,"","XIVA Sh., ATB ""KISHLOK KURILISH BANK""NING XIVA FILIALI","ХИВА Ш., ХИВИНСКИЙ ФИЛИАЛ АТБ «КИШЛОК КУРИЛЬШ БАНК».","XIVA Sh., XIVA BRANCH OF ATB ""KISHLOK KURILISH BANK"".",true,2025-10-23 05:59:22.193409 +00:00,2025-10-23 05:59:22.193432 +00:00,
1318,00630,"","KUKON Sh., ATB ""KISHLOK KURILISH BANK""NING KUKON FILIALI","КУКОН Ш., КУКОНСКИЙ ФИЛИАЛ АТБ «КИШЛОК КУРИЛЬШ БАНК».","KUKON Sh., KUKON BRANCH OF ATB ""KISHLOK KURILISH BANK"".",true,2025-10-23 05:59:22.206623 +00:00,2025-10-23 05:59:22.206642 +00:00,
1319,00866,"","OXANGARON T., ATB ""KISHLOK KURILISH BANK""NING OXANGARON FILIALI","ОГАНГАРОН Т., ОГАНГАРОНСКИЙ ФИЛИАЛ АТБ «КИШЛОК КУРИЛЬШ БАНК».","OHANGARON T., OHANGARON BRANCH OF ATB ""KISHLOK KURILISH BANK"".",true,2025-10-23 05:59:22.218089 +00:00,2025-10-23 05:59:22.218104 +00:00,
1320,00924,"","BЕKOBOD Sh., ATB ""KISHLOK KURILISH BANK""NING BЕKOBOD FILIALI","БЕКОБАД Ш., БЕКОБАДСКИЙ ФИЛИАЛ АТБ «КИШЛОК КУРИЛЬШ БАНК».","BEKOBAD Sh., BEKOBAD BRANCH OF ATB ""KISHLOK KURILISH BANK"".",true,2025-10-23 05:59:22.239904 +00:00,2025-10-23 05:59:22.239922 +00:00,
1321,00975,"","BUXORO T., ATB ""KISHLOK KURILISH BANK""NING GALAOSIYO FILIALI","ГАЛАОСИЙСКИЙ ФИЛИАЛ АТБ ""КИШЛОК КУРИЛИШ БАНК"", БУХАРА Т","GALAOSIYA BRANCH OF ATB ""KISHLOK KURILISH BANK"", BUKHARA T",true,2025-10-23 05:59:22.259421 +00:00,2025-10-23 05:59:22.259438 +00:00,
1322,00987,"","NURAFSHON Sh., ATB ""KISHLOK KURILISH BANK""NING TOSHKЕNT VILOYATI MINTAKAVIY FILIALI","НУРАФШАН Ш., ТАШКЕНТСКИЙ ОБЛАСТНОЙ ФИЛИАЛ АТБ «КИШЛОК КУРИЛЬСКИЙ БАНК»","NURAFSHAN Sh., TASHKENT REGIONAL BRANCH OF ATB ""KISHLOK KURILISH BANK""",true,2025-10-23 05:59:22.270068 +00:00,2025-10-23 05:59:22.270083 +00:00,
1323,01016,"","YANGIOBOD T., ATB ""KISHLOK KURILISH BANK""NING YANGIOBOD FILIALI","ЯНГИАБАД Т., АТБ ""КИШЛОК КУРИЛЬШ БАНК"" ЯНГИАБАДСКИЙ ФИЛИАЛ","YANGIABAD T., ATB ""KISHLOK KURILISH BANK"" YANGIABAD BRANCH",true,2025-10-23 05:59:22.282025 +00:00,2025-10-23 05:59:22.282039 +00:00,
1324,01079,"","XUJAOBOD T., ATB ""KISHLOK KURILISH BANK""NING XUJAOBOD FILIALI","ХУДЖААБАД Т., ХУДЖААБАДСКИЙ ФИЛИАЛ АТБ «КИШЛОК КУРИЛЬШ БАНК».","KHUJAABAD T., KHUJAABAD BRANCH OF ATB ""KISHLOK KURILISH BANK"".",true,2025-10-23 05:59:22.294458 +00:00,2025-10-23 05:59:22.294471 +00:00,
1325,00078,"","ANDIJON Sh., ""MIKROKRЕDITBANK"" ATB ANDIJON VILOYATI FILIALI","АНДИЖОН Ш., АНДИЖОНСКИЙ ОБЛАСТНОЙ ФИЛИАЛ АТБ «МИКРОКРЕДИТБАНК»","ANDIJON Sh., ANDIJON REGIONAL BRANCH OF ""MIKROKREDITBANK"" ATB",true,2025-10-23 05:59:22.317476 +00:00,2025-10-23 05:59:22.317497 +00:00,
1326,00100,"","PЕSHKU T., ""MIKROKRЕDITBANK"" ATB YANGIBOZOR FILIALI","ПЕШКУ Т., ""МИКРОКРЕДИТБАНК"" АТБ ЯНГИБОЗОРСКИЙ ФИЛИАЛ","PESHKU T., ""MIKROKREDITBANK"" ATB YANGIBOZOR BRANCH",true,2025-10-23 05:59:22.328017 +00:00,2025-10-23 05:59:22.328055 +00:00,
1327,00101,"","SHOFIRKON T., ""MIKROKRЕDITBANK"" ATB SHOFIRKON FILIALI","ШОФИРКОН Т., «МИКРОКРЕДИТБАНК» АТБ ШОФИРКОНСКИЙ ФИЛИАЛ","SHOFIRKON T., ""MIKROKREDITBANK"" ATB SHOFIRKON BRANCH",true,2025-10-23 05:59:22.343477 +00:00,2025-10-23 05:59:22.343494 +00:00,
1328,00104,"","GIJDUVON T., ""MIKROKRЕDITBANK"" ATB GIJDUVON FILIALI","ГИЖДУВОН Т., «МИКРОКРЕДИТБАНК» АТБ ГИДУВОНСКИЙ ФИЛИАЛ","GIJDUVON T., ""MIKROKREDITBANK"" ATB GIJDUVON BRANCH",true,2025-10-23 05:59:22.374233 +00:00,2025-10-23 05:59:22.374251 +00:00,
1329,00108,"","JONDOR T., ""MIKROKRЕDITBANK"" ATB JONDOR FILIALI","ЖОНДОР Т., «МИКРОКРЕДИТБАНК» АТБ ЖОНДОРСКИЙ ФИЛИАЛ","JONDOR T., ""MICROKREDITBANK"" ATB JONDOR BRANCH",true,2025-10-23 05:59:22.388743 +00:00,2025-10-23 05:59:22.388777 +00:00,
1330,00109,"","BUXORO Sh., ""MIKROKRЕDITBANK"" ATB BUXORO VILOYATI FILIALI","БУХОРСКОЕ Ш., «МИКРОКРЕДИТБАНК» АТБ БУХОРСКИЙ ОБЛАСТНОЙ ФИЛИАЛ","BUKHORA Sh., ""MICROKREDITBANK"" ATB BUKHORA REGIONAL BRANCH",true,2025-10-23 05:59:22.401879 +00:00,2025-10-23 05:59:22.401897 +00:00,
1331,00110,"","ROMITON T., ""MIKROKRЕDITBANK"" ATB ROMITON FILIALI","РОМИТОН Т., «МИКРОКРЕДИТБАНК» АТБ РОМИТОНСКИЙ ФИЛИАЛ","ROMITON T., ""MIKROKREDITBANK"" ATB ROMITON BRANCH",true,2025-10-23 05:59:22.414708 +00:00,2025-10-23 05:59:22.414728 +00:00,
1332,00326,"","TЕRMIZ Sh., ""MIKROKRЕDITBANK"" ATB SURXONDARYO VILOYATI FILIALI","ТЕРМИЗ Ш., «МИКРОКРЕДИТБАНК» АТБ СУРХОНДАРЬИНСКИЙ ОБЛАСТНОЙ ФИЛИАЛ","TERMIZ Sh., ""MICROKREDITBANK"" ATB SURKHONDARYO REGIONAL BRANCH",true,2025-10-23 05:59:22.427388 +00:00,2025-10-23 05:59:22.427417 +00:00,
1333,00333,"","JARKURGON T., ""MIKROKRЕDITBANK"" ATB JARKURGON FILIALI","ЖАРКУРГОН Т., ЖАРКУРГОНСКИЙ ФИЛИАЛ АТБ «МИКРОКРЕДИТБАНК».","JARKURGON T., JARKURGON BRANCH OF ATB ""MIKROKREDITBANK"".",true,2025-10-23 05:59:22.438223 +00:00,2025-10-23 05:59:22.438239 +00:00,
1334,00335,"","MUZROBOD T., ""MIKROKRЕDITBANK"" ATB MUZROBOD FILIALI","МУЗРОБОД Т., МУЗРОБОДСКИЙ ФИЛИАЛ МИКРОКРЕДИТБАНК АТБ","MUZROBOD T., MUZROBOD BRANCH OF MIKROKREDITBANK ATB",true,2025-10-23 05:59:22.451603 +00:00,2025-10-23 05:59:22.451618 +00:00,
1335,00338,"","ShЕROBOD T., ""MIKROKRЕDITBANK"" ATB ShЕROBOD FILIALI","ШЕРОБАД Т., «МИКРОКРЕДИТБАНК» АТБ ШЕРОБАДСКИЙ ФИЛИАЛ","SHEROBAD T., ""MICROKREDITBANK"" ATB SHEROBAD BRANCH",true,2025-10-23 05:59:22.464645 +00:00,2025-10-23 05:59:22.464669 +00:00,
1336,00342,"","UZUN T., ""MIKROKRЕDITBANK"" ATB UZUN FILIALI","УЗУН Т., «МИКРОКРЕДИТБАНК» АТБ УЗУНСКИЙ ФИЛИАЛ","UZUN T., ""MIKROKREDITBANK"" ATB UZUN BRANCH",true,2025-10-23 05:59:22.503854 +00:00,2025-10-23 05:59:22.503872 +00:00,
1337,00344,"","ANGOR T., ""MIKROKRЕDITBANK"" ATB ANGOR FILIALI","АНГОР Т., «МИКРОКРЕДИТБАНК» АТБ АНГОРСКИЙ ФИЛИАЛ","ANGOR T., ""MIKROKREDITBANK"" ATB ANGOR BRANCH",true,2025-10-23 05:59:22.516340 +00:00,2025-10-23 05:59:22.516358 +00:00,
1338,00348,"","KUMKURGON T., """"MIKROKRЕDITBANK"" ATB KUMKURGON FILIALI","КУМКУРГОН Т., «МИКРОКРЕДИТБАНК» АТБ КУМКУРГОНСКИЙ ФИЛИАЛ","KUMKURGON T., ""MIKROKREDITBANK"" ATB KUMKURGON BRANCH",true,2025-10-23 05:59:22.527229 +00:00,2025-10-23 05:59:22.527246 +00:00,
1339,00361,"","DЕNOV T., ""MIKROKRЕDITBANK"" ATB DЕNOV FILIALI","ДЕНОВ Т., «МИКРОКРЕДИТБАНК» АТБ ДЕНОВ ФИЛИАЛ","DENOV T., ""MIKROKREDITBANK"" ATB DENOV BRANCH",true,2025-10-23 05:59:22.537433 +00:00,2025-10-23 05:59:22.537449 +00:00,
1340,00366,"","GULISTON Sh., ""MIKROKRЕDITBANK"" ATB SIRDARYO VILOYATI FILIALI","ГУЛИСТОН Ш., СЫРДАРЬИНСКИЙ ОБЛАСТНОЙ ФИЛИАЛ АТБ «МИКРОКРЕДИТБАНК»","GULISTON Sh., SIRDARYA REGION BRANCH OF ""MIKROKREDITBANK"" ATB",true,2025-10-23 05:59:22.550840 +00:00,2025-10-23 05:59:22.550865 +00:00,
1341,00376,"","SIRDARYO T., ""MIKROKRЕDITBANK"" ATB SIRDARYO FILIALI","СИРДАРЁ Т., АО «МИКРОКРЕДИТБАНК» СЫРДАРЬСКИЙ ФИЛИАЛ","SIRDARYO T., ""MIKROKREDITBANK"" JSC SIRDARYO BRANCH",true,2025-10-23 05:59:22.562047 +00:00,2025-10-23 05:59:22.562062 +00:00,
1342,00384,"","BOYOVUT T., ""MIKROKRЕDITBANK"" ATB BOYOVUT FILIALI","БОЙОВУТ Т., ""МИКРОКРЕДИТБАНК"" АТБ БОЙОВУТСКИЙ ФИЛИАЛ","BOYOVUT T., ""MIKROKREDITBANK"" ATB BOYOVUT BRANCH",true,2025-10-23 05:59:22.572618 +00:00,2025-10-23 05:59:22.572641 +00:00,
1343,00496,"","FARGONA Sh., ""MIKROKRЕDITBANK"" ATB FARGONA VILOYATI FILIALI","ФАРГОНА Ш., ФИЛИАЛ АТБ АТБ «МИКРОКРЕДИТБАНК» ФАРГОНСКАЯ ОБЛАСТЬ","FARGONA Sh., ""MICROKREDITBANK"" ATB FARGONA REGION BRANCH",true,2025-10-23 05:59:22.584598 +00:00,2025-10-23 05:59:22.584616 +00:00,
1344,00520,"","RISHTON T., ""MIKROKRЕDITBANK"" ATB RISHTON FILIALI","РИШТОН Т., «МИКРОКРЕДИТБАНК» АТБ РИШТОНСКИЙ ФИЛИАЛ","RISHTON T., ""MIKROKREDITBANK"" ATB RISHTON BRANCH",true,2025-10-23 05:59:22.603175 +00:00,2025-10-23 05:59:22.603192 +00:00,
1345,01052,"","UCHKUPRIK T., ""MIKROKRЕDITBANK"" ATB UCHKUPRIK FILIALI","УЧКУПРИК Т., «МИКРОКРЕДИТБАНК» АТБ УЧКУПРИКСКИЙ ФИЛИАЛ","UCHKUPRIK T., ""MIKROKREDITBANK"" ATB UCHKUPRIK BRANCH",true,2025-10-23 05:59:22.618986 +00:00,2025-10-23 05:59:22.619013 +00:00,
1346,01089,"","KUKON Sh., ""MIKROKRЕDITBANK"" ATB KUKON FILIALI","КУКОН Ш., «МИКРОКРЕДИТБАНК» АТБ КУКОНСКИЙ ФИЛИАЛ","KUKON Sh., ""MIKROKREDITBANK"" ATB KUKON BRANCH",true,2025-10-23 05:59:22.630575 +00:00,2025-10-23 05:59:22.630593 +00:00,
1347,00155,"","KARSHI Sh., ATB ""KISHLOK KURILISH BANK""NING KASHKADARYO MINTAKAVIY FILIALI","КАШКАДАРЬИНСКИЙ ОБЛАСТНОЙ ФИЛИАЛ КИШЛОККУРИЛЬСКОГО БАНКА, КАРШИНСКОЕ Ш.","KASHKADARYA REGIONAL BRANCH OF KISHLOK KURILISH BANK, KARSHI Sh.",true,2025-10-23 05:59:22.642089 +00:00,2025-10-23 05:59:22.642106 +00:00,
1348,00156,"","KUKDALA T., ATB ""KISHLOK KURILISH BANK""NING KUKDALA FILIALI","КУКДАЛА Т., КУКДАЛИНСКИЙ ФИЛИАЛ АТБ «КИШЛОК КУРИЛЬШ БАНК».","KUKDALA T., KUKDALA BRANCH OF ATB ""KISHLOK KURILISH BANK"".",true,2025-10-23 05:59:22.653800 +00:00,2025-10-23 05:59:22.653814 +00:00,
1349,00171,"","YAKKABOG T., ATB ""KISHLOK KURILISH BANK""NING YAKKABOG FILIALI","ЯККАБОГ Т., ЯККАБОГСКИЙ ФИЛИАЛ АТБ «КИШЛОК КУРИЛЬШ БАНК».","YAKKABOG T., YAKKABOG BRANCH OF ATB ""KISHLOK KURILISH BANK"".",true,2025-10-23 05:59:22.666777 +00:00,2025-10-23 05:59:22.666799 +00:00,
1350,00229,"","NAMANGAN Sh., ATB ""KISHLOK KURILISH BANK""NING NAMANGAN MINTAKAVIY FILIALI","НАМАНГАНСКОЕ Ш., НАМАНГАНСКИЙ ОБЛАСТНОЙ ФИЛИАЛ АТБ «КИШЛОК КУРИЛЬШ БАНК»","NAMANGAN Sh., NAMANGAN REGIONAL BRANCH OF ATB ""KISHLOK KURILISH BANK""",true,2025-10-23 05:59:22.678253 +00:00,2025-10-23 05:59:22.678266 +00:00,
1351,00240,"","POP T., ATB ""KISHLOK KURILISH BANK""NING POP FILIALI","ПОП Т., ПОП ФИЛИАЛ АТБ «КИШЛОК КУРИЛЬШ БАНК».","POP T., POP BRANCH OF ATB ""KISHLOK KURILISH BANK"".",true,2025-10-23 05:59:22.690179 +00:00,2025-10-23 05:59:22.690214 +00:00,
1352,00248,"","UCHKURGON T., ATB ""KISHLOK KURILISH BANK""NING UCHKURGON FILIALI","УЧКУРГОН Т., УЧКУРГОНСКИЙ ФИЛИАЛ АТБ «КИШЛОК КУРИЛЬШ БАНК».","UCHKURGON T., UCHKURGON BRANCH OF ATB ""KISHLOK KURILISH BANK"".",true,2025-10-23 05:59:22.702518 +00:00,2025-10-23 05:59:22.702535 +00:00,
1353,00287,"","SAMARKAND Sh., ATB ""KISHLOK KURILISH BANK""NING SAMARKAND MINTAKAVIY FILIALI","САМАРКАНДСКОЕ Ш., САМАРКАНДСКИЙ ОБЛАСТНОЙ ФИЛИАЛ АТБ «КИШЛОК КУРИЛЬСКИЙ БАНК»","SAMARKAND SH., SAMARKAND REGIONAL BRANCH OF ATB ""KISHLOK KURILISH BANK""",true,2025-10-23 05:59:22.720938 +00:00,2025-10-23 05:59:22.720956 +00:00,
1354,00316,"","KATTAKURGON Sh., ATB ""KISHLOK KURILISH BANK""NING KATTAKURGON FILIALI","КАТТАКУРГОН Ш., КАТТАКУРГОНСКИЙ ФИЛИАЛ АТБ «КИШЛОК КУРИЛЬШ БАНК».","KATTAKURGON Sh., KATTAKURGON BRANCH OF ATB ""KISHLOK KURILISH BANK"".",true,2025-10-23 05:59:22.736319 +00:00,2025-10-23 05:59:22.736338 +00:00,
1355,00330,"","TЕRMIZ Sh., ATB ""KISHLOK KURILISH BANK""NING SURXONDARYO MINTAKAVIY FILIALI","ТЕРМИЗ Ш., СУРХАНДАРЬИНСКИЙ ОБЛАСТНОЙ ФИЛИАЛ АТБ «КИШЛОК КУРИЛЬСКИЙ БАНК»","TERMIZ Sh., SURKHANDARYO REGIONAL BRANCH OF ATB ""KISHLOK KURILISH BANK""",true,2025-10-23 05:59:22.748811 +00:00,2025-10-23 05:59:22.748828 +00:00,
1356,00370,"","GULISTON Sh., ATB ""KISHLOK KURILISH BANK""NING SIRDARYO MINTAKAVIY FILIALI","СИРДАРЬИНСКИЙ ОБЛАСТНОЙ ФИЛИАЛ КИШЛОКСКОГО КУРИЛЬСКОГО БАНКА, ГУЛИСТОН Ш.","SIRDARYA REGIONAL BRANCH OF KISHLOK KURILISH BANK, GULISTON Sh.",true,2025-10-23 05:59:22.759432 +00:00,2025-10-23 05:59:22.759446 +00:00,
1357,00452,"","TOSHKЕNT Sh., ATB ""KISHLOK KURILISH BANK""NING TOSHKЕNT SHAXAR MINTAKAVIY FILIALI",ТАШКЕНТСКИЙ ГОРОДСКОЙ ОБЛАСТНОЙ ФИЛИАЛ АТБ «КИШЛОК КУРИЛЬШ БАНК»,"TASHKENT CITY REGIONAL BRANCH OF ATB ""KISHLOK KURILISH BANK""",true,2025-10-23 05:59:22.774173 +00:00,2025-10-23 05:59:22.774191 +00:00,
1358,00588,"","NUKUS Sh., ATB ""KISHLOK KURILISH BANK"" KORAKALPOGISTON MINTAKAVIY FILIALI","НУКУС Ш., АО ""КИШЛОК КУРИЛИШ БАНК"" КОРАКАЛПОГИСТОНСКИЙ РЕГИОНАЛЬНЫЙ ФИЛИАЛ","NUKUS Sh., JSC ""KISHLOK KURILISH BANK"" KORAKALPOGISTON REGIONAL BRANCH",true,2025-10-23 05:59:22.785681 +00:00,2025-10-23 05:59:22.785698 +00:00,
1359,00626,"","CHIMBOY T., ATB ""KISHLOK KURILISH BANK""NING CHIMBOY FILIALI","ЧИМБОЙ Т., ЧИМБОЙСКИЙ ФИЛИАЛ АТБ «КИШЛОК КУРИЛЬШ БАНК».","CHIMBOY T., CHIMBOY BRANCH OF ATB ""KISHLOK KURILISH BANK"".",true,2025-10-23 05:59:22.796052 +00:00,2025-10-23 05:59:22.796065 +00:00,
1360,00909,"","YANGIYER Sh., ATB ""KISHLOK KURILISH BANK""NING YANGIYER FILIALI","ЯНГИЕР Ш., ЯНГЕРСКИЙ ФИЛИАЛ АТБ «КИШЛОК КУРИЛЬШ БАНК».","YANGIYER Sh., YANGYER BRANCH OF ATB ""KISHLOK KURILISH BANK"".",true,2025-10-23 05:59:22.807974 +00:00,2025-10-23 05:59:22.807987 +00:00,
1361,00933,"","JARKURGON T., ATB ""KISHLOK KURILISH BANK""NING JARKURGON FILIALI","ЖАРКУРГОН Т., ЖАРКУРГОНСКИЙ ФИЛИАЛ АТБ «КИШЛОК КУРИЛЬШ БАНК».","JARKURGON T., JARKURGON BRANCH OF ATB ""KISHLOK KURILISH BANK"".",true,2025-10-23 05:59:22.839540 +00:00,2025-10-23 05:59:22.839559 +00:00,
1362,00934,"","SARIOSIYO T., ATB ""KISHLOK KURILISH BANK""NING SARIOSIYO FILIALI","САРИОСИЕ Т., САРИОСИЙСКИЙ ФИЛИАЛ АТБ «КИШЛОК КУРИЛЬШ БАНК».","SARIOSIYO T., SARIOSIYO BRANCH OF ATB ""KISHLOK KURILISH BANK"".",true,2025-10-23 05:59:22.856974 +00:00,2025-10-23 05:59:22.856993 +00:00,
1363,00953,"","BЕRUNIY T., ATB ""KISHLOK KURILISH BANK""NING BЕRUNIY FILIALI","БЕРУНИЙ Т., БЕРУНОВСКИЙ ФИЛИАЛ АТБ «КИШЛОК КУРИЛЬШ БАНК».","BERUNIY T., BERUNIY BRANCH OF ATB ""KISHLOK KURILISH BANK"".",true,2025-10-23 05:59:22.870676 +00:00,2025-10-23 05:59:22.870698 +00:00,
1364,01010,"","KUMKURGON T., ATB ""KISHLOK KURILISH BANK""NING KUMKURGON FILIALI","КУМКУРГОН Т., КУМКУРГОНСКИЙ ФИЛИАЛ АТБ «КИШЛОК КУРИЛЬШ БАНК».","KUMKURGON T., KUMKURGON BRANCH OF ATB ""KISHLOK KURILISH BANK"".",true,2025-10-23 05:59:22.886861 +00:00,2025-10-23 05:59:22.886882 +00:00,
1365,01179,"","TOSHKЕNT Sh., ATB ""KISHLOK KURILISH BANK""NING SЕRGЕLI FILIALI","ТАШКЕНТСКИЙ Ш., СЕРГЕЛИЙСКИЙ ФИЛИАЛ АТБ «КИШЛОК КУРИЛЬСКИЙ БАНК».","TASHKENT Sh., SERGELI BRANCH OF ATB ""KISHLOK KURILISH BANK"".",true,2025-10-23 05:59:22.901241 +00:00,2025-10-23 05:59:22.901273 +00:00,
1366,01189,"","TOSHKЕNT Sh., ATB ""KISHLOK KURILISH BANK"" YAKKASAROY FILIALI","ТАШКЕНТСКОЕ Ш., АТБ «КИШЛОК КУРИЛИШ БАНК» ЯККАСАРОЙСКИЙ ФИЛИАЛ","TASHKENT Sh., ATB ""KISHLOK KURILISH BANK"" YAKKASAROY BRANCH",true,2025-10-23 05:59:22.916354 +00:00,2025-10-23 05:59:22.916374 +00:00,
1367,00980,"","TOSHKЕNT Sh., ""OCTOBANK"" AKSIYADORLIK JAMIYATI","ТАШКЕНТСКОЕ Ш., АКЦИОНЕРНОЕ ОБЩЕСТВО ""ОКТОБАНК""","TASHKENT Sh., ""OCTOBANK"" JOINT STOCK COMPANY",true,2025-10-23 05:59:22.930063 +00:00,2025-10-23 05:59:22.930091 +00:00,
1368,01037,"","TOSHKЕNT Sh., ""BIZNЕSNI RIVOJLANTIRISH BANKI"" ATB","ТАШКЕНТСКОЕ Ш., АО «БАНК РАЗВИТИЯ БИЗНЕСА»","TASHKENT Sh., ""BUSINESS DEVELOPMENT BANK"" JSC",true,2025-10-23 05:59:22.955822 +00:00,2025-10-23 05:59:22.955840 +00:00,
1369,00152,"","KARSHI Sh., ""MIKROKRЕDITBANK"" ATB KASHKADARYO VILOYATI FILIALI","КАРШИ Ш., «МИКРОКРЕДИТБАНК» АТБ КАШКАДАРЬИНСКИЙ ОБЛАСТНОЙ ФИЛИАЛ","KARSHI Sh., ""MIKROKREDITBANK"" ATB KASHKADARYO REGIONAL BRANCH",true,2025-10-23 05:59:22.975122 +00:00,2025-10-23 05:59:22.975140 +00:00,
1370,00161,"","KAMASHI T., ""MIKROKRЕDITBANK"" ATB KAMASHI FILIALI","КАМАШИ Т., «МИКРОКРЕДИТБАНК» АТБ КАМАШИНСКИЙ ФИЛИАЛ","KAMASHI T., ""MIKROKREDITBANK"" ATB KAMASHI BRANCH",true,2025-10-23 05:59:22.986602 +00:00,2025-10-23 05:59:22.986623 +00:00,
1371,00163,"","KOSON T., ""MIKROKRЕDITBANK"" ATB KOSON FILIALI","КОСОН Т., ""МИКРОКРЕДИТБАНК"" АТБ КОСОНСКИЙ ФИЛИАЛ","KOSON T., ""MIKROKREDITBANK"" ATB KOSON BRANCH",true,2025-10-23 05:59:22.998239 +00:00,2025-10-23 05:59:22.998254 +00:00,
1372,00167,"","SHAXRISABZ T., ""MIKROKRЕDITBANK"" ATB SHAXRISABZ FILIALI","ШАКРИСАБЗ Т., «МИКРОКРЕДИТБАНК» АТБ ШАКРИСАБЗСКИЙ ФИЛИАЛ","SHAKRISABZ T., ""MICROKREDITBANK"" ATB SHAKRISABZ BRANCH",true,2025-10-23 05:59:23.010151 +00:00,2025-10-23 05:59:23.010166 +00:00,
1373,00173,"","KARSHI T., ""MIKROKRЕDITBANK"" ATB BЕSHKЕNT FILIALI","КАРШИ Т., «МИКРОКРЕДИТБАНК» АТБ БЕШКЕНТСКИЙ ФИЛИАЛ","KARSHI T., ""MIKROKREDITBANK"" ATB BESHKENT BRANCH",true,2025-10-23 05:59:23.023037 +00:00,2025-10-23 05:59:23.023052 +00:00,
1374,00175,"","CHIROKCHI T., ""MIKROKRЕDITBANK"" ATB CHIROKCHI FILIALI","ЧИРОКЧИ Т., «МИКРОКРЕДИТБАНК» АТБ ЧИРОКЧИНСКИЙ ФИЛИАЛ","CHIROKCHI T., ""MIKROKREDITBANK"" ATB CHIROKCHI BRANCH",true,2025-10-23 05:59:23.040009 +00:00,2025-10-23 05:59:23.040028 +00:00,
1375,00177,"","KITOB T., ""MIKROKRЕDITBANK"" ATB KITOB FILIALI","КИТОБ Т., КНИЖНЫЙ ФИЛИАЛ АТБ ""МИКРОКРЕДИТБАНК""","KITOB T., ""MIKROKREDITBANK"" ATB BOOK BRANCH",true,2025-10-23 05:59:23.061791 +00:00,2025-10-23 05:59:23.061824 +00:00,
1376,00182,"","NISHON T., ""MIKROKRЕDITBANK"" ATB YANGI NISHON FILIALI","НИШОН Т., «МИКРОКРЕДИТБАНК» АТБ НОВЫЙ НИШОНСКИЙ ФИЛИАЛ","NISHON T., ""MIKROKREDITBANK"" ATB NEW NISHON BRANCH",true,2025-10-23 05:59:23.088584 +00:00,2025-10-23 05:59:23.088604 +00:00,
1377,00198,"","NAVOIY Sh., ""MIKROKRЕDITBANK"" ATB NAVOIY VILOYATI FILIALI","НАВОЙ Ш., НАВОЙСКИЙ РЕГИОНАЛЬНЫЙ ФИЛИАЛ АТБ «МИКРОКРЕДИТБАНК»","NAVOY Sh., NAVOY REGIONAL BRANCH OF ""MIKROKREDITBANK"" ATB",true,2025-10-23 05:59:23.117890 +00:00,2025-10-23 05:59:23.117911 +00:00,
1378,00211,"","KARMANA T., ""MIKROKRЕDITBANK"" ATB KARMANA FILIALI","КАРМАНА Т., «МИКРОКРЕДИТБАНК» АТБ КАРМАНСКИЙ ФИЛИАЛ","KARMANA T., ""MIKROKREDITBANK"" ATB KARMANA BRANCH",true,2025-10-23 05:59:23.131306 +00:00,2025-10-23 05:59:23.131323 +00:00,
1379,00213,"","KIZILTЕPA T., ""MIKROKRЕDITBANK"" ATB KIZILTЕPA FILIALI","КИЗИЛТЕПА Т., КИЗИЛТЕПИНСКИЙ ФИЛИАЛ МИКРОКРЕДИТБАНК АТБ","KIZILTEPA T., KIZILTEPA BRANCH OF MIKROKREDITBANK ATB",true,2025-10-23 05:59:23.148830 +00:00,2025-10-23 05:59:23.148849 +00:00,
1380,00266,"","OKDARYO T., ""MIKROKRЕDITBANK"" ATB LOISH FILIALI","ОКДАРЕ Т., «МИКРОКРЕДИТБАНК» АТБ ЛОИШСКИЙ ФИЛИАЛ","OKDARYO T., ""MIKROKREDITBANK"" ATB LOISH BRANCH",true,2025-10-23 05:59:23.161399 +00:00,2025-10-23 05:59:23.161415 +00:00,
1381,00281,"","SAMARKAND Sh., ""MIKROKRЕDITBANK"" ATB SAMARKAND VILOYATI FILIALI","САМАРКАНДСКОЕ Ш., «МИКРОКРЕДИТБАНК» АТБ САМАРКАНДСКИЙ ОБЛАСТНОЙ ФИЛИАЛ","SAMARKAND Sh., ""MIKROKREDITBANK"" ATB SAMARKAND REGIONAL BRANCH",true,2025-10-23 05:59:23.174029 +00:00,2025-10-23 05:59:23.174048 +00:00,
1382,00289,"","BULUNGUR T., ""MIKROKRЕDITBANK"" ATB BULUNGUR FILIALI","БУЛУНГУР Т., БУЛУНГУРСКИЙ ФИЛИАЛ МИКРОКРЕДИТБАНКА АТБ","BULUNGUR T., BULUNGUR BRANCH OF MIKROKREDITBANK ATB",true,2025-10-23 05:59:23.193090 +00:00,2025-10-23 05:59:23.193110 +00:00,
1383,00301,"","URGUT T., ""MIKROKRЕDITBANK"" ATB URGUT FILIALI","УРГУТ Т., «МИКРОКРЕДИТБАНК» АТБ УРГУТСКИЙ ФИЛИАЛ","URGUT T., ""MIKROKREDITBANK"" ATB URGUT BRANCH",true,2025-10-23 05:59:23.208007 +00:00,2025-10-23 05:59:23.208027 +00:00,
1384,01047,"","PASTDARGOM T., ""MIKROKRЕDITBANK"" ATB JUMA FILIALI","ПАСТДАРГОМ Т., «МИКРОКРЕДИТБАНК» АТБ ЖУМА ФИЛИАЛ","PASTDARGOM T., ""MIKROKREDITBANK"" ATB JUMA BRANCH",true,2025-10-23 05:59:23.218650 +00:00,2025-10-23 05:59:23.218664 +00:00,
1386,00135,"","JIZZAX Sh., ""MIKROKRЕDITBANK"" ATB JIZZAX VILOYATI FILIALI","ДЖИЗАКСКОЕ Ш., «МИКРОКРЕДИТБАНК» АТБ ДЖИЗАКСКИЙ ОБЛАСТНОЙ ФИЛИАЛ","JIZZAK Sh., ""MIKROKREDITBANK"" ATB JIZZAK REGIONAL BRANCH",true,2025-10-23 05:59:23.245200 +00:00,2025-10-23 05:59:23.245216 +00:00,
1387,00142,"","GALLAOROL T., ""MIKROKRЕDITBANK"" ATB GALLAOROL FILIALI","ГАЛЛАОРОЛ Т., ГАЛЛАОРОЛЬСКИЙ ФИЛИАЛ МИКРОКРЕДИТБАНКА АТБ","GALLAOROL T., GALLAOROL BRANCH OF MIKROKREDITBANK ATB",true,2025-10-23 05:59:23.256114 +00:00,2025-10-23 05:59:23.256130 +00:00,
1388,00149,"","ZARBDOR T., ""MIKROKRЕDITBANK"" ATB ZARBDOR FILIALI","ЗАРБДОР Т., «МИКРОКРЕДИТБАНК» АТБ ЗАРБДОРСКИЙ ФИЛИАЛ","ZARBDOR T., ""MIKROKREDITBANK"" ATB ZARBDOR BRANCH",true,2025-10-23 05:59:23.268113 +00:00,2025-10-23 05:59:23.268129 +00:00,
1389,00239,"","POP T., ""MIKROKRЕDITBANK"" ATB POP FILIALI","ПОП Т., «МИКРОКРЕДИТБАНК» АТБ ПОП ФИЛИАЛ","POP T., ""MIKROKREDITBANK"" ATB POP BRANCH",true,2025-10-23 05:59:23.280553 +00:00,2025-10-23 05:59:23.280569 +00:00,
1390,00250,"","CHUST T., ""MIKROKRЕDITBANK"" ATB CHUST FILIALI","ЧУСТ Т., АТБ «МИКРОКРЕДИТБАНК» ЧУСТСКИЙ ФИЛИАЛ","CHUST T., ""MIKROKREDITBANK"" ATB CHUST BRANCH",true,2025-10-23 05:59:23.292686 +00:00,2025-10-23 05:59:23.292710 +00:00,
1391,00260,"","NAMANGAN Sh., ""MIKROKRЕDITBANK"" ATB NAMANGAN VILOYATI FILIALI","НАМАНГАНСКОЕ Ш., «МИКРОКРЕДИТБАНК» АТБ НАМАНГАНСКИЙ ОБЛАСТНОЙ ФИЛИАЛ","NAMANGAN Sh., ""MIKROKREDITBANK"" ATB NAMANGAN REGIONAL BRANCH",true,2025-10-23 05:59:23.307044 +00:00,2025-10-23 05:59:23.307063 +00:00,
1392,00298,"","PAXTACHI T., ""MIKROKRЕDITBANK"" ATB ZIYOVUDDIN FILIALI","Пахтачи Т., «МИКРОКРЕДИТБАНК» АТБ ЗИЕВУДДИНСКИЙ ФИЛИАЛ","PAHTACHI T., ""MIKROKREDITBANK"" ATB ZIYOVUDDIN BRANCH",true,2025-10-23 05:59:23.318801 +00:00,2025-10-23 05:59:23.318817 +00:00,
1393,00549,"","URGANCH Sh., ""MIKROKRЕDITBANK"" ATB XORAZM VILOYATI FILIALI","УРГАНЧ Ш., АО ""МИКРОКРЕДИТБАНК"" ХОРАЗМСКИЙ ОБЛАСТНОЙ ФИЛИАЛ","URGANCH Sh., ""MIKROKREDITBANK"" JSC KHORAZM REGIONAL BRANCH",true,2025-10-23 05:59:23.329875 +00:00,2025-10-23 05:59:23.329890 +00:00,
1394,00557,"","BOGOT T., ""MIKROKRЕDITBANK"" ATB BOGOT FILIALI","БОГОТ Т., «МИКРОКРЕДИТБАНК» АТБ БОГОТСКИЙ ФИЛИАЛ","BOGOT T., ""MIKROKREDITBANK"" ATB BOGOT BRANCH",true,2025-10-23 05:59:23.342560 +00:00,2025-10-23 05:59:23.342589 +00:00,
1395,00570,"","URGANCH T., ""MIKROKRЕDITBANK"" ATB KOROVUL FILIALI","УРГАНЧ Т., «МИКРОКРЕДИТБАНК» АТБ КОРОВУЛСКИЙ ФИЛИАЛ","URGANCH T., ""MIKROKREDITBANK"" ATB KOROVUL BRANCH",true,2025-10-23 05:59:23.359656 +00:00,2025-10-23 05:59:23.359676 +00:00,
1396,00578,"","XIVA Sh., ""MIKROKRЕDITBANK"" ATB XIVA FILIALI","ХИВА Ш., «МИКРОКРЕДИТБАНК» АТБ ХИВИНСКИЙ ФИЛИАЛ","XIVA Sh., ""MIKROKREDITBANK"" ATB XIVA BRANCH",true,2025-10-23 05:59:23.372669 +00:00,2025-10-23 05:59:23.372689 +00:00,
1397,00584,"","NUKUS Sh., ""MIKROKRЕDITBANK"" ATB KORAKALPOGISTON RЕSPUBLIKASI FILIALI","НУКУС Ш., АТБ «МИКРОКРЕДИТБАНК» ФИЛИАЛ РЕСПУБЛИКИ КОРАКАЛПОГИСТОН","NUKUS Sh., ""MIKROKREDITBANK"" ATB BRANCH OF THE REPUBLIC OF KORAKALPOGISTON",true,2025-10-23 05:59:23.388692 +00:00,2025-10-23 05:59:23.388716 +00:00,
1398,00599,"","TURTKUL T., ""MIKROKRЕDITBANK"" ATB TURTKUL FILIALI","ТУРТКУЛЬ Т., «МИКРОКРЕДИТБАНК» АТБ ТУРКУЛЬСКИЙ ФИЛИАЛ","TURTKUL T., ""MIKROKREDITBANK"" ATB TURKUL BRANCH",true,2025-10-23 05:59:23.406353 +00:00,2025-10-23 05:59:23.406381 +00:00,
1399,00620,"","AMUDARYO T., ""MIKROKRЕDITBANK"" ATB MANGIT FILIALI","АМУДАРЁ Т., «МИКРОКРЕДИТБАНК» АТБ МАНГИТСКИЙ ФИЛИАЛ","AMUDARYO T., ""MIKROKREDITBANK"" ATB MANGIT BRANCH",true,2025-10-23 05:59:23.424898 +00:00,2025-10-23 05:59:23.424925 +00:00,
1400,01049,"","KOSONSOY T., ""MIKROKRЕDITBANK"" ATB KOSONSOY FILIALI","КОСОНСОЙ Т., «МИКРОКРЕДИТБАНК» АТБ КОСОНСОЙ ФИЛИАЛ","KOSONSOY T., ""MICROKREDITBANK"" ATB KOSONSOY BRANCH",true,2025-10-23 05:59:23.440790 +00:00,2025-10-23 05:59:23.440810 +00:00,
1401,01055,"","ELLIKKAL’A T., ""MIKROKRЕDITBANK"" ATB ELLIKKAL’A FILIALI","ЭЛЛИККАЛЬА Т., «МИКРОКРЕДИТБАНК» АТБ ЭЛЛИККАЛЬСКИЙ ФИЛИАЛ","ELLIKKAL'A T., ""MIKROKREDITBANK"" ATB ELLIKKAL'A BRANCH",true,2025-10-23 05:59:23.458357 +00:00,2025-10-23 05:59:23.458374 +00:00,
1403,01057,"","TOSHKЕNT Sh., ""ASIA ALLIANCE BANK"" ATB SHAYXONTOXUR FILIALI",ШЕЙКОНТОХУРСКИЙ ФИЛИАЛ АТБ «ASIA ALLIANCE BANK» г. ТАШКЕНТ Ш,"SHEYKONTOKHUR BRANCH OF ATB ""ASIA ALLIANCE BANK"", TASHKENT Sh",true,2025-10-23 05:59:23.495148 +00:00,2025-10-23 05:59:23.495168 +00:00,
1404,01099,"","KARSHI Sh., ""ASIA ALLIANCE BANK"" ATB KARSHI FILIALI","КАРШИНСКОЕ Ш., ""ASIA ALLIANCE BANK"" АТБ КАРШИНСКИЙ ФИЛИАЛ","KARSHI Sh., ""ASIA ALLIANCE BANK"" ATB KARSHI BRANCH",true,2025-10-23 05:59:23.509453 +00:00,2025-10-23 05:59:23.509478 +00:00,
1405,01102,"","TOSHKЕNT Sh., ""ASIA ALLIANCE BANK"" ATB OLMAZOR FILIALI","ТАШКЕНТСКОЕ Ш., ""ASIA ALLIANCE BANK"" АТБ ОЛМАЗОРСКИЙ ФИЛИАЛ","TASHKENT Sh., ""ASIA ALLIANCE BANK"" ATB OLMAZOR BRANCH",true,2025-10-23 05:59:23.530743 +00:00,2025-10-23 05:59:23.530782 +00:00,
1406,01103,"","TOSHKЕNT Sh., ""ASIA ALLIANCE BANK"" ATB MIRZO ULUGBЕK FILIALI","ТАШКЕНТСКОЕ Ш., «ASIA ALLIANCE BANK» АТБ МИРЗО УЛУГБЕКСКИЙ ФИЛИАЛ","TASHKENT Sh., ""ASIA ALLIANCE BANK"" ATB MIRZO ULUGBEK BRANCH",true,2025-10-23 05:59:23.546178 +00:00,2025-10-23 05:59:23.546196 +00:00,
1407,01124,"","TOSHKЕNT Sh., ""ASIA ALLIANCE BANK"" ATB MIROBOD FILIALI","ТАШКЕНТСКОЕ Ш., ""ASIA ALLIANCE BANK"" АТБ МИРОБАДСКИЙ ФИЛИАЛ","TASHKENT Sh., ""ASIA ALLIANCE BANK"" ATB MIROBAD BRANCH",true,2025-10-23 05:59:23.560602 +00:00,2025-10-23 05:59:23.560621 +00:00,
1408,01137,"","BUXORO Sh., ""ASIA ALLIANCE BANK"" ATB BUXORO FILIALI","БУХАРА Ш., «ASIA ALLIANCE BANK» АТБ БУХАРСКИЙ ФИЛИАЛ","BUKHARA Sh., ""ASIA ALLIANCE BANK"" ATB BUKHARA BRANCH",true,2025-10-23 05:59:23.575317 +00:00,2025-10-23 05:59:23.575340 +00:00,
1409,01143,"","SAMARKAND Sh., ""ASIA ALLIANCE BANK"" ATB SAMARKAND FILIALI","САМАРКАНД Ш., «ASIA ALLIANCE BANK» АТБ САМАРКАНДСКИЙ ФИЛИАЛ","SAMARKAND Sh., ""ASIA ALLIANCE BANK"" ATB SAMARKAND BRANCH",true,2025-10-23 05:59:23.588162 +00:00,2025-10-23 05:59:23.588186 +00:00,
1410,01173,"","FARGONA Sh., ""ASIA ALLIANCE BANK"" ATB FARGONA FILIALI","ФАРГОНА Ш., «ASIA ALLIANCE BANK» АТБ ФАРГОНСКИЙ ФИЛИАЛ","FARGONA Sh., ""ASIA ALLIANCE BANK"" ATB FARGONA BRANCH",true,2025-10-23 05:59:23.602898 +00:00,2025-10-23 05:59:23.602930 +00:00,
1411,00873,"","TOSHKЕNT Sh., ""ASAKABANK"" AJ BOSH OFISI","ГОЛОВНОЙ ОФИС АО ""АСАКАБАНК"" г. ТАШКЕНТ Ш.","HEAD OFFICE OF ASAKABANK JSC, TASHKENT Sh",true,2025-10-23 05:59:23.616332 +00:00,2025-10-23 05:59:23.616356 +00:00,
1412,09013,"","TOSHKЕNT Sh., ""ASAKABANK"" AJ TULOV MARKAZI","ТАШКЕНТСКОЕ Ш., АО ""АСАКАБАНК"" ТУЛОВСКИЙ ЦЕНТР","TASHKENT Sh., ""ASAKABANK"" JSC TULOV CENTER",true,2025-10-23 05:59:23.634755 +00:00,2025-10-23 05:59:23.634776 +00:00,
1413,01169,"","XAZORASP T., ""ASAKABANK"" AJ XAZORASP FILIALI","ХАЗОРАСП Т., АО ""АСАКАБАНК"" ХАЗОРАСПСКИЙ ФИЛИАЛ","KHAZORASP T., ""ASAKABANK"" JSC KHAZORASP BRANCH",true,2025-10-23 05:59:23.652141 +00:00,2025-10-23 05:59:23.652161 +00:00,
1414,00628,"","BUSTON T., AT XALK BANKI BUZ FILIALI","БУСТОН Т., В ЛЕДОВОМ ОТДЕЛЕНИИ ХАЛК БАНКА","BUSTON T., AT HULK BANK ICE BRANCH",true,2025-10-23 05:59:23.665010 +00:00,2025-10-23 05:59:23.665030 +00:00,
1415,00649,"","ANDIJON Sh., AT XALK BANKI ANDIJON VILOYAT FILIALI","АНДИЖОН Ш., АНДИЖАНСКИЙ ОБЛАСТНОЙ ФИЛИАЛ НАРОДНОГО БАНКА","ANDIJON Sh., ANDIJAN REGIONAL BRANCH OF THE PEOPLE'S BANK",true,2025-10-23 05:59:23.676290 +00:00,2025-10-23 05:59:23.676330 +00:00,
1416,00650,"","ASAKA T., AT XALK BANKI ASAKA FILIALI","АСАКА Т., В АСАКИНСКОМ ОТДЕЛЕНИИ НАРОДНОГО БАНКА","ASAKA T., AT PEOPLE'S BANK ASAKA BRANCH",true,2025-10-23 05:59:23.690472 +00:00,2025-10-23 05:59:23.690492 +00:00,
1417,00651,"","SHAXRIXON T., AT XALK BANKI SHAXRIXON FILIALI","ШАКРИХАН Т., В ФИЛИАЛЕ «ХАЛК БАНКА ШАКРИХАН»","SHAKRIKHAN T., AT HULK BANK SHAKRIKHAN BRANCH",true,2025-10-23 05:59:23.704015 +00:00,2025-10-23 05:59:23.704041 +00:00,
1418,00652,"","MARXAMAT T., AT XALK BANKI MARXAMAT FILIALI","МАРХАМАТ Т., В МАРХАМАТСКОМ ФИЛИАЛЕ ХАЛК БАНКА","MARKHAMAT T., AT HULK BANK MARKHAMAT BRANCH",true,2025-10-23 05:59:23.718779 +00:00,2025-10-23 05:59:23.718801 +00:00,
1419,00653,"","JALOLKUDUK T., AT XALK BANKI JALOLKUDUK FILIALI","ЖАЛОЛКУДУК Т., В ФИЛИАЛЕ ХАЛК БАНКА «ЖАЛОЛКУДУК»","JALOLKUDUK T., AT HALK BANK JALOLKUDUK BRANCH",true,2025-10-23 05:59:23.733816 +00:00,2025-10-23 05:59:23.733834 +00:00,
1420,00654,"","IZBOSKAN T., AT XALK BANKI IZBOSKAN FILIALI","ИЗБОСКАН Т., В ИЗБОСКАНСКОМ ФИЛИАЛЕ ХАЛК БАНКА","IZBOSKAN T., AT HALK BANK IZBOSKAN BRANCH",true,2025-10-23 05:59:23.747445 +00:00,2025-10-23 05:59:23.747463 +00:00,
1421,00655,"","BALIKCHI T., AT XALK BANKI BALIKCHI FILIALI","БАЛИКЧИ Т., БАЛКЧИНСКИЙ ФИЛИАЛ ПРИ ХАЛК БАНКЕ","BALIKCHI T., BALKCHI BRANCH OF AT HULK BANK",true,2025-10-23 05:59:23.759873 +00:00,2025-10-23 05:59:23.759891 +00:00,
1422,00656,"","XUJAOBOD T., AT XALK BANKI XUJAOBOD FILIALI","ХУДЖААБАД Т., ХАЛК БАНКА ХУДЖААБАДСКИЙ ФИЛИАЛ","KHUJAABAD T., AT HULK BANK KHUJAABAD BRANCH",true,2025-10-23 05:59:23.772151 +00:00,2025-10-23 05:59:23.772176 +00:00,
1423,00657,"","PAXTAOBOD T., AT XALK BANKI PAXTAOBOD FILIALI","ПАХТАОБОД Т., В ПАХТАОБАДСКОМ ФИЛИАЛЕ НАРОДНОГО БАНКА","PAKHTAOBOD T., AT PEOPLE'S BANK PAKHTAOBOD BRANCH",true,2025-10-23 05:59:23.785690 +00:00,2025-10-23 05:59:23.785713 +00:00,
1424,00658,"","ANDIJON T., AT XALK BANKI KUYGANYOR FILIALI","АНДИЖОН Т., ОТДЕЛЕНИЕ ХАЛК БАНКА КУЙГАНЬОР","ANDIJON T., AT HULK BANK KUYGANYOR BRANCH",true,2025-10-23 05:59:23.797089 +00:00,2025-10-23 05:59:23.797111 +00:00,
1425,00659,"","KURGONTЕPA T., AT XALK BANKI KURGONTЕPA FILIALI","КУРГОНТЕПА Т., В ХАЛК БАНКЕ КУРГОНТЕПИНСКИЙ ФИЛИАЛ","KURGONTEPA T., AT HULK BANK KURGONTEPA BRANCH",true,2025-10-23 05:59:23.811036 +00:00,2025-10-23 05:59:23.811057 +00:00,
1426,00660,"","XONOBOD Sh., AT XALK BANKI XONOBOD FILIALI","ХАНАБАД Ш., ХАЛК БАНКА ХАНАБАДСКИЙ ФИЛИАЛ","KHANABAD Sh., AT HALK BANK KHANABAD BRANCH",true,2025-10-23 05:59:23.826871 +00:00,2025-10-23 05:59:23.826896 +00:00,
1427,00662,"","OLTINKUL T., AT XALK BANKI OLTINKUL FILIALI","ОЛТЫНКУЛ Т., В АЛТЫНКУЛЬСКОМ ФИЛИАЛЕ НАРОДНОГО БАНКА","OLTINKUL T., AT ALTINKUL BRANCH OF PEOPLE'S BANK",true,2025-10-23 05:59:23.839264 +00:00,2025-10-23 05:59:23.839286 +00:00,
1428,00664,"","BULOKBOSHI T., AT XALK BANKI BULOKBOSHI FILIALI","БУЛОКБОШИ Т., В БУЛОКБОШСКОМ ФИЛИАЛЕ ХАЛК БАНКА","BULOKBOSHI T., AT HULK BANK BULOKBOSHI BRANCH",true,2025-10-23 05:59:23.851416 +00:00,2025-10-23 05:59:23.851442 +00:00,
1429,00745,"","UZUN T., AT XALK BANKI UZUN FILIALI","УЗУН Т., УЗУНСКИЙ ФИЛИАЛ ХАЛК БАНКА","UZUN T., AT HULK BANK UZUN BRANCH",true,2025-10-23 05:59:23.864322 +00:00,2025-10-23 05:59:23.864340 +00:00,
1430,00746,"","BOYSUN T., AT XALK BANKI BOYSUN FILIALI","БОЙСАН Т., БОЙСАНСКИЙ ФИЛИАЛ ХАЛК БАНКА","BOYSUN T., AT HULK BANK BOYSUN BRANCH",true,2025-10-23 05:59:23.877276 +00:00,2025-10-23 05:59:23.877301 +00:00,
1431,00747,"","DЕNOV T., AT XALK BANKI DЕNOV FILIALI","ДЕНОВ Т., ОТДЕЛЕНИЕ DENOV БАНКА ХАЛК","DENOV T., AT HULK BANK DENOV BRANCH",true,2025-10-23 05:59:23.890009 +00:00,2025-10-23 05:59:23.890029 +00:00,
1432,00748,"","ShЕROBOD T., AT XALK BANKI ShЕROBOD FILIALI","ШЕРОБАД Т., В ШЕРОБАДСКОМ ФИЛИАЛЕ ХАЛК БАНКА","SHEROBAD T., AT HULK BANK SHEROBAD BRANCH",true,2025-10-23 05:59:23.907121 +00:00,2025-10-23 05:59:23.907142 +00:00,
1433,00749,"","JARKURGON T., AT XALK BANKI JARKURGON FILIALI","ДЖАРКУРГОН Т., В ДЖАРКУРГОНСКОМ ФИЛИАЛЕ БАНКА ХАЛК","JARKURGON T., AT HULK BANK JARKURGON BRANCH",true,2025-10-23 05:59:23.918191 +00:00,2025-10-23 05:59:23.918211 +00:00,
1434,00750,"","SHURCHI T., AT XALK BANKI SHURCHI FILIALI","ШУРЧИ Т., ФИЛИАЛ ШУРЧИ БАНКА ХАЛК","SHURCHI T., AT HULK BANK SHURCHI BRANCH",true,2025-10-23 05:59:23.933857 +00:00,2025-10-23 05:59:23.933875 +00:00,
1435,00751,"","ANGOR T., AT XALK BANKI ANGOR FILIALI","АНГОР Т., АНГОРСКИЙ ФИЛИАЛ ХАЛК БАНКА","ANGOR T., AT HULK BANK ANGOR BRANCH",true,2025-10-23 05:59:23.946344 +00:00,2025-10-23 05:59:23.946364 +00:00,
1436,00752,"","MUZROBOD T., AT XALK BANKI MUZROBOD FILIALI","МУЗРОБАД Т., В МУЗРОБАДСКОМ ФИЛИАЛЕ ХАЛК БАНКА","MUZROBAD T., AT HULK BANK MUZROBAD BRANCH",true,2025-10-23 05:59:23.963705 +00:00,2025-10-23 05:59:23.963725 +00:00,
1437,00753,"","KIZIRIK T., AT XALK BANKI KIZIRIK FILIALI","КИЗИРИК Т., В КИЗИРИКСКОМ ФИЛИАЛЕ HULK BANK","KIZIRIK T., AT HULK BANK KIZIRIK BRANCH",true,2025-10-23 05:59:23.976004 +00:00,2025-10-23 05:59:23.976032 +00:00,
1438,00754,"","KUMKURGON T., AT XALK BANKI KUMKURGON FILIALI","КУМКУРГОН Т., В КУМКУРГОНСКОМ ФИЛИАЛЕ ХАЛК БАНКА","KUMKURGON T., AT HULK BANK KUMKURGON BRANCH",true,2025-10-23 05:59:23.989091 +00:00,2025-10-23 05:59:23.989113 +00:00,
1439,00755,"","OLTINSOY T., AT XALK BANKI OLTINSOY FILIALI","АЛТИНСОЙ Т., ХАЛК БАНКА, ФИЛИАЛ «АЛТИНСОЙ»","ALTINSOY T., AT HALK BANK ALTINSOY BRANCH",true,2025-10-23 05:59:24.003371 +00:00,2025-10-23 05:59:24.003406 +00:00,
1440,00757,"","SARIOSIYO T., AT XALK BANKI SARIOSIYO FILIALI","САРИОСИЙО Т., ФИЛИАЛ САРИОСИЙО БАНКА ХАЛК","SARIOSIYO T., AT HULK BANK SARIOSIYO BRANCH",true,2025-10-23 05:59:24.016691 +00:00,2025-10-23 05:59:24.016710 +00:00,
1441,00770,"","BUSTONLIK T., AT XALK BANKI BUSTONLIK FILIALI","БУСТОНЛИК Т., В БУСТОНЛИКСКОМ ФИЛИАЛЕ ХАЛК БАНКА","BUSTONLIK T., AT HULK BANK BUSTONLIK BRANCH",true,2025-10-23 05:59:24.030738 +00:00,2025-10-23 05:59:24.030757 +00:00,
1442,00771,"","YUKORICHIRCHIK T., AT XALK BANKI YUKORICHIRCHIK FILIALI","ЮКОРИЧИРЧИК Т., В ЮКОРИЧИРЧИКСКОМ ФИЛИАЛЕ ХАЛК БАНКА","YUKORICHIRCHIK T., AT HULK BANK YUKORICHIRCHIK BRANCH",true,2025-10-23 05:59:24.047943 +00:00,2025-10-23 05:59:24.047962 +00:00,
1443,00772,"","OXANGARON T., AT XALK BANKI OXANGARON FILIALI","ОХАНГАРОН Т., ФИЛИАЛ В ХАЛК БАНКЕ, ОХАНГАРОН","OHANGARON T., AT HULK BANK OHANGARON BRANCH",true,2025-10-23 05:59:24.066201 +00:00,2025-10-23 05:59:24.066221 +00:00,
1444,00773,"","KUYICHIRCHIK T., AT XALK BANKI DUSTOBOD FILIALI","КУЮЧИРЧИК Т., В ДУСТОБАДСКОМ ФИЛИАЛЕ ХАЛК БАНКА","KUYUCHIRCHIK T., AT HULK BANK DUSTOBAD BRANCH",true,2025-10-23 05:59:24.087619 +00:00,2025-10-23 05:59:24.087638 +00:00,
1445,00774,"","PSKЕNT T., AT XALK BANKI PSKЕNT FILIALI","ПСКЕНТ Т., У ХАЛК БАНКА ПСКЕНТСКИЙ ФИЛИАЛ","PSKENT T., AT HULK BANK PSKENT BRANCH",true,2025-10-23 05:59:24.106691 +00:00,2025-10-23 05:59:24.106710 +00:00,
1446,00775,"","NURAFSHON Sh., AT XALK BANKI TUYTЕPA FILIALI","НУРАФШАН Ш., В ТУЙТЕПИНСКОМ ФИЛИАЛЕ ХАЛК БАНКА","NURAFSHAN Sh., AT HULK BANK TUYTEPA BRANCH",true,2025-10-23 05:59:24.121072 +00:00,2025-10-23 05:59:24.121099 +00:00,
1447,00776,"","KIBRAY T., AT XALK BANKI KIBRAY FILIALI","КИБРАЙ Т., КИБРАЙСКИЙ ФИЛИАЛ ХАЛК БАНКА","KIBRAY T., AT HULK BANK KIBRAY BRANCH",true,2025-10-23 05:59:24.132716 +00:00,2025-10-23 05:59:24.132733 +00:00,
1448,00777,"","YANGIYUL T., AT XALK BANKI YANGIYUL FILIALI","ЯНГЮЛЬ Т., ЯНГЮЛЬСКИЙ ФИЛИАЛ ХАЛК БАНКА","YANGYUL T., AT HALK BANK YANGYUL BRANCH",true,2025-10-23 05:59:24.147580 +00:00,2025-10-23 05:59:24.147605 +00:00,
1449,00778,"","ZANGIOTA T., AT XALK BANKI ZANGIOTA FILIALI","ЗАНГИОТА Т., ЗАНГИОТСКИЙ ФИЛИАЛ ХАЛК БАНКА","ZANGIOTA T., AT HALK BANK ZANGIOTA BRANCH",true,2025-10-23 05:59:24.163051 +00:00,2025-10-23 05:59:24.163073 +00:00,
1450,00779,"","OKKURGON T., AT XALK BANKI OKKURGON FILIALI","ОККУРГОН Т., В ОККУРГОНСКОМ ФИЛИАЛЕ ХАЛК БАНКА","OKKURGON T., AT HULK BANK OKKURGON BRANCH",true,2025-10-23 05:59:24.185266 +00:00,2025-10-23 05:59:24.185290 +00:00,
1451,00780,"","CHINOZ T., AT XALK BANKI CHINOZ FILIALI","ЧИНОЗ Т., В ОТДЕЛЕНИИ ХАЛК БАНКА ЧИНОЗ","CHINOZ T., AT HULK BANK CHINOZ BRANCH",true,2025-10-23 05:59:24.216001 +00:00,2025-10-23 05:59:24.216025 +00:00,
1452,00781,"","CHIRCHIK Sh., AT XALK BANKI CHIRCHIK FILIALI","ЧИРЧИК Ш., В ЧИРЧИКСКОМ ФИЛИАЛЕ ХАЛК БАНКА","CHIRCHIK Sh., AT HULK BANK CHIRCHIK BRANCH",true,2025-10-23 05:59:24.233908 +00:00,2025-10-23 05:59:24.233927 +00:00,
1453,00782,"","BUKA T., AT XALK BANKI BUKA FILIALI","БУКА Т., В БУКАНСКОМ ФИЛИАЛЕ ХАЛК БАНКА","BUKA T., AT HULK BANK BUKA BRANCH",true,2025-10-23 05:59:24.244819 +00:00,2025-10-23 05:59:24.244850 +00:00,
1454,00783,"","BЕKOBOD Sh., AT XALK BANKI BЕKOBOD FILIALI","БЕКОБАД Ш., БЕКОБАДСКИЙ ФИЛИАЛ ПРИ ХАЛК БАНКЕ","BEKOBAD Sh., BEKOBAD BRANCH OF AT HULK BANK",true,2025-10-23 05:59:24.259859 +00:00,2025-10-23 05:59:24.259878 +00:00,
1455,00784,"","ANGRЕN Sh., AT XALK BANKI ANGRЕN FILIALI","АНГРЕН Ш., АНГРЕНСКИЙ ФИЛИАЛ ХАЛК БАНКА","ANGREN Sh., AT HULK BANK ANGREN BRANCH",true,2025-10-23 05:59:24.271092 +00:00,2025-10-23 05:59:24.271106 +00:00,
1456,00785,"","OLMALIK Sh., AT XALK BANKI OLMALIK FILIALI","ОЛМАЛИК Ш., АЛМАЛЫКСКИЙ ФИЛИАЛ НАРОДНОГО БАНКА по адресу: г.","OLMALIK Sh., ALMALYK BRANCH OF THE PEOPLE'S BANK AT",true,2025-10-23 05:59:24.281284 +00:00,2025-10-23 05:59:24.281305 +00:00,
1457,00786,"","TOSHKЕNT T., AT XALK BANKI KЕLЕS FILIALI","ТАШКЕНТСКИЙ Т., В КЕЛЕССКОМ ФИЛИАЛЕ ХУЛК БАНК","TASHKENT T., AT HULK BANK KELES BRANCH",true,2025-10-23 05:59:24.292289 +00:00,2025-10-23 05:59:24.292306 +00:00,
1458,00787,"","BЕKOBOD T., AT XALK BANKI ZAFAR FILIALI","БЕКОБАД Т., В ХАЛК БАНК ЗАФАРСКИЙ ФИЛИАЛ","BEKOBAD T., AT HALK BANK ZAFAR BRANCH",true,2025-10-23 05:59:24.303970 +00:00,2025-10-23 05:59:24.303985 +00:00,
1459,00788,"","PARKЕNT T., AT XALK BANKI PARKЕNT FILIALI","ПАРКЕНТ Т., ПАРКЕНТСКИЙ ФИЛИАЛ HULK BANK","PARKENT T., AT HULK BANK PARKENT BRANCH",true,2025-10-23 05:59:24.315700 +00:00,2025-10-23 05:59:24.315715 +00:00,
1460,01125,"","TOSHKЕNT Sh., AT XALK BANKI BOSH AMALIYOTLAR BOSHKARMASI","ТАШКЕНТ Ш., УПРАВЛЕНИЕ ОБЩИХ ОПЕРАЦИЙ АТ ХАЛК БАНКА","TASHKENT Sh., AT HULK BANK GENERAL OPERATIONS DEPARTMENT",true,2025-10-23 05:59:24.330956 +00:00,2025-10-23 05:59:24.330983 +00:00,
1461,01175,"","TЕRMIZ Sh., AT XALK BANKI TЕRMIZ SHAXAR FILIALI","ТЕРМИЗ Ш., В ТЕРМИЗСКОМ ГОРОДСКОМ ФИЛИАЛЕ ХАЛК БАНКА","TERMIZ Sh., AT HULK BANK TERMIZ CITY BRANCH",true,2025-10-23 05:59:24.344928 +00:00,2025-10-23 05:59:24.344948 +00:00,
1462,09006,"","TOSHKЕNT Sh., AT XALK BANKI XISOB-KITOB MARKAZI","УЧЕТНЫЙ ЦЕНТР НАРОДНОГО БАНКА, ТАШКЕНТ Ш.","ACCOUNTING CENTER OF THE PEOPLE'S BANK, TASHKENT Sh",true,2025-10-23 05:59:24.358593 +00:00,2025-10-23 05:59:24.358610 +00:00,
1463,00154,"","KARSHI Sh., ""GARANT BANK"" AJ KARSHI SHAXAR FILIALI","КАРШИНСКИЙ ГОРОДСКОЙ ФИЛИАЛ АО ""ГАРАНТ БАНК"" КАРШИНСКИЙ","KARSHI CITY BRANCH, ""GARANT BANK"" JSC KARSHI",true,2025-10-23 05:59:24.375622 +00:00,2025-10-23 05:59:24.375643 +00:00,
1464,00362,"","DЕNOV T., ""GARANT BANK"" AJ DЕNOV FILIALI","ДЕНОВ Т., АО ""ГАРАНТ БАНК"" ФИЛИАЛ ДЕНОВ","DENOV T., ""GARANT BANK"" JSC DENOV BRANCH",true,2025-10-23 05:59:24.390636 +00:00,2025-10-23 05:59:24.390654 +00:00,
1465,00600,"","TURTKUL T., ""GARANT BANK"" AJ TURTKUL FILIALI","ТУРТКУЛЬ Т., ТУРТКУЛЬСКИЙ ФИЛИАЛ АО «ГАРАНТ БАНК»","TURTKUL T., TURTKUL BRANCH OF ""GARANT BANK"" JSC",true,2025-10-23 05:59:24.406578 +00:00,2025-10-23 05:59:24.406595 +00:00,
1466,01199,"","TOSHKЕNT Sh., ""SMART BANK"" AKSIYADORLIK JAMIYATI","ТАШКЕНТ Ш., АКЦИОНЕРНОЕ ОБЩЕСТВО ""СМАРТ БАНК""","TASHKENT Sh., ""SMART BANK"" JOINT STOCK COMPANY",true,2025-10-23 05:59:24.418864 +00:00,2025-10-23 05:59:24.418897 +00:00,
1467,00828,"","TOSHKЕNT Sh., AT XALK BANKI OLMAZOR FILIALI","ТАШКЕНТСКОЕ Ш., АЛМАЗОРСКИЙ ФИЛИАЛ ХАЛК БАНКА","TASHKENT Sh., AT HULK BANK ALMAZOR BRANCH",true,2025-10-23 05:59:24.432241 +00:00,2025-10-23 05:59:24.432259 +00:00,
1468,00069,"","ANDIJON Sh., ""ASAKABANK"" AJ ANDIJON FILIALI","АНДИЖОН Ш., АО ""АСАКАБАНК"" АНДИЖОНСКИЙ ФИЛИАЛ","ANDIJON Sh., ""ASAKABANK"" JSC ANDIJON BRANCH",true,2025-10-23 05:59:24.443195 +00:00,2025-10-23 05:59:24.443214 +00:00,
1469,00073,"","ASAKA T., ""ASAKABANK"" AJ ""BOBUR"" FILIALI","АСАКА Т., АО ""АСАКАБАНК"" ФИЛИАЛ ""БАБУР""","ASAKA T., ""ASAKABANK"" JSC ""BABUR"" BRANCH",true,2025-10-23 05:59:24.453935 +00:00,2025-10-23 05:59:24.453956 +00:00,
1470,00120,"","BUXORO Sh., ""ASAKABANK"" AJ BUXORO FILIALI","БУХАРСКОЕ Ш., АО ""АСАКАБАНК"" БУХАРСКИЙ ФИЛИАЛ","BUKHARA Sh., ""ASAKABANK"" JSC BUKHARA BRANCH",true,2025-10-23 05:59:24.465565 +00:00,2025-10-23 05:59:24.465591 +00:00,
1471,00140,"","JIZZAX Sh., ""ASAKABANK"" AJ JIZZAX FILIALI","ДЖИЗАКСКОЕ Ш., АО «АСАКАБАНК» ДЖИЗАКСКИЙ ФИЛИАЛ","JIZZAK Sh., JSC ""ASAKABANK"" JIZZAK BRANCH",true,2025-10-23 05:59:24.478533 +00:00,2025-10-23 05:59:24.478553 +00:00,
1472,00194,"","KARSHI Sh., ""ASAKABANK"" AJ KARSHI FILIALI","КАРШИНСКОЕ Ш., АО ""АСАКАБАНК"" КАРШИНСКИЙ ФИЛИАЛ","KARSHI Sh., ""ASAKABANK"" JSC KARSHI BRANCH",true,2025-10-23 05:59:24.513095 +00:00,2025-10-23 05:59:24.513113 +00:00,
1473,00206,"","NAVOIY Sh., ""ASAKABANK"" AJ NAVOIY FILIALI","НАВОЙ Ш., НАВОЙСКИЙ ФИЛИАЛ АО ""АСАКАБАНК""","NAVOY Sh., NAVOY BRANCH OF ""ASAKABANK"" JSC",true,2025-10-23 05:59:24.529515 +00:00,2025-10-23 05:59:24.529534 +00:00,
1474,00231,"","NAMANGAN Sh., ""ASAKABANK"" AJ NAMANGAN FILIALI","НАМАНГАНСКИЙ Ш., НАМАНГАНСКИЙ ФИЛИАЛ АО «АСАКАБАНК»","NAMANGAN Sh., NAMANGAN BRANCH OF ""ASAKABANK"" JSC",true,2025-10-23 05:59:24.544511 +00:00,2025-10-23 05:59:24.544639 +00:00,
1475,00264,"","SAMARKAND Sh., ""ASAKABANK"" AJ SAMARKAND FILIALI","САМАРКАНДСКИЙ Ш., САМАРКАНДСКИЙ ФИЛИАЛ АО ""АСАКАБАНК""","SAMARKAND Sh., SAMARKAND BRANCH OF ""ASAKABANK"" JSC",true,2025-10-23 05:59:24.558750 +00:00,2025-10-23 05:59:24.558766 +00:00,
1476,00358,"","TЕRMIZ Sh., ""ASAKABANK"" AJ TЕRMIZ FILIALI","ТЕРМИЗ Ш., АО «АСАКАБАНК» ТЕРМИЗСКИЙ ФИЛИАЛ","TERMIZ Sh., JSC ""ASAKABANK"" TERMIZ BRANCH",true,2025-10-23 05:59:24.572210 +00:00,2025-10-23 05:59:24.572229 +00:00,
1477,00373,"","GULISTON Sh., ""ASAKABANK"" AJ GULISTON FILIALI","ГУЛИСТОН Ш., ГУЛИСТОНСКИЙ ФИЛИАЛ АО «АСАКАБАНК»","GULISTON Sh., GULISTON BRANCH OF ""ASAKABANK"" JSC",true,2025-10-23 05:59:24.586120 +00:00,2025-10-23 05:59:24.586139 +00:00,
1478,00411,"","NURAFSHON Sh., ""ASAKABANK"" AJ NURAFSHON FILIALI","НУРАФШОН Ш., АО ""АСАКАБАНК"" НУРАФШОНСКИЙ ФИЛИАЛ","NURAFSHON Sh., ""ASAKABANK"" JSC NURAFSHON BRANCH",true,2025-10-23 05:59:24.603467 +00:00,2025-10-23 05:59:24.603488 +00:00,
1479,00416,"","TOSHKЕNT Sh., ""ASAKABANK"" AJ ""POYTAXT"" FILIALI","ТАШКЕНТСКОЕ Ш., АО ""АСАКАБАНК"" ""ПОИТАХТСКИЙ"" ФИЛИАЛ","TASHKENT Sh., ""ASAKABANK"" JSC ""POITAKHT"" BRANCH",true,2025-10-23 05:59:24.641568 +00:00,2025-10-23 05:59:24.641593 +00:00,
1480,00417,"","TOSHKЕNT Sh., ""ASAKABANK"" AJ AVTOTRANSPORT FILIALI","ТАШКЕНТСКОЕ Ш., АО ""АСАКАБАНК"" АВТОТРАНСПОРТНЫЙ ФИЛИАЛ","TASHKENT Sh., ""ASAKABANK"" JSC AUTOTRANSPORT BRANCH",true,2025-10-23 05:59:24.653987 +00:00,2025-10-23 05:59:24.654005 +00:00,
1481,00539,"","FARGONA Sh., ""ASAKABANK"" AJ FARGONA FILIALI","ФАРГОНА Ш., АО ""АСАКАБАНК"" ФАРГОНСКИЙ ФИЛИАЛ","FARGONA Sh., ""ASAKABANK"" JSC FARGONA BRANCH",true,2025-10-23 05:59:24.663661 +00:00,2025-10-23 05:59:24.663677 +00:00,
1482,00581,"","URGANCH Sh., ""ASAKABANK"" AJ URGANCH FILIALI","УРГАНЧ Ш., АО «АСАКАБАНК» УРГАНЧСКИЙ ФИЛИАЛ","URGANCH Sh., ASAKABANK JSC URGANCH BRANCH",true,2025-10-23 05:59:24.678636 +00:00,2025-10-23 05:59:24.678657 +00:00,
1483,00625,"","NUKUS Sh., ""ASAKABANK"" AJ NUKUS FILIALI","НУКУС Ш., АО ""АСАКАБАНК"" НУКУССКИЙ ФИЛИАЛ","NUKUS Sh., ASAKABANK JSC NUKUS BRANCH",true,2025-10-23 05:59:24.694201 +00:00,2025-10-23 05:59:24.694220 +00:00,
1484,00631,"","KUKON Sh., ""ASAKABANK"" AJ KUKON FILIALI","КУКОН Ш., АО «АСАКАБАНК» КУКОНСКИЙ ФИЛИАЛ","KUKON Sh., ""ASAKABANK"" JSC KUKON BRANCH",true,2025-10-23 05:59:24.708627 +00:00,2025-10-23 05:59:24.708643 +00:00,
1485,00963,"","TOSHKЕNT Sh., ""ASAKABANK"" AJ YUNUSOBOD FILIALI","ТАШКЕНТСКОЕ Ш., АО «АСАКАБАНК» ЮНУСОБАДСКИЙ ФИЛИАЛ","TASHKENT Sh., JSC ""ASAKABANK"" YUNUSOBAD BRANCH",true,2025-10-23 05:59:24.720948 +00:00,2025-10-23 05:59:24.720963 +00:00,
1486,00969,"","TOSHKЕNT Sh., ""ASAKABANK"" AJ SHAYXONTOXUR FILIALI","ШЕЙКОНТОХУРСКИЙ ФИЛИАЛ АО ""АСАКАБАНК"" г.ТАШКЕНТ Ш.","SHEYKONTOKHUR BRANCH OF ASAKABANK JSC, TASHKENT Sh",true,2025-10-23 05:59:24.748230 +00:00,2025-10-23 05:59:24.748247 +00:00,
1487,01021,"","ZARAFSHON Sh., ""ASAKABANK"" AJ ZARAFSHON FILIALI","ЗАРАФШОН Ш., АО «АСАКАБАНК» ЮВЕЛИРНЫЙ ФИЛИАЛ","ZARAFSHON Sh., JSC ""ASAKABANK"" JEWELER BRANCH",true,2025-10-23 05:59:24.763566 +00:00,2025-10-23 05:59:24.763582 +00:00,
1488,00201,"","NAVOIY Sh., ""GARANT BANK"" AJ NAVOIY SHAXAR FILIALI","НАВОЙ Ш., ГАРАНТ БАНК, АО НАВОЙСКИЙ ГОРОДСКОЙ ФИЛИАЛ","NAVOY Sh., GARANT BANK JSC NAVOY CITY BRANCH",true,2025-10-23 05:59:24.775639 +00:00,2025-10-23 05:59:24.775655 +00:00,
1489,00227,"","NAMANGAN Sh., ""GARANT BANK"" AJ NAMANGAN SHAXAR FILIALI","НАМАНГАН Ш., АО «ГАРАНТ БАНК» НАМАНГАНСКИЙ ГОРОДСКОЙ ФИЛИАЛ","NAMANGAN Sh., ""GARANT BANK"" JSC NAMANGAN CITY BRANCH",true,2025-10-23 05:59:24.786881 +00:00,2025-10-23 05:59:24.786903 +00:00,
1490,01203,"","TOSHKЕNT Sh., ""MILLIY KLIRING MARKAZI"" AKSIYADORLIK JAMIYATI","ТАШКЕНТ Ш., АКЦИОНЕРНОЕ ОБЩЕСТВО ""НАЦИОНАЛЬНЫЙ КЛИРИНГОВЫЙ ЦЕНТР""","TASHKENT Sh., ""NATIONAL CLEARING CENTER"" JOINT STOCK COMPANY",true,2025-10-23 05:59:24.799054 +00:00,2025-10-23 05:59:24.799071 +00:00,
1491,00433,"","TOSHKЕNT Sh., ""MIKROKRЕDITBANK"" ATB BOSH OFISI","ТАШКЕНТСКОЕ Ш., «МИКРОКРЕДИТБАНК» АТБ ГОЛОВНОЙ ОФИС","TASHKENT Sh., ""MIKROKREDITBANK"" ATB HEAD OFFICE",true,2025-10-23 05:59:24.810328 +00:00,2025-10-23 05:59:24.810344 +00:00,
1492,01142,"","TOSHKЕNT Sh., ""MADAD INVЕST BANK"" AT BANKI",БАНК У «МАДАД ИНВЕСТ БАНК» ТАШКЕНТ Ш.,"BANK AT ""MADAD INVEST BANK"" TASHKENT Sh",true,2025-10-23 05:59:24.821407 +00:00,2025-10-23 05:59:24.821421 +00:00,
1493,09005,"","TOSHKЕNT Sh., ""MIKROKRЕDITBANK"" ATB AXBOROTLARNI XISOBLASH MARKAZI","ТАШКЕНТСКОЕ Ш., «МИКРОКРЕДИТБАНК» АТБ ИНФОРМАЦИОННО-РАСЧЕТНЫЙ ЦЕНТР","TASHKENT Sh., ""MIKROKREDITBANK"" ATB INFORMATION CALCULATION CENTER",true,2025-10-23 05:59:24.832438 +00:00,2025-10-23 05:59:24.832486 +00:00,
1495,01075,"","TOSHKЕNT Sh., ""ORIYENT FINANS"" XATB YUNUSOBOD FILIALI","ТАШКЕНТСКОЕ Ш., Письмо ""ОРИЕНТ ФИНАНС"" ЮНУСОБАДСКИЙ ФИЛИАЛ","TASHKENT Sh., ""ORIENT FINANCE"" LETTER YUNUSOBAD BRANCH",true,2025-10-23 05:59:24.859722 +00:00,2025-10-23 05:59:24.859740 +00:00,
1496,01096,"","TOSHKЕNT Sh., ""ORIYENT FINANS"" XATB CHILONZOR FILIALI","ТАШКЕНТСКОЕ Ш., ПИСЬМО ""ОРИЕНТ ФИНАНС"" ЧИЛОНЗОРСКИЙ ФИЛИАЛ","TASHKENT Sh., ""ORIENT FINANCE"" LETTER CHILONZOR BRANCH",true,2025-10-23 05:59:24.877661 +00:00,2025-10-23 05:59:24.877678 +00:00,
1497,01110,"","TOSHKЕNT Sh., ""ORIYENT FINANS"" XATB MARKAZIY AMALIYOT FILIALI","ТАШКЕНТСКИЙ Ш., «ОРИЕНТ ФИНАНС» ХАТБ ЦЕНТРАЛЬНЫЙ ОПЕРАЦИОННЫЙ ФИЛИАЛ","TASHKENT Sh., ""ORIENT FINANCE"" KHATB CENTRAL OPERATION BRANCH",true,2025-10-23 05:59:24.889444 +00:00,2025-10-23 05:59:24.889458 +00:00,
1498,01111,"","SAMARKAND Sh., ""ORIYENT FINANS"" XATB SAMARKAND FILIALI","САМАРКАНД Ш., Письмо ""ОРИЕНТ ФИНАНС"" САМАРКАНДСКИЙ ФИЛИАЛ","SAMARKAND Sh., ""ORIENT FINANCE"" LETTER SAMARKAND BRANCH",true,2025-10-23 05:59:24.899160 +00:00,2025-10-23 05:59:24.899176 +00:00,
1499,01115,"","TOSHKЕNT Sh., ""ORIYENT FINANS"" XATB SHAYXONTOXUR FILIALI","ШАЙКОНТОХУРСКИЙ ФИЛИАЛ ПИСЬМА «ОРИЕНТ ФИНАНС», г. ТАШКЕНТ Ш.","SHAYKONTOKHUR BRANCH OF ""ORIENT FINANCE"" LETTER, TASHKENT Sh",true,2025-10-23 05:59:24.909174 +00:00,2025-10-23 05:59:24.909190 +00:00,
1500,01167,"","TOSHKЕNT Sh., ""ORIYENT FINANS"" XATB MIROBOD FILIALI","ТАШКЕНТСКОЕ Ш., ""ОРИЕНТ ФИНАНС"" ХАТБ МИРОБАДСКИЙ ФИЛИАЛ","TASHKENT SH., ""ORIENT FINANCE"" HATB MIROBAD BRANCH",true,2025-10-23 05:59:24.919280 +00:00,2025-10-23 05:59:24.919308 +00:00,
1501,01202,"","TOSHKЕNT Sh., ""ORIYENT FINANS"" XATB ""RAKAMLI"" FILIALI","ТАШКЕНТСКОЕ Ш., ФИЛИАЛ «ЦИФРА» КОРПОРАЦИИ «ОРИЕНТ ФИНАНС»","TASHKENT Sh., ""DIGITAL"" BRANCH OF ""ORIENT FINANCE"" CORPORATION",true,2025-10-23 05:59:24.929259 +00:00,2025-10-23 05:59:24.929271 +00:00,
1502,09057,"","TOSHKЕNT Sh., ""ORIYENT FINANS"" XATB TULOV MARKAZI","ТАШКЕНТ Ш., Письмо-колл-центр ""ОРИЕНТ ФИНАНС""","TASHKENT Sh., ""ORIENT FINANCE"" LETTER CALL CENTER",true,2025-10-23 05:59:24.939287 +00:00,2025-10-23 05:59:24.939300 +00:00,
1503,01205,"","TOSHKЕNT Sh., ""QIMMATLI QOG‘OZLARNING MARKAZIY DEPOZITARIYSI"" AKSIYADORLIK JAMIYATI","ТАШКЕНТСКОЕ Ш., АКЦИОНЕРНОЕ ОБЩЕСТВО «ЦЕНТРАЛЬНЫЙ ДЕПОЗИТАРИЙ ЦЕННЫХ БУМАГ»","TASHKENT Sh., JOINT STOCK COMPANY ""CENTRAL DEPOSITORY OF SECURITIES""",true,2025-10-23 05:59:24.951261 +00:00,2025-10-23 05:59:24.951277 +00:00,
1504,00821,"","TOSHKЕNT Sh., AT XALK BANKI SHAYXONTOXUR FILIALI","ШАЙКОНТОХУРСКИЙ ФИЛИАЛ ХАЛК БАНКА, ТАШКЕНТ Ш","SHAYKONTOKHUR BRANCH OF AT HULK BANK, TASHKENT Sh",true,2025-10-23 05:59:24.963204 +00:00,2025-10-23 05:59:24.963217 +00:00,
1505,00822,"","TOSHKЕNT Sh., AT XALK BANKI MIRZO ULUGBЕK FILIALI","В ХУЛК БАНКЕ МИРЗО УЛУГБЕКСКИЙ ФИЛИАЛ, ТАШКЕНТ Ш.","AT HULK BANK MIRZO ULUGBEK BRANCH, TASHKENT Sh",true,2025-10-23 05:59:24.977905 +00:00,2025-10-23 05:59:24.977919 +00:00,
1506,00823,"","TOSHKЕNT Sh., AT XALK BANKI YUNUSOBOD FILIALI","ТАШКЕНТСКОЕ Ш., У ХАЛК БАНКА ЮНУСОБАДСКИЙ ФИЛИАЛ","TASHKENT Sh., AT HULK BANK YUNUSOBAD BRANCH",true,2025-10-23 05:59:24.988306 +00:00,2025-10-23 05:59:24.988318 +00:00,
1507,00825,"","TOSHKЕNT Sh., AT XALK BANKI CHILONZOR FILIALI","В ЧИЛОНЗОРСКОМ ФИЛИАЛЕ HULK BANK, ТАШКЕНТ Ш.","AT HULK BANK CHILONZOR BRANCH, TASHKENT Sh",true,2025-10-23 05:59:24.998962 +00:00,2025-10-23 05:59:24.998974 +00:00,
1508,00826,"","TOSHKЕNT Sh., AT XALK BANKI SIRGALI FILIALI","В СИРГАЛИЙСКОМ ФИЛИАЛЕ HULK BANK, ТАШКЕНТ Ш.","AT HULK BANK SIRGALI BRANCH, TASHKENT Sh",true,2025-10-23 05:59:25.010007 +00:00,2025-10-23 05:59:25.010029 +00:00,
1509,00827,"","TOSHKЕNT Sh., AT XALK BANKI YASHNOBOD FILIALI",В ЯШНОБАДСКОМ ФИЛИАЛЕ ХАЛК БАНКА г. ТАШКЕНТ Ш.,"AT HALK BANK YASHNOBAD BRANCH, TASHKENT Sh",true,2025-10-23 05:59:25.029772 +00:00,2025-10-23 05:59:25.029791 +00:00,
1510,00829,"","TOSHKЕNT Sh., AT XALK BANKI UCHTЕPA FILIALI","В УХТЕПИНСКОМ ФИЛИАЛЕ ХУЛК БАНКА, ТАШКЕНТ Ш.","AT HULK BANK UHTEPA BRANCH, TASHKENT Sh",true,2025-10-23 05:59:25.040647 +00:00,2025-10-23 05:59:25.040665 +00:00,
1511,00830,"","TOSHKЕNT Sh., AT XALK BANKI BЕKTЕMIR FILIALI","В БЕКТЕМИРСКОМ ФИЛИАЛЕ ХУЛК БАНКА, ТАШКЕНТ Ш.","AT HULK BANK BEKTEMIR BRANCH, TASHKENT Sh",true,2025-10-23 05:59:25.052124 +00:00,2025-10-23 05:59:25.052142 +00:00,
1512,01132,"","TOSHKЕNT Sh., AT XALK BANKI TOSHKЕNT SHAXAR FILIALI AMALIYOT BULIMI",ОПЕРАЦИОННЫЙ ОТДЕЛ ТАШКЕНТСКОГО ГОРОДСКОГО ФИЛИАЛА ХАЛК БАНКА ТАШКЕНТ Ш.,OPERATIONAL DEPARTMENT OF TASHKENT CITY BRANCH AT HULK BANK TASHKENT Sh.,true,2025-10-23 05:59:25.064707 +00:00,2025-10-23 05:59:25.064722 +00:00,
1513,00074,"","ANDIJON Sh., ""TIF MILLIY BANKI"" AJ ANDIJON VILOYATI FILIALI","АНДИЖОН Ш., АО «ТИФ МИЛЛИЙ БАНК» АНДИЖОНСКИЙ ОБЛАСТНОЙ ФИЛИАЛ","ANDIJON Sh., ""TIF MILLIY BANK"" JSC ANDIJON REGIONAL BRANCH",true,2025-10-23 05:59:25.077464 +00:00,2025-10-23 05:59:25.077488 +00:00,
1514,00222,"","NAMANGAN Sh., ""TIF MILLIY BANKI"" AJ NAMANGAN VILOYATI FILIALI","НАМАНГАНСКИЙ Ш., НАМАНГАНСКИЙ ОБЛАСТНОЙ ФИЛИАЛ АО «ТИФ МИЛЛИЙ БАНК»","NAMANGAN Sh., NAMANGAN PROVINCE BRANCH OF ""TIF MILLIY BANK"" JSC",true,2025-10-23 05:59:25.091810 +00:00,2025-10-23 05:59:25.091825 +00:00,
1515,00493,"","FARGONA Sh., ""TIF MILLIY BANKI"" AJ FARGONA VILOYATI FILIALI","ФАРГОНА Ш., АО ""ТИФ МИЛЛИЙ БАНК"" ФАРГОНСКИЙ ОБЛАСТНОЙ ФИЛИАЛ","FARGONA Sh., ""TIF MILLIY BANK"" JSC FARGONA REGION BRANCH",true,2025-10-23 05:59:25.103447 +00:00,2025-10-23 05:59:25.103465 +00:00,
1516,00545,"","KUKON Sh., ""TIF MILLIY BANKI"" AJ KUKON FILIALI","КУКОН Ш., КУКОНСКИЙ ФИЛИАЛ АО «ТИФ МИЛЛИЙ БАНК»","KUKON Sh., KUKON BRANCH OF ""TIF MILLIY BANK"" JSC",true,2025-10-23 05:59:25.117045 +00:00,2025-10-23 05:59:25.117066 +00:00,
1517,00877,"","UYCHI T., ""TIF MILLIY BANKI"" AJ UYCHI FILIALI","УЙЧИ Т., АО «ТИФ МИЛЛИЙ БАНК» УЙЧИНСКИЙ ФИЛИАЛ","UYCHI T., ""TIF MILLIY BANK"" JSC UYCHI BRANCH",true,2025-10-23 05:59:25.134732 +00:00,2025-10-23 05:59:25.134762 +00:00,
1518,00881,"","UCHKURGON T., ""TIF MILLIY BANKI"" AJ UCHKURGON FILIALI","УЧКУРГОН Т., УЧКУРГОНСКИЙ ФИЛИАЛ АО «ТИФ МИЛЛИЙ БАНК»","UCHKURGON T., UCHKURGON BRANCH OF ""TIF MILLIY BANK"" JSC",true,2025-10-23 05:59:25.146718 +00:00,2025-10-23 05:59:25.146733 +00:00,
1519,00885,"","BЕSHARIK T., ""TIF MILLIY BANKI"" AJ BЕSHARIK FILIALI","БЕШАРИК Т., АО ""ТИФ МИЛЛИЙ БАНК"" БЕШАРИКСКИЙ ФИЛИАЛ","BESHARIK T., ""TIF MILLIY BANK"" JSC BESHARIK BRANCH",true,2025-10-23 05:59:25.158893 +00:00,2025-10-23 05:59:25.158912 +00:00,
1520,00886,"","KUVA T., ""TIF MILLIY BANKI"" AJ KUVA FILIALI","КУВА Т., КУВСКИЙ ФИЛИАЛ АО «ТИФ МИЛЛИЙ БАНК»","KUVA T., KUVA BRANCH OF ""TIF MILLIY BANK"" JSC",true,2025-10-23 05:59:25.172120 +00:00,2025-10-23 05:59:25.172143 +00:00,
1521,00893,"","ASAKA T., ""TIF MILLIY BANKI"" AJ ASAKA FILIALI","АСАКА Т., АСАКИНСКИЙ ФИЛИАЛ АО «ТИФ МИЛЛИЙ БАНК»","ASAKA T., ASAKA BRANCH OF ""TIF MILLIY BANK"" JSC",true,2025-10-23 05:59:25.195537 +00:00,2025-10-23 05:59:25.195557 +00:00,
1522,00932,"","CHORTOK T., ""TIF MILLIY BANKI"" AJ CHORTOK FILIALI","ЧОРТОК Т., АО ""ТИФ МИЛЛИЙ БАНК"" ЧОРТОКСКИЙ ФИЛИАЛ","CHORTOK T., ""TIF MILLIY BANK"" JSC CHORTOK BRANCH",true,2025-10-23 05:59:25.214583 +00:00,2025-10-23 05:59:25.214613 +00:00,
1523,00946,"","RISHTON T., ""TIF MILLIY BANKI"" AJ RISHTON FILIALI","РИШТОН Т., АО «ТИФ МИЛЛИЙ БАНК» РИШТОНСКИЙ ФИЛИАЛ","RISHTON T., ""TIF MILLIY BANK"" JSC RISHTON BRANCH",true,2025-10-23 05:59:25.229301 +00:00,2025-10-23 05:59:25.229336 +00:00,
1524,00955,"","MARXAMAT T., ""TIF MILLIY BANKI"" AJ MARXAMAT FILIALI","МАРХАМАТ Т., МАРХАМАТСКИЙ ФИЛИАЛ АО ""ТИФ МИЛЛИЙ БАНК""","MARKHAMAT T., MARKHAMAT BRANCH OF ""TIF MILLIY BANK"" JSC",true,2025-10-23 05:59:25.241121 +00:00,2025-10-23 05:59:25.241140 +00:00,
1525,01140,"","TOSHKЕNT Sh., ""AGROBANK"" ATB MARKAZIY AMALIYOTLAR BOSHKARMASI","ТАШКЕНТ Ш., «АГРОБАНК» ЦЕНТРАЛЬНЫЙ ОПЕРАЦИОННЫЙ ОТДЕЛ АТБ","TASHKENT Sh., ""AGROBANK"" ATB CENTRAL OPERATIONS DEPARTMENT",true,2025-10-23 05:59:25.252954 +00:00,2025-10-23 05:59:25.252974 +00:00,
1526,09004,"","TOSHKЕNT Sh., ""AGROBANK"" ATB XISOB-KITOB MARKAZI","ТАШКЕНТСКОЕ Ш., ""АГРОБАНК"" УЧЕТНЫЙ ЦЕНТР АТБ","TASHKENT Sh., ""AGROBANK"" ATB ACCOUNTING CENTER",true,2025-10-23 05:59:25.264404 +00:00,2025-10-23 05:59:25.264426 +00:00,
1527,00121,"","JIZZAX Sh., ""TIF MILLIY BANKI"" AJ JIZZAX VILOYATI FILIALI","ДЖИЗАКСКОЕ Ш., АО «ТИФ МИЛЛИЙ БАНК» ДЖИЗАКСКИЙ ОБЛАСТНОЙ ФИЛИАЛ","JIZZAK Sh., JSC ""TIF MILLIY BANK"" JIZZAK REGIONAL BRANCH",true,2025-10-23 05:59:25.275677 +00:00,2025-10-23 05:59:25.275693 +00:00,
1528,00278,"","SAMARKAND Sh., ""TIF MILLIY BANKI"" AJ SAMARKAND VILOYATI FILIALI","САМАРКАНДСКИЙ Ш., ФИЛИАЛ САМАРКАНДСКОЙ ОБЛАСТИ «ТИФ МИЛЛИЙ БАНК» АО","SAMARKAND Sh., BRANCH OF SAMARKAND REGION ""TIF MILLIY BANK"" JSC",true,2025-10-23 05:59:25.288808 +00:00,2025-10-23 05:59:25.288828 +00:00,
1529,00363,"","GULISTON Sh., ""TIF MILLIY BANKI"" AJ SIRDARYO VILOYATI FILIALI","ГУЛИСТОН Ш., АО ""ТИФ МИЛЛИЙ БАНК"" СЫРДАРЬИНСКИЙ ОБЛАСТНОЙ ФИЛИАЛ","GULISTON Sh., ""TIF MILLIY BANK"" JSC SIRDARYA REGIONAL BRANCH",true,2025-10-23 05:59:25.302899 +00:00,2025-10-23 05:59:25.302932 +00:00,
1530,00759,"","GULISTON Sh., AT XALK BANKI SIRDARYO VILOYAT FILIALI","ГУЛИСТОН Ш., В СЫРДАРЬИНСКОМ ОБЛАСТНОМ ФИЛИАЛЕ ХАЛК БАНКА","GULISTON Sh., AT HULK BANK SIRDARYA REGIONAL BRANCH",true,2025-10-23 05:59:25.319303 +00:00,2025-10-23 05:59:25.319332 +00:00,
1531,00760,"","SIRDARYO T., AT XALK BANKI SIRDARYO SHAXAR FILIALI","СИРДАРЁ Т., ХАЛК БАНКА СИРДАРЬИНСКИЙ ГОРОДСКОЙ ФИЛИАЛ","SIRDARYO T., AT HULK BANK SIRDARYO CITY BRANCH",true,2025-10-23 05:59:25.330215 +00:00,2025-10-23 05:59:25.330250 +00:00,
1532,00761,"","YANGIYER Sh., AT XALK BANKI YANGIYER FILIALI","ЯНГИЕР Ш., ЯНГЕРСКИЙ ФИЛИАЛ ХАЛК БАНКА","YANGIYER Sh., AT HALK BANK YANGYER BRANCH",true,2025-10-23 05:59:25.341697 +00:00,2025-10-23 05:59:25.341714 +00:00,
1533,00762,"","BOYOVUT T., AT XALK BANKI BOYOVUT FILIALI","БОЙОВУТ Т., БОЕВУТСКИЙ ФИЛИАЛ ХАЛК БАНКА","BOYOVUT T., AT HULK BANK BOYOVUT BRANCH",true,2025-10-23 05:59:25.354806 +00:00,2025-10-23 05:59:25.354825 +00:00,
1534,00763,"","SARDOBA T., AT XALK BANKI SARDOBA FILIALI","САРДОБА Т., В САРДОБИНСКОМ ФИЛИАЛЕ HULK BANK","SARDOBA T., AT HULK BANK SARDOBA BRANCH",true,2025-10-23 05:59:25.370203 +00:00,2025-10-23 05:59:25.370223 +00:00,
1535,00764,"","GULISTON T., AT XALK BANKI GULISTON FILIALI","ГУЛИСТОН Т., В ГУЛИСТОНСКОМ ФИЛИАЛЕ ХАЛК БАНКА","GULISTON T., AT HULK BANK GULISTON BRANCH",true,2025-10-23 05:59:25.385552 +00:00,2025-10-23 05:59:25.385583 +00:00,
1536,00765,"","SAYXUNOBOD T., AT XALK BANKI SAYXUNOBOD FILIALI","САЙХУНАБАД Т., В САЙХУНАБАДСКОМ ФИЛИАЛЕ ХАЛК БАНКА","SAIKHUNABAD T., AT HALK BANK SAIKHUNABAD BRANCH",true,2025-10-23 05:59:25.402536 +00:00,2025-10-23 05:59:25.402557 +00:00,
1537,00766,"","OKOLTIN T., AT XALK BANKI OKOLTIN FILIALI","ОКОЛТИН Т., В ОКОЛТИНСКОМ ФИЛИАЛЕ ХАЛК БАНКА","OKOLTIN T., AT HULK BANK OKOLTIN BRANCH",true,2025-10-23 05:59:25.426202 +00:00,2025-10-23 05:59:25.426222 +00:00,
1538,00767,"","MIRZAOBOD T., AT XALK BANKI MIRZAOBOD FILIALI","МИРЗААБАД Т., В МИРЗААБАДСКОМ ФИЛИАЛЕ ХАЛК БАНКА","MIRZAABAD T., AT HULK BANK MIRZAABAD BRANCH",true,2025-10-23 05:59:25.439626 +00:00,2025-10-23 05:59:25.439645 +00:00,
1539,00820,"","TOSHKЕNT Sh., AT XALK BANKI MIROBOD FILIALI","ТАШКЕНТСКОЕ Ш., В МИРОБАДСКОМ ФИЛИАЛЕ ХАЛК БАНКА","TASHKENT Sh., AT HULK BANK MIROBAD BRANCH",true,2025-10-23 05:59:25.451355 +00:00,2025-10-23 05:59:25.451368 +00:00,
1540,00865,"","URGUT T., ""TIF MILLIY BANKI"" AJ URGUT FILIALI","УРГУТ Т., ""ТИФ МИЛЛИЙ БАНК"" УРГУТСКИЙ ФИЛИАЛ","URGUT T., ""TIF MILLIY BANK"" URGUT BRANCH",true,2025-10-23 05:59:25.465178 +00:00,2025-10-23 05:59:25.465193 +00:00,
1541,00892,"","JIZZAX Sh., ""TIF MILLIY BANKI"" AJ INDUSTRIAL FILIALI","ДЖИЗАКСКОЕ Ш., ПРОИЗВОДСТВЕННЫЙ ФИЛИАЛ АО «ТИФ МИЛЛИЙ БАНКЫ».","JIZZAK SH., INDUSTRIAL BRANCH OF JSC ""TIF MILLIY BANKI"".",true,2025-10-23 05:59:25.476784 +00:00,2025-10-23 05:59:25.476803 +00:00,
1542,00913,"","JOMBOY T., ""TIF MILLIY BANKI"" AJ JOMBOY FILIALI","ДЖОМБОЙ Т., АО «ТИФ МИЛЛИЙ БАНК» ДЖОМБОЙСКИЙ ФИЛИАЛ","JOMBOY T., JSC ""TIF MILLIY BANK"" JOMBOY BRANCH",true,2025-10-23 05:59:25.489149 +00:00,2025-10-23 05:59:25.489161 +00:00,
1543,00916,"","MIRZACHUL T., ""TIF MILLIY BANKI"" AJ MIRZACHUL FILIALI","МИРЗАЧУЛ Т., АО «ТИФ МИЛЛИЙ БАНК» МИРЗАЧУЛЬСКИЙ ФИЛИАЛ","MIRZACHUL T., JSC ""TIF MILLIY BANK"" MIRZACHUL BRANCH",true,2025-10-23 05:59:25.500839 +00:00,2025-10-23 05:59:25.500855 +00:00,
1544,00941,"","PASTDARGOM T., ""TIF MILLIY BANKI"" AJ PASTDARGOM FILIALI","ПАСТДАРГОМ Т., АО ""ТИФ МИЛЛИЙ БАНК"" ПАСТДАРГОМСКИЙ ФИЛИАЛ","PASTDARGOM T., ""TIF MILLIY BANK"" JSC PASTDARGOM BRANCH",true,2025-10-23 05:59:25.513195 +00:00,2025-10-23 05:59:25.513215 +00:00,
1545,01112,"","SAMARKAND Sh., ""TIF MILLIY BANKI"" AJ RЕGISTON FILIALI","РЕГИСТОННЫЙ ФИЛИАЛ ""ТИФ МИЛЛИЙ БАНК"" АО РЕГИСТОН Ш., САМАРКАНД Ш.","REGISTON BRANCH ""TIF MILLIY BANK"" JSC REGISTON Sh., SAMARKAND Sh",true,2025-10-23 05:59:25.529582 +00:00,2025-10-23 05:59:25.529599 +00:00,
1546,01146,"","XOVOS T., AT XALK BANKI XOVOS FILIALI","ХОВОС Т., В ХОВОССКОМ ФИЛИАЛЕ ХАЛК БАНКА","KHOVOS T., AT HULK BANK KHOVOS BRANCH",true,2025-10-23 05:59:25.542659 +00:00,2025-10-23 05:59:25.542679 +00:00,
1547,00084,"","BUXORO Sh., ""TIF MILLIY BANKI"" AJ BUXORO VILOYATI FILIALI","БУХАРСКОЕ Ш., АО ""ТИФ МИЛЛИЙ БАНК"" БУХАРСКИЙ ОБЛАСТНОЙ ФИЛИАЛ","BUKHARA Sh., ""TIF MILLIY BANK"" JSC BUKHARA REGIONAL BRANCH",true,2025-10-23 05:59:25.554592 +00:00,2025-10-23 05:59:25.554609 +00:00,
1548,00150,"","KARSHI Sh., ""TIF MILLIY BANKI"" AJ KASHKADARYO VILOYATI FILIALI","КАРШИНСКИЙ Ш., КАШКАДАРЬИНСКИЙ ОБЛАСТНОЙ ФИЛИАЛ АО ""ТИФ МИЛЛИЙ БАНК""","KARSHI Sh., KASHKADARYA REGIONAL BRANCH OF ""TIF MILLIY BANK"" JSC",true,2025-10-23 05:59:25.566420 +00:00,2025-10-23 05:59:25.566437 +00:00,
1549,00191,"","SHAXRISABZ Sh., ""TIF MILLIY BANKI"" AJ SHAXRISABZ FILIALI","ШАКРИСАБЗ Ш., АО ""ТИФ МИЛЛИЙ БАНКЫ"" ШАКРИСАБЗСКИЙ ФИЛИАЛ","SHAKRISABZ Sh., ""TIF MILLIY BANKI"" JSC SHAKRISABZ BRANCH",true,2025-10-23 05:59:25.580332 +00:00,2025-10-23 05:59:25.580352 +00:00,
1550,00196,"","NAVOIY Sh., ""TIF MILLIY BANKI"" AJ NAVOIY VILOYATI FILIALI","НАВОИ Ш., НАВОИЙСКИЙ ОБЛАСТНОЙ ФИЛИАЛ АО ""ТИФ МИЛЛИЙ БАНК""","NAVOI Sh., NAVOI REGIONAL BRANCH OF ""TIF MILLIY BANK"" JSC",true,2025-10-23 05:59:25.593482 +00:00,2025-10-23 05:59:25.593500 +00:00,
1551,00204,"","ZARAFSHON Sh., ""TIF MILLIY BANKI"" AJ ZARAFSHON FILIALI","ЗАРАФШОНСКОЕ Ш., АО ""ТИФ МИЛЛИЙ БАНК"" ЗАРАФШОНСКИЙ ФИЛИАЛ","ZARAFSHON Sh., JSC ""TIF MILLIY BANK"" ZARAFSHON BRANCH",true,2025-10-23 05:59:25.604854 +00:00,2025-10-23 05:59:25.604873 +00:00,
1552,00324,"","TЕRMIZ Sh., ""TIF MILLIY BANKI"" AJ SURXONDARYO VILOYATI FILIALI","ТЕРМИЗ Ш., АО «ТИФ МИЛЛИЙ БАНК» СУРХАНДАРЬИНСКИЙ ОБЛАСТНОЙ ФИЛИАЛ","TERMIZ Sh., ""TIF MILLIY BANK"" JSC SURKHANDARYO REGIONAL BRANCH",true,2025-10-23 05:59:25.616663 +00:00,2025-10-23 05:59:25.616679 +00:00,
1553,00547,"","URGANCH Sh., ""TIF MILLIY BANKI"" AJ XORAZM VILOYATI FILIALI","УРГАНЧ Ш., ""ТИФ МИЛЛИЙ БАНК"" ХОРАЗМСКИЙ ОБЛАСТНОЙ ФИЛИАЛ","URGANCH Sh., ""TIF MILLIY BANK"" KHORAZM REGIONAL BRANCH",true,2025-10-23 05:59:25.629040 +00:00,2025-10-23 05:59:25.629056 +00:00,
1554,00582,"","NUKUS Sh., ""TIF MILLIY BANKI"" AJ KORAKALPOGISTON RЕSPUBLIKASI FILIALI","НУКУС Ш., ФИЛИАЛ РЕСПУБЛИКИ КОРАКАЛПОГИСТОН АО «ТИФ МИЛЛИЙ БАНК».","NUKUS Sh., BRANCH OF THE REPUBLIC OF KORAKALPOGISTON JSC ""TIF MILLIY BANK"".",true,2025-10-23 05:59:25.645196 +00:00,2025-10-23 05:59:25.645211 +00:00,
1555,00675,"","ZOMIN T., AT XALK BANKI ZOMIN FILIALI","ЗАМИН Т., В ОТДЕЛЕНИИ HULK BANK ZAMIN","ZAMIN T., AT HULK BANK ZAMIN BRANCH",true,2025-10-23 05:59:25.661017 +00:00,2025-10-23 05:59:25.661039 +00:00,
1556,00676,"","JIZZAX Sh., AT XALK BANKI JIZZAX VILOYAT FILIALI","ДЖИЗАК Ш., В ДЖИЗАКСКОМ ОБЛАСТНОМ ФИЛИАЛЕ ХАЛК БАНКА","JIZZAK Sh., AT HULK BANK JIZZAK REGIONAL BRANCH",true,2025-10-23 05:59:25.672575 +00:00,2025-10-23 05:59:25.672588 +00:00,
1557,00677,"","GALLAOROL T., AT XALK BANKI GALLAOROL FILIALI","ГАЛЛАОРОЛ Т., В ОТДЕЛЕНИИ ГАЛЛАОРОЛ БАНКА ХАЛК","GALLAOROL T., AT HULK BANK GALLAOROL BRANCH",true,2025-10-23 05:59:25.684338 +00:00,2025-10-23 05:59:25.684350 +00:00,
1558,00678,"","FORISH T., AT XALK BANKI FORISH FILIALI","ФОРИШ Т., ОТДЕЛЕНИЕ ФОРИШ БАНКА ХАЛК","FORISH T., AT HULK BANK FORISH BRANCH",true,2025-10-23 05:59:25.696795 +00:00,2025-10-23 05:59:25.696817 +00:00,
1559,00679,"","MIRZACHUL T., AT XALK BANKI MIRZACHUL FILIALI","МИРЗАЧУЛ Т., В ХАЛК БАНКЕ МИРЗАЧУЛЬСКИЙ ФИЛИАЛ","MIRZACHUL T., AT HALK BANK MIRZACHUL BRANCH",true,2025-10-23 05:59:25.707885 +00:00,2025-10-23 05:59:25.707897 +00:00,
1560,00680,"","PAXTAKOR T., AT XALK BANKI PAXTAKOR FILIALI","ПАХТАКОР Т., В ПАХТАКОРСКОМ ФИЛИАЛЕ ХАЛК БАНКА","PAKHTAKOR T., AT HULK BANK PAKHTAKOR BRANCH",true,2025-10-23 05:59:25.719263 +00:00,2025-10-23 05:59:25.719293 +00:00,
1561,00681,"","BAXMAL T., AT XALK BANKI BAXMAL FILIALI","БАХМАЛ Т., В БАХМАЛЬСКОМ ФИЛИАЛЕ ХАЛК БАНКА","BAKHMAL T., AT HALK BANK BAKHMAL BRANCH",true,2025-10-23 05:59:25.733649 +00:00,2025-10-23 05:59:25.733666 +00:00,
1562,00682,"","DUSTLIK T., AT XALK BANKI DUSTLIK FILIALI","ДУСТЛИК Т., В ФИЛИАЛЕ ДУСТЛИК БАНКА ХАЛК","DUSTLIK T., AT HULK BANK DUSTLIK BRANCH",true,2025-10-23 05:59:25.745178 +00:00,2025-10-23 05:59:25.745192 +00:00,
1563,00683,"","ARNASOY T., AT XALK BANKI ARNASOY FILIALI","АРНАСОЙ Т., ОТДЕЛЕНИЕ АРНАСОЙ БАНКА ХАЛК","ARNASOY T., AT HULK BANK ARNASOY BRANCH",true,2025-10-23 05:59:25.759467 +00:00,2025-10-23 05:59:25.759482 +00:00,
1564,00684,"","Sh.RASHIDOV T., AT XALK BANKI UCHTЕPA FILIALI","Ш. РАШИДОВ Т., В УХТЕПИНСКОМ ФИЛИАЛЕ ХАЛК БАНКА","SH. RASHIDOV T., AT HULK BANK UHTEPA BRANCH",true,2025-10-23 05:59:25.770510 +00:00,2025-10-23 05:59:25.770525 +00:00,
1565,00685,"","ZARBDOR T., AT XALK BANKI ZARBDOR FILIALI","ЗАРБДОР Т., ЗАРБДОРСКИЙ ФИЛИАЛ ХАЛК БАНКА","ZARBDOR T., AT HULK BANK ZARBDOR BRANCH",true,2025-10-23 05:59:25.787390 +00:00,2025-10-23 05:59:25.787408 +00:00,
1566,00686,"","ZAFAROBOD T., AT XALK BANKI ZAFAROBOD FILIALI","ЗАФАРАБАД Т., ЗАФАРАБАДСКИЙ ФИЛИАЛ ХАЛК БАНКА","ZAFARABAD T., AT HALK BANK ZAFARABAD BRANCH",true,2025-10-23 05:59:25.800014 +00:00,2025-10-23 05:59:25.800034 +00:00,
1567,00702,"","NUROTA Sh., AT XALK BANKI NUROTA FILIALI","НУРОТА Ш., НУРОТИНСКИЙ ФИЛИАЛ HULK BANK","NUROTA Sh., AT HULK BANK NUROTA BRANCH",true,2025-10-23 05:59:25.813078 +00:00,2025-10-23 05:59:25.813094 +00:00,
1568,00703,"","KARMANA T., AT XALK BANKI NAVOIY VILOYAT FILIALI","КАРМАНА Т., В НАВОВСКОМ ОБЛАСТНОМ ОТДЕЛЕНИИ НАРОДНОГО БАНКА","KARMANA T., AT PEOPLE'S BANK NAVOVY REGIONAL BRANCH",true,2025-10-23 05:59:25.834316 +00:00,2025-10-23 05:59:25.834336 +00:00,
1569,00704,"","XATIRCHI T., AT XALK BANKI XATIRCHI FILIALI","ХАТРЧИ Т., В ХАЛК-БАНКЕ ХАТРЧИНСКИЙ ФИЛИАЛ","KHATRCHI T., AT HALK BANK KHATRCHI BRANCH",true,2025-10-23 05:59:25.849130 +00:00,2025-10-23 05:59:25.849154 +00:00,
1570,00706,"","KIZILTЕPA T., AT XALK BANKI KIZILTЕPA FILIALI","КИЗИЛТЕПА Т., В КИЗИЛТЕПИНСКОМ ФИЛИАЛЕ ХАЛК БАНКА","KIZILTEPA T., AT HULK BANK KIZILTEPA BRANCH",true,2025-10-23 05:59:25.867683 +00:00,2025-10-23 05:59:25.867699 +00:00,
1571,00709,"","ZARAFSHON Sh., AT XALK BANKI ZARAFSHON FILIALI","ЗАРАФШОН Ш., В ЗАРАФШОНСКОМ ФИЛИАЛЕ ХАЛК БАНКА","ZARAFSHON Sh., AT HULK BANK ZARAFSHON BRANCH",true,2025-10-23 05:59:25.878575 +00:00,2025-10-23 05:59:25.878588 +00:00,
1572,00710,"","NAVBAXOR T., AT XALK BANKI NAVBAXOR FILIALI","НАВБАХАР Т., НАВБАХАРСКИЙ ФИЛИАЛ ХАЛК БАНКА","NAVBAKHAR T., AT HULK BANK NAVBAKHAR BRANCH",true,2025-10-23 05:59:25.891532 +00:00,2025-10-23 05:59:25.891545 +00:00,
1573,00845,"","DЕNOV T., ""TIF MILLIY BANKI"" AJ DЕNOV FILIALI","ДЕНОВ Т., АО ""ТИФ МИЛЛИЙ БАНК"" ФИЛИАЛ ДЕНОВ","DENOV T., ""TIF MILLIY BANK"" JSC DENOV BRANCH",true,2025-10-23 05:59:25.904084 +00:00,2025-10-23 05:59:25.904098 +00:00,
1574,00846,"","TURTKUL T., ""TIF MILLIY BANKI"" AJ TURTKUL FILIALI","ТУРТКУЛЬ Т., АО ""ТИФ МИЛЛИЙ БАНК"" ТУРТКУЛЬСКИЙ ФИЛИАЛ","TURTKUL T., ""TIF MILLIY BANK"" JSC TURTKUL BRANCH",true,2025-10-23 05:59:25.919333 +00:00,2025-10-23 05:59:25.919348 +00:00,
1575,00849,"","GIJDUVON T., ""TIF MILLIY BANKI"" AJ GIJDUVON FILIALI","ГИЖДУВОН Т., ГИДОВОНСКИЙ ФИЛИАЛ АО «ТИФ МИЛЛИЙ БАНК».","GIJDUVON T., GIJDUVON BRANCH OF JSC ""TIF MILLIY BANK"".",true,2025-10-23 05:59:25.936803 +00:00,2025-10-23 05:59:25.936820 +00:00,
1576,00860,"","XAZORASP T., ""TIF MILLIY BANKI"" AJ XAZORASP FILIALI","ХАЗОРАСП Т., АО ""ТИФ МИЛЛИЙ БАНК"" ХАЗОРАСПСКИЙ ФИЛИАЛ","KHAZORASP T., ""TIF MILLIY BANK"" JSC KHAZORASP BRANCH",true,2025-10-23 05:59:25.949629 +00:00,2025-10-23 05:59:25.949645 +00:00,
1577,00880,"","UCHKUDUK T., ""TIF MILLIY BANKI"" AJ UCHKUDUK FILIALI","УЧКУДУК Т., УЧКУДУКСКИЙ ФИЛИАЛ АО «ТИФ МИЛЛИЙ БАНК»","UCHKUDUK T., UCHKUDUK BRANCH OF ""TIF MILLIY BANK"" JSC",true,2025-10-23 05:59:25.968056 +00:00,2025-10-23 05:59:25.968070 +00:00,
1578,00888,"","KUNGIROT T., ""TIF MILLIY BANKI"" AJ KUNGIROT FILIALI","КУНГИРОТ Т., ""ТИФ МИЛЛИЙ БАНК"" КУНГИРОТСКИЙ ФИЛИАЛ","KUNGIROT T., ""TIF MILLIY BANK"" KUNGIROT BRANCH",true,2025-10-23 05:59:25.982035 +00:00,2025-10-23 05:59:25.982055 +00:00,
1579,00899,"","KOGON Sh., ""TIF MILLIY BANKI"" AJ KOGON FILIALI","КОГОН Ш., АО «ТИФ МИЛЛИЙ БАНК» КОГОНСКИЙ ФИЛИАЛ","KOGON Sh., ""TIF MILLIY BANK"" JSC KOGON BRANCH",true,2025-10-23 05:59:25.995416 +00:00,2025-10-23 05:59:25.995433 +00:00,
1580,00907,"","SHOVOT T., ""TIF MILLIY BANKI"" AJ SHOVOT FILIALI","ШОВОТ Т., АО ""ТИФ МИЛЛИЙ БАНК"" ШОВОТСКИЙ ФИЛИАЛ","SHOVOT T., ""TIF MILLIY BANK"" JSC SHOVOT BRANCH",true,2025-10-23 05:59:26.007344 +00:00,2025-10-23 05:59:26.007359 +00:00,
1581,00910,"","KORAKUL T., ""TIF MILLIY BANKI"" AJ KORAKUL FILIALI","КОРАКУЛ Т., КОРАКУЛЬСКИЙ ФИЛИАЛ АО «ТИФ МИЛЛИЙ БАНК»","KORAKUL T., KORAKUL BRANCH OF ""TIF MILLIY BANK"" JSC",true,2025-10-23 05:59:26.018182 +00:00,2025-10-23 05:59:26.018196 +00:00,
1582,00914,"","KUMKURGON T., ""TIF MILLIY BANKI"" AJ KUMKURGON FILIALI","КУМКУРГОН Т., КУМКУРГОНСКИЙ ФИЛИАЛ АО «ТИФ МИЛЛИЙ БАНК»","KUMKURGON T., KUMKURGON BRANCH OF ""TIF MILLIY BANK"" JSC",true,2025-10-23 05:59:26.031108 +00:00,2025-10-23 05:59:26.031121 +00:00,
1583,00915,"","XONKA T., ""TIF MILLIY BANKI"" AJ XONKA FILIALI","ХОНКА Т., КОНКИНСКИЙ ФИЛИАЛ АО ""ТИФ МИЛЛИЙ БАНК""","KHONKA T., KONKA BRANCH OF ""TIF MILLIY BANK"" JSC",true,2025-10-23 05:59:26.042114 +00:00,2025-10-23 05:59:26.042130 +00:00,
1584,00943,"","ROMITAN T., ""TIF MILLIY BANKI"" AJ ROMITAN FILIALI","РОМИТАН Т., РОМИТАНСКИЙ ФИЛИАЛ АО ""ТИФ МИЛЛИЙ БАНК""","ROMITAN T., ROMITAN BRANCH OF ""TIF MILLIY BANK"" JSC",true,2025-10-23 05:59:26.055518 +00:00,2025-10-23 05:59:26.055542 +00:00,
1585,00945,"","KIZILTЕPA T., ""TIF MILLIY BANKI"" AJ KIZILTЕPA FILIALI","КИЗИЛТЕПА Т., КИЗИЛТЕПИНСКИЙ ФИЛИАЛ АО «ТИФ МИЛЛИЙ БАНК»","KIZILTEPA T., KIZILTEPA BRANCH OF ""TIF MILLIY BANK"" JSC",true,2025-10-23 05:59:26.067945 +00:00,2025-10-23 05:59:26.067967 +00:00,
1586,01094,"","KARMANA T., ""TIF MILLIY BANKI"" AJ MALIKRABOT FILIALI","КАРМАНА Т., МАЛИКРАБОТ ФИЛИАЛ АО «ТИФ МИЛЛИЙ БАНК»","KARMANA T., MALIKRABOT BRANCH OF ""TIF MILLIY BANK"" JSC",true,2025-10-23 05:59:26.083249 +00:00,2025-10-23 05:59:26.083267 +00:00,
1587,01158,"","TOSHKЕNT Sh., ""KAPITALBANK"" AT BANKINING YAGONA FILIALI","ТАШКЕНТСКОЕ Ш., ОДИН ФИЛИАЛ ""КАПИТАЛБАНК"" ПРИ БАНКЕ","TASHKENT Sh., SINGLE BRANCH OF ""KAPITALBANK"" AT BANK",true,2025-10-23 05:59:26.096660 +00:00,2025-10-23 05:59:26.096680 +00:00,
1588,01150,"","TOSHKЕNT Sh., ""AVO BANK"" AKSIYADORLIK JAMIYATI","ТАШКЕНТСКОЕ Ш., АКЦИОНЕРНОЕ ОБЩЕСТВО ""АВО БАНК""","TASHKENT Sh., ""AVO BANK"" JOINT STOCK COMPANY",true,2025-10-23 05:59:26.109923 +00:00,2025-10-23 05:59:26.109953 +00:00,
1589,00455,"","TOSHKЕNT Sh., ""MIKROKRЕDITBANK"" ATB TOSHKЕNT VILOYATI FILIALI","ТАШКЕНТСКОЕ Ш., «МИКРОКРЕДИТБАНК» АТБ ТАШКЕНТСКИЙ ОБЛАСТНОЙ ФИЛИАЛ","TASHKENT Sh., ""MIKROKREDITBANK"" ATB TASHKENT REGIONAL BRANCH",true,2025-10-23 05:59:26.122351 +00:00,2025-10-23 05:59:26.122371 +00:00,
1590,00473,"","PSKЕNT T., ""MIKROKRЕDITBANK"" ATB PSKЕNT FILIALI","ПСКЕНТ Т., «МИКРОКРЕДИТБАНК» АТБ ПСКЕНТСКИЙ ФИЛИАЛ","PSKENT T., ""MICROKREDITBANK"" ATB PSKENT BRANCH",true,2025-10-23 05:59:26.135641 +00:00,2025-10-23 05:59:26.135662 +00:00,
1591,00483,"","PARKЕNT T., ""MIKROKRЕDITBANK"" ATB PARKЕNT FILIALI","ПАРКЕНТ Т., «МИКРОКРЕДИТБАНК» АТБ ПАРКЕНТСКИЙ ФИЛИАЛ","PARKENT T., ""MIKROKREDITBANK"" ATB PARKENT BRANCH",true,2025-10-23 05:59:26.147388 +00:00,2025-10-23 05:59:26.147406 +00:00,
1592,01204,"","TOSHKЕNT Sh., ""YEVROOSIYO BANKI"" AKSIYADORLIK JAMIYATI","ТАШКЕНТСКИЙ Ш., АКЦИОНЕРНОЕ ОБЩЕСТВО «ЕВРОАСИЁ БАНК».","TASHKENT Sh., JOINT STOCK COMPANY ""EUROASIYO BANK"".",true,2025-10-23 05:59:26.161623 +00:00,2025-10-23 05:59:26.161643 +00:00,
1593,00407,"","TOSHKЕNT Sh., ""TIF MILLIY BANKI"" AJ BOSH AMALIYOT FILIALI","ТАШКЕНТСКОЕ Ш., АО ""ТИФ МИЛЛИЙ БАНК"" ГЛАВНЫЙ ОПЕРАЦИОННЫЙ ФИЛИАЛ","TASHKENT Sh., ""TIF MILLIY BANK"" JSC MAIN OPERATIONAL BRANCH",true,2025-10-23 05:59:26.173375 +00:00,2025-10-23 05:59:26.173393 +00:00,
1594,00431,"","TOSHKЕNT Sh., ""TIF MILLIY BANKI"" AJ AKADЕMIYA FILIALI","ТАШКЕНТСКОЕ Ш., ФИЛИАЛ АКАДЕМИИ АО «ТИФ МИЛЛИЙ БАНК»","TASHKENT Sh., ACADEMY BRANCH OF ""TIF MILLIY BANK"" JSC",true,2025-10-23 05:59:26.188050 +00:00,2025-10-23 05:59:26.188070 +00:00,
1595,00451,"","TOSHKЕNT Sh., ""TIF MILLIY BANKI"" AJ TOSHKЕNT SHAXAR BOSH BOSHKARMASI FILIALI","ТАШКЕНТСКОЕ Ш., АО ""ТИФ МИЛЛИЙ БАНКЫ"" ТАШКЕНТСКИЙ ГОРОДСКОЙ ГОЛОВНОЙ ФИЛИАЛ","TASHKENT Sh., ""TIF MILLIY BANKI"" JSC TASHKENT CITY HEAD OFFICE BRANCH",true,2025-10-23 05:59:26.200502 +00:00,2025-10-23 05:59:26.200526 +00:00,
1596,00491,"","TOSHKЕNT Sh., ""TRASTBANK"" XA BANKINING BOSH OFISI","ГОЛОВНОЙ ОФИС ТРАСТБАНК ХА БАНК, ТАШКЕНТ Ш","HEAD OFFICE OF TRUSTBANK XA BANK, TASHKENT Sh",true,2025-10-23 05:59:26.216072 +00:00,2025-10-23 05:59:26.216099 +00:00,
1597,00836,"","TOSHKЕNT Sh., ""TIF MILLIY BANKI"" AJ YUNUSOBOD FILIALI","ТАШКЕНТСКОЕ Ш., АО «ТИФ МИЛЛИЙ БАНК» ЮНУСОБАДСКИЙ ФИЛИАЛ","TASHKENT SH., JSC ""TIF MILLIY BANK"" YUNUSOBAD BRANCH",true,2025-10-23 05:59:26.229457 +00:00,2025-10-23 05:59:26.229484 +00:00,
1598,00847,"","TOSHKЕNT Sh., ""TIF MILLIY BANKI"" AJ YASHNOBOD FILIALI","ТАШКЕНТСКОЕ Ш., ""ТИФ МИЛЛИЙ БАНК"" ЯШНОБАДСКИЙ ФИЛИАЛ","TASHKENT Sh., ""TIF MILLIY BANK"" YASHNOBAD BRANCH",true,2025-10-23 05:59:26.243600 +00:00,2025-10-23 05:59:26.243626 +00:00,
1599,00850,"","TOSHKЕNT Sh., ""TRASTBANK"" XA BANKINING TOSHKЕNT FILIALI","ТАШКЕНТСКОЕ Ш., ТАШКЕНТСКИЙ ФИЛИАЛ БАНКА «ТРАСТБАНК»","TASHKENT Sh., TASHKENT BRANCH OF ""TRASTBANK"" BANK",true,2025-10-23 05:59:26.256345 +00:00,2025-10-23 05:59:26.256370 +00:00,
1600,00869,"","TOSHKЕNT Sh., ""TIF MILLIY BANKI"" AJ SЕRGЕLI FILIALI","ТАШКЕНТСКОЕ Ш., АО ""ТИФ МИЛЛИЙ БАНК"" СЕРГЕЛИЙСКИЙ ФИЛИАЛ","TASHKENT Sh., ""TIF MILLIY BANK"" JSC SERGELI BRANCH",true,2025-10-23 05:59:26.270146 +00:00,2025-10-23 05:59:26.270172 +00:00,
1601,00870,"","TOSHKЕNT Sh., ""TIF MILLIY BANKI"" AJ YAKKASAROY FILIALI","ТАШКЕНТСКОЕ Ш., АО ""ТИФ МИЛЛИЙ БАНК"" ЯККАСАРОЙСКИЙ ФИЛИАЛ","TASHKENT Sh., ""TIF MILLIY BANK"" JSC YAKKASAROY BRANCH",true,2025-10-23 05:59:26.283002 +00:00,2025-10-23 05:59:26.283029 +00:00,
1602,00875,"","TOSHKЕNT Sh., ""TIF MILLIY BANKI"" AJ MIROBOD FILIALI","ТАШКЕНТСКОЕ Ш., АО ""ТИФ МИЛЛИЙ БАНК"" МИРОБАДСКИЙ ФИЛИАЛ","TASHKENT Sh., ""TIF MILLIY BANK"" JSC MIROBAD BRANCH",true,2025-10-23 05:59:26.295150 +00:00,2025-10-23 05:59:26.295168 +00:00,
1603,00876,"","TOSHKЕNT Sh., ""TIF MILLIY BANKI"" AJ OLMAZOR FILIALI","ТАШКЕНТСКОЕ Ш., АО ""ТИФ МИЛЛИЙ БАНК"" АЛМАЗОРСКИЙ ФИЛИАЛ","TASHKENT Sh., ""TIF MILLIY BANK"" JSC ALMAZOR BRANCH",true,2025-10-23 05:59:26.308925 +00:00,2025-10-23 05:59:26.308953 +00:00,
1604,00882,"","TOSHKЕNT Sh., ""TIF MILLIY BANKI"" AJ MARKAZIY AMALIYOT FILIALI","ТАШКЕНТСКИЙ Ш., ЦЕНТРАЛЬНЫЙ ОПЕРАЦИОННЫЙ ФИЛИАЛ АО «ТИФ МИЛЛИЙ БАНК»","TASHKENT Sh., CENTRAL OPERATIONAL BRANCH OF ""TIF MILLIY BANK"" JSC",true,2025-10-23 05:59:26.322758 +00:00,2025-10-23 05:59:26.322789 +00:00,
1605,00895,"","TOSHKЕNT Sh., ""TIF MILLIY BANKI"" AJ MIRZO ULUGBЕK FILIALI","ТАШКЕНТСКОЕ Ш., АО ""ТИФ МИЛЛИЙ БАНК"" МИРЗО УЛУГБЕКСКИЙ ФИЛИАЛ","TASHKENT Sh., ""TIF MILLIY BANK"" JSC MIRZO ULUGBEK BRANCH",true,2025-10-23 05:59:26.334981 +00:00,2025-10-23 05:59:26.335004 +00:00,
1606,00905,"","TOSHKЕNT Sh., ""TIF MILLIY BANKI"" AJ SAYOXAT FILIALI","ТАШКЕНТСКОЕ Ш., ТУРИСТИЧЕСКИЙ ФИЛИАЛ АО «ТИФ МИЛЛИЙ БАНК»","TASHKENT Sh., TRAVEL BRANCH OF ""TIF MILLIY BANK"" JSC",true,2025-10-23 05:59:26.347065 +00:00,2025-10-23 05:59:26.347093 +00:00,
1607,00918,"","TOSHKЕNT Sh., ""TIF MILLIY BANKI"" AJ UCHTЕPA FILIALI","ТАШКЕНТСКОЕ Ш., АО ""ТИФ МИЛЛИЙ БАНКЫ"" УЧТЕПИНСКИЙ ФИЛИАЛ","TASHKENT Sh., ""TIF MILLIY BANKI"" JSC UCHTEPA BRANCH",true,2025-10-23 05:59:26.358057 +00:00,2025-10-23 05:59:26.358079 +00:00,
1608,00930,"","TOSHKЕNT Sh., ""TIF MILLIY BANKI"" AJ BЕKTЕMIR FILIALI","ТАШКЕНТСКОЕ Ш., АО ""ТИФ МИЛЛИЙ БАНК"" БЕКТЕМИРСКИЙ ФИЛИАЛ","TASHKENT Sh., ""TIF MILLIY BANK"" JSC BEKTEMIR BRANCH",true,2025-10-23 05:59:26.371098 +00:00,2025-10-23 05:59:26.371125 +00:00,
1609,00954,"","TOSHKЕNT Sh., ""TRASTBANK"" XA BANKINING DARXON FILIALI","ДАРХАНСКИЙ ФИЛИАЛ БАНКА ""ТРАСТБАНК"" г.ТАШКЕНТ Ш.","DARKHAN BRANCH OF ""TRASTBANK"" BANK, TASHKENT Sh",true,2025-10-23 05:59:26.383282 +00:00,2025-10-23 05:59:26.383314 +00:00,
1610,01060,"","NAMANGAN Sh., ""TRASTBANK"" XA BANKINING NAMANGAN FILIALI","НАМАНГАНСКИЙ Ш., НАМАНГАНСКИЙ ФИЛИАЛ ТРАСТБАНК ХА БАНК","NAMANGAN Sh., NAMANGAN BRANCH OF TRUSTBANK XA BANK",true,2025-10-23 05:59:26.395495 +00:00,2025-10-23 05:59:26.395520 +00:00,
1611,01063,"","TЕRMIZ Sh., ""TRASTBANK"" XA BANKINING TЕRMIZ FILIALI","ТЕРМИЗ Ш., ТЕРМИЗСКИЙ ФИЛИАЛ ТРАСТБАНК ХА БАНК","TERMIZ Sh., TERMIZ BRANCH OF TRUSTBANK XA BANK",true,2025-10-23 05:59:26.407647 +00:00,2025-10-23 05:59:26.407668 +00:00,
1612,01074,"","ANDIJON Sh., ""TRASTBANK"" XA BANKINING ANDIJON FILIALI","АНДИЖОН Ш., АНДИЖОНСКИЙ ФИЛИАЛ БАНКА «ТРАСТБАНК»","ANDIJON Sh., ANDIJON BRANCH OF ""TRUSTBANK"" BANK",true,2025-10-23 05:59:26.424707 +00:00,2025-10-23 05:59:26.424732 +00:00,
1613,01077,"","TOSHKЕNT Sh., ""TIF MILLIY BANKI"" AJ YANGIOBOD FILIALI","ТАШКЕНТСКОЕ Ш., АО ""ТИФ МИЛЛИЙ БАНК"" ЯНГИАБАДСКИЙ ФИЛИАЛ","TASHKENT Sh., JSC ""TIF MILLIY BANK"" YANGIABAD BRANCH",true,2025-10-23 05:59:26.437018 +00:00,2025-10-23 05:59:26.437039 +00:00,
1614,01097,"","SAMARKAND Sh., ""TRASTBANK"" XA BANKINING SAMARKAND FILIALI","САМАРКАНДСКИЙ Ш., САМАРКАНДСКИЙ ФИЛИАЛ ТРАСТБАНК ХА БАНК","SAMARKAND Sh., SAMARKAND BRANCH OF TRUSTBANK XA BANK",true,2025-10-23 05:59:26.448604 +00:00,2025-10-23 05:59:26.448623 +00:00,
1615,01098,"","TOSHKЕNT Sh., ""TRASTBANK"" XA BANKINING YAKKASAROY FILIALI","ТАШКЕНТСКОЕ Ш., ЯККАСАРОЙСКИЙ ФИЛИАЛ БАНКА ""ТРАСТБАНК""","TASHKENT Sh., YAKKASAROY BRANCH OF ""TRUSTBANK"" BANK",true,2025-10-23 05:59:26.458442 +00:00,2025-10-23 05:59:26.458459 +00:00,
1616,01109,"","KARSHI Sh., ""TRASTBANK"" XA BANKINING KARSHI FILIALI","КАРШИНСКОЕ Ш., КАРШИНСКИЙ ФИЛИАЛ ТРАСТБАНК ХА БАНК","KARSHI Sh., KARSHI BRANCH OF TRUSTBANK XA BANK",true,2025-10-23 05:59:26.468276 +00:00,2025-10-23 05:59:26.468290 +00:00,
1617,01123,"","FARGONA Sh., ""TRASTBANK"" XA BANKINING FARGONA FILIALI","ФАРГОНА Ш., ФАРГОНСКИЙ ФИЛИАЛ ТРАСТБАНК ХА БАНК","FARGONA Sh., FARGONA BRANCH OF TRUSTBANK XA BANK",true,2025-10-23 05:59:26.478144 +00:00,2025-10-23 05:59:26.478159 +00:00,
1618,01147,"","TOSHKЕNT Sh., ""MIKROKRЕDITBANK"" ATB KORASAROY FILIALI","ТАШКЕНТСКОЕ Ш., «МИКРОКРЕДИТБАНК» АТБ КОРАСАРАЙСКИЙ ФИЛИАЛ","TASHKENT Sh., ""MIKROKREDITBANK"" ATB KORASARAY BRANCH",true,2025-10-23 05:59:26.488146 +00:00,2025-10-23 05:59:26.488161 +00:00,
1619,01166,"","JIZZAX Sh., ""TRASTBANK"" XA BANKINING JIZZAX FILIALI","ДЖИЗАКСКОЕ Ш., ДЖИЗАКСКИЙ ФИЛИАЛ ТРАСТБАНК ХА БАНК","JIZZAK Sh., JIZZAK BRANCH OF TRUSTBANK XA BANK",true,2025-10-23 05:59:26.514143 +00:00,2025-10-23 05:59:26.514166 +00:00,
1620,01187,"","BUXORO Sh., ""TRASTBANK"" XA BANKI BUXORO FILIALI","БУХАРСКОЕ Ш., БУХАРСКИЙ ФИЛИАЛ ТРАСТБАНК ХА БАНК","BUKHARA Sh., BUKHARA BRANCH OF TRUSTBANK XA BANK",true,2025-10-23 05:59:26.534019 +00:00,2025-10-23 05:59:26.534042 +00:00,
1621,01192,"","TOSHKЕNT Sh., ""TRASTBANK"" XA BANKI BЕKTЕMIR FILIALI",БЕКТЕМИРСКИЙ ФИЛИАЛ БАНКА «ТРАСТБАНК» г.ТАШКЕНТ Ш.,"BEKTEMIR BRANCH OF ""TRUSTBANK"" BANK, TASHKENT Sh",true,2025-10-23 05:59:26.546709 +00:00,2025-10-23 05:59:26.546728 +00:00,
1622,01200,"","TOSHKЕNT Sh., ""TRASTBANK"" XA BANKI ""RAKAMLI"" FILIALI","""ЦИФРОВОЙ"" ФИЛИАЛ БАНКА ""ТРАСТБАНК"" г. ТАШКЕНТ Ш.","""DIGITAL"" BRANCH OF ""TRUSTBANK"" BANK, TASHKENT Sh",true,2025-10-23 05:59:26.558370 +00:00,2025-10-23 05:59:26.558387 +00:00,
1623,09030,"","TOSHKЕNT Sh., ""TRASTBANK"" XA BANKINING TULOV MARKAZI","ТАШКЕНТСКОЕ Ш., ""ТРАСТБАНК"" ХА ПЛАТЕЖНЫЙ ЦЕНТР БАНКА","TASHKENT Sh., ""TRUSTBANK"" XA BANK'S PAYMENT CENTER",true,2025-10-23 05:59:26.571123 +00:00,2025-10-23 05:59:26.571139 +00:00,
1624,00725,"","KATTAKURGON Sh., AT XALK BANKI KATTAKURGON FILIALI","У КАТТАКУРГОНСКОГО Ш., НА КАТТАКУРГОНСКИЙ ФИЛИАЛ","KATTAKURGON Sh., AT KATTAKURGON BRANCH OF THE PEOPLE'S BANK",true,2025-10-23 05:59:26.582620 +00:00,2025-10-23 05:59:26.582635 +00:00,
1625,00726,"","PAYARIK T., AT XALK BANKI PAYARIK FILIALI","ПАЯРИК Т., В ПАЯРИКОМ ФИЛИАЛЕ ХАЛК БАНКА","PAYARIK T., AT HULK BANK PAYARIK BRANCH",true,2025-10-23 05:59:26.592349 +00:00,2025-10-23 05:59:26.592366 +00:00,
1626,00727,"","BULUNGUR T., AT XALK BANKI BULUNGUR FILIALI","БУЛУНГУР Т., В БУЛУНГУРСКОМ ФИЛИАЛЕ ХАЛК БАНКА","BULUNGUR T., AT HULK BANK BULUNGUR BRANCH",true,2025-10-23 05:59:26.603025 +00:00,2025-10-23 05:59:26.603040 +00:00,
1627,00728,"","OKDARYO T., AT XALK BANKI OKDARYO FILIALI","ОКДАРЁ Т., ОКДАРЁВСКИЙ ФИЛИАЛ ХАЛК БАНКА","OKDARYO T., AT HULK BANK OKDARYO BRANCH",true,2025-10-23 05:59:26.613903 +00:00,2025-10-23 05:59:26.613917 +00:00,
1628,00729,"","PASTDARGOM T., AT XALK BANKI PASTDARGOM FILIALI","ПАСТДАРГОМ Т., ПАСТДАРГОМСКИЙ ФИЛИАЛ ХАЛК БАНКА","PASTDARGOM T., AT HULK BANK PASTDARGOM BRANCH",true,2025-10-23 05:59:26.648715 +00:00,2025-10-23 05:59:26.648735 +00:00,
1629,00730,"","URGUT T., AT XALK BANKI URGUT FILIALI","УРГУТ Т., В УРГУТСКОМ ФИЛИАЛЕ ХАЛК БАНКА","URGUT T., AT HULK BANK URGUT BRANCH",true,2025-10-23 05:59:26.660580 +00:00,2025-10-23 05:59:26.660600 +00:00,
1630,00731,"","NARPAY T., AT XALK BANKI NARPAY FILIALI","НАРПАЙ Т., В ОТДЕЛЕНИИ HULK BANK NARPAY","NARPAY T., AT HULK BANK NARPAY BRANCH",true,2025-10-23 05:59:26.670900 +00:00,2025-10-23 05:59:26.670916 +00:00,
1631,00732,"","JOMBOY T., AT XALK BANKI JOMBOY FILIALI","ДЖОМБОЙ Т., ОТДЕЛЕНИЕ ХАЛК БАНКА В ДЖОМБОЕ","JOMBOY T., AT HULK BANK JOMBOY BRANCH",true,2025-10-23 05:59:26.682825 +00:00,2025-10-23 05:59:26.682841 +00:00,
1632,00733,"","PAXTACHI T., AT XALK BANKI PAXTACHI FILIALI","ПАХТАЧИ Т., ОТДЕЛЕНИЕ НАРОДНОГО БАНКА В ПахТАЧИ","PAHTACHI T., BRANCH OF THE PEOPLE'S BANK AT PAHTACHI",true,2025-10-23 05:59:26.697218 +00:00,2025-10-23 05:59:26.697239 +00:00,
1633,00734,"","SAMARKAND T., AT XALK BANKI SAMARKAND FILIALI","САМАРКАНД Т., В САМАРКАНДСКОМ ФИЛИАЛЕ ХАЛК БАНКА","SAMARKAND T., AT HALK BANK SAMARKAND BRANCH",true,2025-10-23 05:59:26.710169 +00:00,2025-10-23 05:59:26.710191 +00:00,
1634,00735,"","ISHTIXON T., AT XALK BANKI ISHTIXON FILIALI","ИШТИХАН Т., В ХАЛК-БАНКЕ ИШТИХАНСКИЙ ФИЛИАЛ","ISHTIKHAN T., AT HALK BANK ISHTIKHAN BRANCH",true,2025-10-23 05:59:26.720655 +00:00,2025-10-23 05:59:26.720674 +00:00,
1635,00737,"","KATTAKURGON T., AT XALK BANKI PAYSHANBA FILIALI","КАТТАКУРГОН Т., В ЧЕТВЕРГОВОМ ОТДЕЛЕНИИ НАРОДНОГО БАНКА","KATTAKURGON T., AT PEOPLE'S BANK THURSDAY BRANCH",true,2025-10-23 05:59:26.733719 +00:00,2025-10-23 05:59:26.733744 +00:00,
1636,00739,"","KUSHRABOD T., AT XALK BANKI KUSHRABOD FILIALI","КУШРАБАД Т., В КУШРАБАДСКОМ ФИЛИАЛЕ ХАЛК БАНКА","KUSHRABAD T., AT HULK BANK KUSHRABAD BRANCH",true,2025-10-23 05:59:26.754009 +00:00,2025-10-23 05:59:26.754037 +00:00,
1637,00740,"","NUROBOD T., AT XALK BANKI NUROBOD FILIALI","НУРОБАД Т., В НУРОБАДСКОМ ФИЛИАЛЕ ХАЛК БАНКА","NUROBAD T., AT HULK BANK NUROBAD BRANCH",true,2025-10-23 05:59:26.783093 +00:00,2025-10-23 05:59:26.783113 +00:00,
1638,00742,"","TOYLOK T., AT XALK BANKI TOYLOK FILIALI","ТОЙЛОК Т., ТОЙЛОКСКИЙ ФИЛИАЛ ХАЛК БАНКА","TOYLOK T., AT HULK BANK TOYLOK BRANCH",true,2025-10-23 05:59:26.796836 +00:00,2025-10-23 05:59:26.796876 +00:00,
1639,00808,"","URGANCH Sh., AT XALK BANKI XORAZM VILOYAT FILIALI","УРГАНЧ Ш., ХУЛК БАНКА ХОРАЗМСКИЙ ОБЛАСТНОЙ ФИЛИАЛ","URGANCH Sh., AT HULK BANK KHORAZM REGIONAL BRANCH",true,2025-10-23 05:59:26.809235 +00:00,2025-10-23 05:59:26.809257 +00:00,
1640,00809,"","GURLAN T., AT XALK BANKI GURLAN FILIALI","ГУРЛАН Т., В ГУРЛАНСКОМ ФИЛИАЛЕ HULK BANK","GURLAN T., AT HULK BANK GURLAN BRANCH",true,2025-10-23 05:59:26.823091 +00:00,2025-10-23 05:59:26.823109 +00:00,
1641,00810,"","SHOVOT T., AT XALK BANKI SHOVOT FILIALI","ШОВОТ Т., В ШОВОТСКОМ ФИЛИАЛЕ ХАЛК БАНКА","SHOVOT T., AT HULK BANK SHOVOT BRANCH",true,2025-10-23 05:59:26.836089 +00:00,2025-10-23 05:59:26.836105 +00:00,
1642,00811,"","XIVA Sh., AT XALK BANKI XIVA FILIALI","КСИВА Ш., В ХАЛК БАНКЕ, ФИЛИАЛ XIVA","XIVA Sh., AT HULK BANK XIVA BRANCH",true,2025-10-23 05:59:26.849303 +00:00,2025-10-23 05:59:26.849319 +00:00,
1643,00812,"","XONKA T., AT XALK BANKI XONKA FILIALI","ХОНКА Т., В ФИЛИАЛЕ ХАЛК БАНКА ХОНКА","KHONKA T., AT HULK BANK KHONKA BRANCH",true,2025-10-23 05:59:26.861445 +00:00,2025-10-23 05:59:26.861462 +00:00,
1644,00813,"","XOZARaSP T., AT XALK BANKI XOZARASP FILIALI","ХОЗАРАСП Т., В ХАЛК БАНКЕ ФИЛИАЛ «ХОЗАРАСП»","KHOZARASP T., AT HULK BANK KHOZARASP BRANCH",true,2025-10-23 05:59:26.895862 +00:00,2025-10-23 05:59:26.895889 +00:00,
1645,00814,"","YANGIARIK T., AT XALK BANKI YANGIARIK FILIALI","ЯНГИАРИК Т., ЯНГИАРИКСКИЙ ФИЛИАЛ ХАЛК БАНКА","YANGIARIK T., AT HULK BANK YANGIARIK BRANCH",true,2025-10-23 05:59:26.911113 +00:00,2025-10-23 05:59:26.911133 +00:00,
1646,00815,"","KUSHKUPIR T., AT XALK BANKI KUSHKUPIR FILIALI","КУШКУПИР Т., В КУШКУПИРСКОМ ФИЛИАЛЕ ХАЛК БАНКА","KUSHKUPIR T., AT HULK BANK KUSHKUPIR BRANCH",true,2025-10-23 05:59:26.922687 +00:00,2025-10-23 05:59:26.922705 +00:00,
1647,00816,"","BOGOT T., AT XALK BANKI BOGOT FILIALI","БОГОТ Т., БОГОТСКИЙ ФИЛИАЛ HALK BANK","BOGOT T., AT HALK BANK BOGOT BRANCH",true,2025-10-23 05:59:26.935523 +00:00,2025-10-23 05:59:26.935546 +00:00,
1648,00817,"","URGANCH T., AT XALK BANKI KORAUL FILIALI","УРГАНЧ Т., В КОРАУЛЬСКОМ ФИЛИАЛЕ ХАЛК БАНКА","URGANCH T., AT HULK BANK KORAUL BRANCH",true,2025-10-23 05:59:26.948385 +00:00,2025-10-23 05:59:26.948410 +00:00,
1649,00818,"","TUPROKKAL’A T., AT XALK BANKI PITNAK FILIALI","ТУПРОККАЛЯ Т., В ПИТНАКСКОМ ОТДЕЛЕНИИ НАРОДНОГО БАНКА","TUPROKKAL'A T., AT PITNAK BRANCH OF THE PEOPLE'S BANK",true,2025-10-23 05:59:26.961282 +00:00,2025-10-23 05:59:26.961306 +00:00,
1650,00819,"","YANGIBOZOR T., AT XALK BANKI YANGIBOZOR FILIALI","ЯНГИБОЗОР Т., В ЯНГИБОЗОРСКОМ ФИЛИАЛЕ ХАЛК БАНКА","YANGIBOZOR T., AT HULK BANK YANGIBOZOR BRANCH",true,2025-10-23 05:59:26.973983 +00:00,2025-10-23 05:59:26.974001 +00:00,
1651,01005,"","SAMARKAND Sh., AT XALK BANKI SAMARKAND VILOYAT FILIALI","САМАРКАНД Ш., В САМАРКАНДСКОМ ОБЛАСТНОМ ФИЛИАЛЕ HULK BANK","SAMARKAND Sh., AT HULK BANK SAMARKAND REGIONAL BRANCH",true,2025-10-23 05:59:26.986592 +00:00,2025-10-23 05:59:26.986618 +00:00,
1652,00401,"","TOSHKЕNT Sh., AT ""ALOKABANK"" BOSH OFISI","В ГОЛОВНОМ ОФИСЕ ""АЛОКАБАНКА"" Г. ТАШКЕНТ Ш.","AT ""ALOKABANK"" HEAD OFFICE, TASHKENT Sh",true,2025-10-23 05:59:27.014414 +00:00,2025-10-23 05:59:27.014436 +00:00,
1653,00116,"","BUXORO Sh., AT XALK BANKI BUXORO VILOYAT FILIALI","БУХАРА Ш., В БУХАРСКОМ ОБЛАСТНОМ ФИЛИАЛЕ HULK BANK","BUKHARA Sh., AT HULK BANK BUKHARA REGIONAL BRANCH",true,2025-10-23 05:59:27.027382 +00:00,2025-10-23 05:59:27.027402 +00:00,
1654,00665,"","KOGON Sh., AT XALK BANKI KOGON FILIALI","КОГОН Ш., В ХАЛК БАНКЕ КОГОНСКИЙ ФИЛИАЛ","KOGON Sh., AT HULK BANK KOGON BRANCH",true,2025-10-23 05:59:27.040416 +00:00,2025-10-23 05:59:27.040439 +00:00,
1655,00666,"","GIJDUVON T., AT XALK BANKI GIJDUVON FILIALI","ГИЖДУВОН Т., В ГИДУВОНСКОМ ФИЛИАЛЕ HULK BANK","GIJDUVON T., AT HULK BANK GIJDUVON BRANCH",true,2025-10-23 05:59:27.052417 +00:00,2025-10-23 05:59:27.052439 +00:00,
1656,00667,"","KORAKUL T., AT XALK BANKI KORAKUL FILIALI","КОРАКУЛ Т., В КОРАКУЛЬСКОМ ФИЛИАЛЕ ХАЛК БАНКА","KORAKUL T., AT HULK BANK KORAKUL BRANCH",true,2025-10-23 05:59:27.065343 +00:00,2025-10-23 05:59:27.065368 +00:00,
1657,00668,"","VOBKЕNT T., AT XALK BANKI VOBKЕNT FILIALI","ВОБКЕНТ Т., ВОБКЕНТСКИЙ ФИЛИАЛ ХАЛК БАНКА","VOBKENT T., AT HULK BANK VOBKENT BRANCH",true,2025-10-23 05:59:27.085572 +00:00,2025-10-23 05:59:27.085599 +00:00,
1658,00669,"","ROMITAN T., AT XALK BANKI ROMITON FILIALI","РОМИТАН Т., ФИЛИАЛ «РОМИТОН» БАНКА ХАЛК","ROMITAN T., AT HULK BANK ROMITON BRANCH",true,2025-10-23 05:59:27.106428 +00:00,2025-10-23 05:59:27.106461 +00:00,
1659,00670,"","SHOFIRKON T., AT XALK BANKI SHOFIRKON FILIALI","ШОФИРКОН Т., ШОФИРКОНСКИЙ ФИЛИАЛ ХАЛК БАНКА","SHOFIRKON T., AT HULK BANK SHOFIRKON BRANCH",true,2025-10-23 05:59:27.128123 +00:00,2025-10-23 05:59:27.128143 +00:00,
1660,00671,"","JONDOR T., AT XALK BANKI JONDOR FILIALI","ДЖОНДОР Т., ХАЛК-БАНК, ДЖОНДОРСКИЙ ФИЛИАЛ","JONDOR T., AT HULK BANK JONDOR BRANCH",true,2025-10-23 05:59:27.143311 +00:00,2025-10-23 05:59:27.143330 +00:00,
1661,00672,"","BUXORO T., AT XALK BANKI GALAOSIYO FILIALI","БУХАРА Т., В ГАЛАОСИЙСКОМ ФИЛИАЛЕ ХАЛК БАНКА","BUKHARA T., AT HALK BANK GALAOSIYA BRANCH",true,2025-10-23 05:59:27.155832 +00:00,2025-10-23 05:59:27.155849 +00:00,
1662,00673,"","OLOT T., AT XALK BANKI OLOT FILIALI","ОЛОТ Т., ОЛОТСКИЙ ФИЛИАЛ ХАЛК БАНКА","OLOT T., AT HULK BANK OLOT BRANCH",true,2025-10-23 05:59:27.170493 +00:00,2025-10-23 05:59:27.170512 +00:00,
1663,00674,"","PЕSHKU T., AT XALK BANKI PЕSHKU FILIALI","ПЕШКУ Т., В ПЕШКУНСКОМ ФИЛИАЛЕ ХАЛК БАНКА","PESHKU T., AT HULK BANK PESHKU BRANCH",true,2025-10-23 05:59:27.184169 +00:00,2025-10-23 05:59:27.184190 +00:00,
1664,00497,"","FARGONA Sh., AT XALK BANKI FARGONA VILOYAT FILIALI","ФАРГОНА Ш., ФАРГОНСКИЙ ОБЛАСТНОЙ ФИЛИАЛ HULK BANK","FARGONA Sh., AT HULK BANK FARGONA REGIONAL BRANCH",true,2025-10-23 05:59:27.196904 +00:00,2025-10-23 05:59:27.196929 +00:00,
1665,00711,"","NAMANGAN Sh., AT XALK BANKI NAMANGAN VILOYAT FILIALI","НАМАНГАН Ш., У ХАЛК БАНКА НАМАНГАНСКИЙ ОБЛАСТНОЙ ФИЛИАЛ","NAMANGAN Sh., AT HULK BANK NAMANGAN REGIONAL BRANCH",true,2025-10-23 05:59:27.211762 +00:00,2025-10-23 05:59:27.211798 +00:00,
1666,00712,"","YANGIKURGON T., AT XALK BANKI YANGIKURGON FILIALI","ЯНГИКУРГОН Т., У ХАЛК БАНКА ЯНГИКУРГОНСКИЙ ФИЛИАЛ","YANGIKURGON T., AT HULK BANK YANGIKURGON BRANCH",true,2025-10-23 05:59:27.229616 +00:00,2025-10-23 05:59:27.229642 +00:00,
1667,00713,"","MINGBULOK T., AT XALK BANKI MINGBULOK FILIALI","МИНБУЛОК Т., В ОТДЕЛЕНИИ ХАЛК БАНКА МИНБУЛОК","MINGBULOK T., AT HULK BANK MINGBULOK BRANCH",true,2025-10-23 05:59:27.250180 +00:00,2025-10-23 05:59:27.250207 +00:00,
1668,00714,"","POP T., AT XALK BANKI POP FILIALI","ПОП Т., ОТДЕЛЕНИЕ ПОП НАРОДНОГО БАНКА","POP T., AT PEOPLE'S BANK POP BRANCH",true,2025-10-23 05:59:27.263536 +00:00,2025-10-23 05:59:27.263563 +00:00,
1669,00715,"","CHUST T., AT XALK BANKI CHUST FILIALI","ЧАСТ Т., ЧАСТСКИЙ ФИЛИАЛ ХАЛК БАНКА","CHUST T., AT HULK BANK CHUST BRANCH",true,2025-10-23 05:59:27.280342 +00:00,2025-10-23 05:59:27.280366 +00:00,
1670,00716,"","UYCHI T., AT XALK BANKI UYCHI FILIALI","УЙЧИ Т., В УЙЧИНСКОМ ФИЛИАЛЕ ХАЛК БАНКА","UYCHI T., AT HULK BANK UYCHI BRANCH",true,2025-10-23 05:59:27.296792 +00:00,2025-10-23 05:59:27.296817 +00:00,
1671,00717,"","UCHKURGON T., AT XALK BANKI UCHKURGON FILIALI","УЧКУРГОН Т., У ХАЛК БАНКА УЧКУРГОНСКИЙ ФИЛИАЛ","UCHKURGON T., AT HULK BANK UCHKURGON BRANCH",true,2025-10-23 05:59:27.311610 +00:00,2025-10-23 05:59:27.311634 +00:00,
1672,00718,"","KOSONSOY T., AT XALK BANKI KOSONSOY FILIALI","КОСОНСОЙ Т., В ХАЛК БАНКЕ КОСОНСОЙ ФИЛИАЛ","KOSONSOY T., AT HULK BANK KOSONSOY BRANCH",true,2025-10-23 05:59:27.324054 +00:00,2025-10-23 05:59:27.324075 +00:00,
1673,00719,"","TURAKURGON T., AT XALK BANKI TURAKURGON FILIALI","ТУРАКУРГОН Т., В ТУРАКУРГОНСКОМ ФИЛИАЛЕ ХАЛК БАНКА","TURAKURGON T., AT HULK BANK TURAKURGON BRANCH",true,2025-10-23 05:59:27.338705 +00:00,2025-10-23 05:59:27.338725 +00:00,
1674,00720,"","NAMANGAN T., AT XALK BANKI TOSHBULOK FILIALI","НАМАНГАН Т., В ТАШБУЛОКСКОМ ФИЛИАЛЕ НАРОДНОГО БАНКА","NAMANGAN T., AT PEOPLE'S BANK TASHBULOK BRANCH",true,2025-10-23 05:59:27.359380 +00:00,2025-10-23 05:59:27.359413 +00:00,
1675,00721,"","CHORTOK T., AT XALK BANKI CHORTOK FILIALI","ЧОРТОК Т., ЧОРТОКОВСКИЙ ФИЛИАЛ В ХАЛК БАНКЕ","CHORTOK T., CHORTOK BRANCH AT HULK BANK",true,2025-10-23 05:59:27.371304 +00:00,2025-10-23 05:59:27.371321 +00:00,
1676,00722,"","NORIN T., AT XALK BANKI NORIN FILIALI","НОРИН Т., ОТДЕЛЕНИЕ HULK BANK NORIN","NORIN T., AT HULK BANK NORIN BRANCH",true,2025-10-23 05:59:27.385283 +00:00,2025-10-23 05:59:27.385304 +00:00,
1677,00789,"","KUKON Sh., AT XALK BANKI KUKON FILIALI","КУКОН Ш., В КУКОНСКОМ ФИЛИАЛЕ ХАЛК БАНКА","KUKON Sh., AT HULK BANK KUKON BRANCH",true,2025-10-23 05:59:27.397413 +00:00,2025-10-23 05:59:27.397434 +00:00,
1678,00790,"","MARGILON Sh., AT XALK BANKI MARGILON FILIALI","МАРГИЛОН Ш., В МАРГИЛОНСКОМ ФИЛИАЛЕ HULK BANK","MARGILON Sh., AT HULK BANK MARGILON BRANCH",true,2025-10-23 05:59:27.409788 +00:00,2025-10-23 05:59:27.409809 +00:00,
1679,00792,"","UZBЕKISTON T., AT XALK BANKI UZBЕKISTON FILIALI","УЗБЕКИСТАН Т., В УЗБЕКИСТАНСКОМ ФИЛИАЛЕ ХАЛК БАНКА","UZBEKISTAN T., AT HULK BANK UZBEKISTAN BRANCH",true,2025-10-23 05:59:27.424246 +00:00,2025-10-23 05:59:27.424296 +00:00,
1680,00794,"","BOGDOD T., AT XALK BANKI BOGDOD FILIALI","БАГДАД Т., БАГДАДСКИЙ ФИЛИАЛ HALK BANK","BAGHDAD T., AT HALK BANK BAGHDAD BRANCH",true,2025-10-23 05:59:27.438938 +00:00,2025-10-23 05:59:27.438959 +00:00,
1681,00795,"","RISHTON T., AT XALK BANKI RISHTON FILIALI","РИШТОН Т., РИШТОНСКИЙ ФИЛИАЛ ХАЛК БАНКА","RISHTON T., AT HULK BANK RISHTON BRANCH",true,2025-10-23 05:59:27.455987 +00:00,2025-10-23 05:59:27.456010 +00:00,
1682,00796,"","OLTIARIK T., AT XALK BANKI OLTIARIK FILIALI","ОЛТИАРИК Т., АЛТИАРИКСКИЙ ФИЛИАЛ НАРОДНОГО БАНКА","OLTIARIK T., AT ALTIARIK BRANCH OF THE PEOPLE'S BANK",true,2025-10-23 05:59:27.471553 +00:00,2025-10-23 05:59:27.471573 +00:00,
1683,00797,"","BЕSHARIK T., AT XALK BANKI BЕSHARIK FILIALI","БЕШАРИК Т., В БЕШАРИКСКОМ ФИЛИАЛЕ ХАЛК БАНКА","BESHARIK T., AT HALK BANK BESHARIK BRANCH",true,2025-10-23 05:59:27.483660 +00:00,2025-10-23 05:59:27.483677 +00:00,
1684,00798,"","TOSHLOK T., AT XALK BANKI TOSHLOK FILIALI","ТАШЛОК Т., В ТАШЛОКСКОМ ФИЛИАЛЕ ХАЛК БАНКА","TASHLOK T., AT HALK BANK TASHLOK BRANCH",true,2025-10-23 05:59:27.498541 +00:00,2025-10-23 05:59:27.498565 +00:00,
1685,00799,"","KUVA T., AT XALK BANKI KUVA FILIALI","КУВА Т., В КУВСКОМ ФИЛИАЛЕ ХАЛК БАНКА","KUVA T., AT HULK BANK KUVA BRANCH",true,2025-10-23 05:59:27.515072 +00:00,2025-10-23 05:59:27.515097 +00:00,
1686,00800,"","DANGARA T., AT XALK BANKI DANGARA FILIALI","ДАНГАРА Т., ДАНГАРСКИЙ ФИЛИАЛ ХАЛК БАНКА","DANGARA T., AT HULK BANK DANGARA BRANCH",true,2025-10-23 05:59:27.530446 +00:00,2025-10-23 05:59:27.530470 +00:00,
1687,00801,"","FARGONA T., AT XALK BANKI VODIL FILIALI","ФАРГОНА Т., В ВАДИЛЬСКОМ ФИЛИАЛЕ HULK BANK","FARGONA T., AT HULK BANK VADIL BRANCH",true,2025-10-23 05:59:27.543603 +00:00,2025-10-23 05:59:27.543620 +00:00,
1688,00802,"","KUVASOY Sh., AT XALK BANKI KUVASOY FILIALI","КУВАСОЙ Ш., У ХАЛК БАНКА КУВАСОЙ ФИЛИАЛ","KUVASOY Sh., AT HULK BANK KUVASOY BRANCH",true,2025-10-23 05:59:27.556677 +00:00,2025-10-23 05:59:27.556694 +00:00,
1689,00803,"","KUSHTЕPA T., AT XALK BANKI KUSHTЕPA FILIALI","КУШТЕПА Т., В КУШТЕПИНСКОМ ФИЛИАЛЕ ХАЛК БАНКА","KUSHTEPA T., AT HULK BANK KUSHTEPA BRANCH",true,2025-10-23 05:59:27.573008 +00:00,2025-10-23 05:59:27.573042 +00:00,
1690,00804,"","UCHKUPRIK T., AT XALK BANKI UCHKUPRIK FILIALI","УЧКУПРИК Т., В ХАЛК БАНКЕ УЧКУПРИКСКИЙ ФИЛИАЛ","UCHKUPRIK T., AT HULK BANK UCHKUPRIK BRANCH",true,2025-10-23 05:59:27.585697 +00:00,2025-10-23 05:59:27.585716 +00:00,
1691,00805,"","YOZYOVON T., AT XALK BANKI YOZYOVON FILIALI","ЁЗЁВОН Т., В ЁЗЁВОНСКОМ ФИЛИАЛЕ ХАЛК БАНКА","YOZYOVON T., AT HULK BANK YOZYOVON BRANCH",true,2025-10-23 05:59:27.597219 +00:00,2025-10-23 05:59:27.597255 +00:00,
1692,00806,"","SUX T., AT XALK BANKI SUX FILIALI","СУКС Т., ФИЛИАЛ САКС БАНКА ХАЛК","SUX T., AT HULK BANK SUX BRANCH",true,2025-10-23 05:59:27.608944 +00:00,2025-10-23 05:59:27.608963 +00:00,
1693,00807,"","FURKAT T., AT XALK BANKI FURKAT FILIALI","ФУРКАТ Т., ФУРКАТСКИЙ ФИЛИАЛ ХАЛК БАНКА","FURKAT T., AT HULK BANK FURKAT BRANCH",true,2025-10-23 05:59:27.619565 +00:00,2025-10-23 05:59:27.619584 +00:00,
1694,00081,"","ANDIJON Sh., ""GARANT BANK"" AJ ANDIJON SHAXAR FILIALI","АНДИЖОН Ш., АО «ГАРАНТ БАНК» АНДИЖОНСКИЙ ГОРОДСКОЙ ФИЛИАЛ","ANDIJON Sh., ""GARANT BANK"" JSC ANDIJON CITY BRANCH",true,2025-10-23 05:59:27.630194 +00:00,2025-10-23 05:59:27.630212 +00:00,
1695,00112,"","BUXORO Sh., ""GARANT BANK"" AJ BUXORO SHAXAR FILIALI","БУХАРСКИЙ ГОРОДСКОЙ ФИЛИАЛ, АО «ГАРАНТ БАНК» БУХАРА","BUKHARA CITY BRANCH, JSC ""GARANT BANK"" BUKHARA",true,2025-10-23 05:59:27.643216 +00:00,2025-10-23 05:59:27.643233 +00:00,
1696,00286,"","SAMARKAND Sh., ""GARANT BANK"" AJ SAMARKAND SHAXAR FILIALI","САМАРКАНДСКИЙ Ш., САМАРКАНДСКИЙ ГОРОДСКОЙ ФИЛИАЛ АО «ГАРАНТ БАНК»","SAMARKAND Sh., SAMARKAND CITY BRANCH OF ""GARANT BANK"" JSC",true,2025-10-23 05:59:27.658342 +00:00,2025-10-23 05:59:27.658365 +00:00,
1697,00311,"","ISHTIXON T., ""GARANT BANK"" AJ ISHTIXON FILIALI","ИШТИХОН Т., АО «ГАРАНТ БАНК» ИШТИХОНСКИЙ ФИЛИАЛ","ISHTIKHON T., ""GARANT BANK"" JSC ISHTIKHON BRANCH",true,2025-10-23 05:59:27.680668 +00:00,2025-10-23 05:59:27.680689 +00:00,
1698,00410,"","KIBRAY T., ""GARANT BANK"" AJ KIBRAY FILIALI","КИБРАЙ Т., АО «ГАРАНТ БАНК» КИБРАЙСКИЙ ФИЛИАЛ","KIBRAY T., ""GARANT BANK"" JSC KIBRAY BRANCH",true,2025-10-23 05:59:27.693727 +00:00,2025-10-23 05:59:27.693749 +00:00,
1699,00414,"","ZANGIOTA T., ""GARANT BANK"" AJ ZANGIOTA FILIALI","ЗАНГИОТА Т., АО ""ГАРАНТ БАНК"" ЗАНГИОТСКИЙ ФИЛИАЛ","ZANGIOTA T., ""GARANT BANK"" JSC ZANGIOTA BRANCH",true,2025-10-23 05:59:27.707738 +00:00,2025-10-23 05:59:27.707762 +00:00,
1700,00418,"","BUSTONLIK T., ""GARANT BANK"" AJ GAZALKЕNT FILIALI","БУСТОНЛИК Т., АО ""ГАРАНТ БАНК"" ГАЗАЛКЕНТСКИЙ ФИЛИАЛ","BUSTONLIK T., ""GARANT BANK"" JSC GAZALKENT BRANCH",true,2025-10-23 05:59:27.723133 +00:00,2025-10-23 05:59:27.723161 +00:00,
1701,00500,"","FARGONA Sh.,""GARANT BANK"" AJ FARGONA SHAXAR FILIALI","ФАРГОНА Ш. АО ""ГАРАНТ БАНК"" ФАРГОНСКИЙ ГОРОДСКОЙ ФИЛИАЛ","FARGONA Sh. ""GARANT BANK"" JSC FARGONA CITY BRANCH",true,2025-10-23 05:59:27.737261 +00:00,2025-10-23 05:59:27.737282 +00:00,
1702,00552,"","URGANCH Sh., ""GARANT BANK"" AJ URGANCH SHAXAR FILIALI","УРГАНЧ Ш., АО ""ГАРАНТ БАНК"" УРГАНЧСКИЙ ГОРОДСКОЙ ФИЛИАЛ","URGANCH SH., ""GARANT BANK"" JSC URGANCH CITY BRANCH",true,2025-10-23 05:59:27.750415 +00:00,2025-10-23 05:59:27.750434 +00:00,
1703,00835,"","TOSHKЕNT Sh., ""GARANT BANK"" AJ CHINOR FILIALI","АО ""ГАРАНТ БАНК"" САМОЛЕТНЫЙ ФИЛИАЛ, ТАШКЕНТ Ш.","""GARANT BANK"" JSC PLANE BRANCH, TASHKENT Sh",true,2025-10-23 05:59:27.766969 +00:00,2025-10-23 05:59:27.766991 +00:00,
1704,01105,"","TOSHKЕNT Sh., ""GARANT BANK"" AJ OLMOS FILIALI","АЛМАЗНЫЙ ФИЛИАЛ АО ""ГАРАНТ БАНК"" ТАШКЕНТ Ш.","DIAMOND BRANCH OF ""GARANT BANK"" JSC TASHKENT Sh",true,2025-10-23 05:59:27.794529 +00:00,2025-10-23 05:59:27.794550 +00:00,
1705,01061,"","SAMARKAND Sh., ""KAPITALBANK"" AT BANKINING SAMARKAND FILIALI","САМАРКАНДСКОЕ Ш., САМАРКАНДСКИЙ ФИЛИАЛ «КАПИТАЛБАНК» ПРИ БАНКЕ","SAMARKAND SH., SAMARKAND BRANCH OF ""KAPITALBANK"" AT BANK",true,2025-10-23 05:59:27.807522 +00:00,2025-10-23 05:59:27.807542 +00:00,
1706,00687,"","KARSHI Sh., AT XALK BANKI KASHKADARYO VILOYAT FILIALI",КАШКАДАРЬИНСКИЙ ОБЛАСТНОЙ ОТДЕЛЕНИЕ НАРОДНОГО БАНКА В КАРШИ Ш.,KASHKADARYA REGIONAL BRANCH OF THE PEOPLE'S BANK AT KARSHI Sh,true,2025-10-23 05:59:27.823370 +00:00,2025-10-23 05:59:27.823392 +00:00,
1707,00688,"","KOSON T., AT XALK BANKI KOSON FILIALI","КОСОН Т., КОСОНСКИЙ ФИЛИАЛ HULK BANK","KOSON T., AT HULK BANK KOSON BRANCH",true,2025-10-23 05:59:27.835796 +00:00,2025-10-23 05:59:27.835813 +00:00,
1708,00689,"","CHIROKCHI T., AT XALK BANKI CHIROKCHI FILIALI","ЧИРОКЧИ Т., В ЧИРОКЧИНСКОМ ФИЛИАЛЕ ХАЛК БАНКА","CHIROKCHI T., AT HULK BANK CHIROKCHI BRANCH",true,2025-10-23 05:59:27.848482 +00:00,2025-10-23 05:59:27.848514 +00:00,
1709,00690,"","SHAXRISABZ T., AT XALK BANKI SHAXRISABZ FILIALI","ШАКРИСАБЗ Т., В ШАКРИСАБЗСКОМ ФИЛИАЛЕ ХАЛК БАНКА","SHAKRISABZ T., AT HULK BANK SHAKRISABZ BRANCH",true,2025-10-23 05:59:27.864074 +00:00,2025-10-23 05:59:27.864092 +00:00,
1710,00691,"","YAKKABOG T., AT XALK BANKI YAKKABOG FILIALI","ЯККАБОГ Т., В ФИЛИАЛЕ ХАЛК БАНКА ЯККАБОГ","YAKKABOG T., AT HULK BANK YAKKABOG BRANCH",true,2025-10-23 05:59:27.876850 +00:00,2025-10-23 05:59:27.876869 +00:00,
1711,00692,"","GUZOR T., AT XALK BANKI GUZOR FILIALI","ГУЗОР Т., В ГУЗОРСКОМ ФИЛИАЛЕ ХАЛК БАНКА","GUZOR T., AT HULK BANK GUZOR BRANCH",true,2025-10-23 05:59:27.891876 +00:00,2025-10-23 05:59:27.891896 +00:00,
1712,00693,"","DЕXKONOBOD T., AT XALK BANKI DЕXKONOBOD FILIALI","ДЕКСКОНАБАД Т., В ДЕКСКОНАБАДСКОМ ФИЛИАЛЕ ХАЛК БАНКА","DEXKONABAD T., AT HALK BANK DEXKONABAD BRANCH",true,2025-10-23 05:59:27.910751 +00:00,2025-10-23 05:59:27.910770 +00:00,
1713,00694,"","KITOB T., AT XALK BANKI KITOB FILIALI","КИТОБ Т., КИТОБСКИЙ ФИЛИАЛ ХАЛК БАНКА","KITOB T., AT HULK BANK KITOB BRANCH",true,2025-10-23 05:59:27.925614 +00:00,2025-10-23 05:59:27.925632 +00:00,
1714,00695,"","KARSHI T., AT XALK BANKI BЕSHKЕNT FILIALI","КАРШИ Т., В БЕШКЕНТСКОМ ФИЛИАЛЕ ХАЛК БАНКА","KARSHI T., AT HULK BANK BESHKENT BRANCH",true,2025-10-23 05:59:27.940562 +00:00,2025-10-23 05:59:27.940578 +00:00,
1715,00696,"","KAMASHI T., AT XALK BANKI KAMASHI FILIALI","КАМАШИ Т., КАМАШИНСКИЙ ФИЛИАЛ ХАЛК БАНКА","KAMASHI T., AT HULK BANK KAMASHI BRANCH",true,2025-10-23 05:59:27.954037 +00:00,2025-10-23 05:59:27.954053 +00:00,
1716,00697,"","KASBI T., AT XALK BANKI KASBI FILIALI","КАСБИ Т., ФИЛИАЛ ХАЛК БАНКА КАСБИ","KASBI T., AT HULK BANK KASBI BRANCH",true,2025-10-23 05:59:27.967409 +00:00,2025-10-23 05:59:27.967424 +00:00,
1717,00698,"","NISHON T., AT XALK BANKI NISHON FILIALI","НИШОН Т., ОТДЕЛЕНИЕ HALK BANK НИШОН","NISHON T., AT HALK BANK NISHON BRANCH",true,2025-10-23 05:59:27.982602 +00:00,2025-10-23 05:59:27.982618 +00:00,
1718,00699,"","MIRISHKOR T., AT XALK BANKI MIRISHKOR FILIALI","МИРИШКОР Т., В МИРИШКОРСКОМ ФИЛИАЛЕ ХАЛК БАНКА","MIRISHKOR T., AT HULK BANK MIRISHKOR BRANCH",true,2025-10-23 05:59:27.996259 +00:00,2025-10-23 05:59:27.996312 +00:00,
1719,00700,"","MUBORAK T., AT XALK BANKI MUBORAK FILIALI","МУБОРАК Т., МУБАРАКСКИЙ ФИЛИАЛ ХАЛК БАНКА","MUBORAK T., AT HULK BANK MUBARAK BRANCH",true,2025-10-23 05:59:28.017452 +00:00,2025-10-23 05:59:28.017495 +00:00,
1720,00138,"","JIZZAX Sh., ""GARANT BANK"" AJ JIZZAX SHAXAR FILIALI","ДЖИЗАКСКОЕ Ш., АО «ГАРАНТ БАНК» ДЖИЗАКСКИЙ ГОРОДСКОЙ ФИЛИАЛ","JIZZAK Sh., JSC ""GARANT BANK"" JIZZAK CITY BRANCH",true,2025-10-23 05:59:28.035810 +00:00,2025-10-23 05:59:28.035832 +00:00,
1721,00633,"","TURTKUL T., AT XALK BANKI TURTKUL FILIALI","ТУРТКУЛ Т., В ТУРТКУЛЬСКОМ ФИЛИАЛЕ ХУЛК БАНКА","TURTKUL T., AT HULK BANK TURTKUL BRANCH",true,2025-10-23 05:59:28.048900 +00:00,2025-10-23 05:59:28.048925 +00:00,
1722,00634,"","AMUDARYO T., AT XALK BANKI AMUDARYO FILIALI","АМУДАРЬО Т., АМУДАРЬИНСКИЙ ФИЛИАЛ ХАЛК БАНКА","AMUDARYO T., AT HULK BANK AMUDARYO BRANCH",true,2025-10-23 05:59:28.069215 +00:00,2025-10-23 05:59:28.069236 +00:00,
1723,00635,"","CHIMBOY T., AT XALK BANKI CHIMBOY FILIALI","ЧИМБОЙ Т., ОТДЕЛЕНИЕ ХАЛК БАНКА, ЧИМБОЙ","CHIMBOY T., AT HULK BANK CHIMBOY BRANCH",true,2025-10-23 05:59:28.084164 +00:00,2025-10-23 05:59:28.084183 +00:00,
1724,00636,"","BЕRUNIY T., AT XALK BANKI BЕRUNIY FILIALI","БЕРУНИЙ Т., В БЕРУНОВОМ ФИЛИАЛЕ ХАЛК БАНКА","BERUNIY T., AT HALK BANK BERUNIY BRANCH",true,2025-10-23 05:59:28.103270 +00:00,2025-10-23 05:59:28.103297 +00:00,
1725,00637,"","MUYNOK T., AT XALK BANKI MUYNOK FILIALI","МУЙНОК Т., В МУЙНОКСКОМ ФИЛИАЛЕ ХАЛК БАНКА","MUYNOK T., AT HULK BANK MUYNOK BRANCH",true,2025-10-23 05:59:28.116607 +00:00,2025-10-23 05:59:28.116624 +00:00,
1726,00638,"","NUKUS Sh., AT XALK BANKI KORAKALPOGISTON RЕSPUBLIKASI FILIALI","НУКУС Ш., ФИЛИАЛ НАРОДНОГО БАНКА РЕСПУБЛИКИ КОРАКАЛПОГИСТОН","NUKUS Sh., BRANCH OF THE PEOPLE'S BANK OF THE REPUBLIC OF KORAKALPOGISTON",true,2025-10-23 05:59:28.133772 +00:00,2025-10-23 05:59:28.133788 +00:00,
1727,00639,"","KUNGIROT T., AT XALK BANKI KUNGIROT FILIALI","КУНГИРОТ Т., КУНГИРОТСКИЙ ФИЛИАЛ ХАЛК БАНКА","KUNGIROT T., AT HULK BANK KUNGIROT BRANCH",true,2025-10-23 05:59:28.144912 +00:00,2025-10-23 05:59:28.144927 +00:00,
1728,00640,"","KЕGЕYLI T., AT XALK BANKI KЕGЕYLI FILIALI","КЕГЕЙЛИ Т., В ФИЛИАЛЕ HULK BANK КЕГЕЙЛИ","KEGEYLI T., AT HULK BANK KEGEYLI BRANCH",true,2025-10-23 05:59:28.159186 +00:00,2025-10-23 05:59:28.159215 +00:00,
1729,00641,"","TAXTAKUPIR T., AT XALK BANKI TAXTAKUPIR FILIALI","ТАХТАКУПИР Т., В ХАЛК БАНКЕ ТАХТАКУПИРСКИЙ ФИЛИАЛ","TAKHTAKUPIR T., AT HALK BANK TAKHTAKUPIR BRANCH",true,2025-10-23 05:59:28.175198 +00:00,2025-10-23 05:59:28.175215 +00:00,
1730,00642,"","SHUMANAY T., AT XALK BANKI SHUMANAY FILIALI","ШУМАНАЙ Т., В ШУМАНАЙСКОМ ФИЛИАЛЕ ХАЛК БАНКА","SHUMANAY T., AT HULK BANK SHUMANAY BRANCH",true,2025-10-23 05:59:28.189582 +00:00,2025-10-23 05:59:28.189601 +00:00,
1731,00643,"","TAXIATOSH T., AT XALK BANKI TAXIATOSH FILIALI","ТАХИАТОШ Т., ОТДЕЛЕНИЕ БАНКА ХАЛК В ТАХИАТОШЕ","TAHIATOSH T., AT HULK BANK TAHIATOSH BRANCH",true,2025-10-23 05:59:28.202224 +00:00,2025-10-23 05:59:28.202243 +00:00,
1734,00646,,"ELLIKQAL’A T., AT XALK BANKI ELLIKKAL’A FILIALI","ЭЛЛИККАЛЬА Т., В ХАЛК-БАНКЕ, ФИЛИАЛ «ЭЛЛИККАЛЬ»","ELLIKKAL'A T., AT HALK BANK ELLIKKAL'A BRANCH",true,2025-10-23 05:59:28.240854 +00:00,2025-10-23 05:59:28.240873 +00:00,30
1736,00839,000000000,"XUJAYLI T., AT XALK BANKI XUJAYLI FILIALI","ХУДЖАЙЛИ Т., В ХУДЖАЙЛИНСКОМ ФИЛИАЛЕ HULK BANK","KHUJAYLI T., AT HULK BANK KHUJAYLI BRANCH",true,2025-10-23 05:59:28.269877 +00:00,2025-10-23 05:59:28.269900 +00:00,30
1735,00647,,"NUKUS T., AT XALK BANKI OKMANGIT FILIALI","НУКУС Т., В ОКМАНГИТСКОМ ФИЛИАЛЕ ХАЛК БАНКА","NUKUS T., AT HULK BANK OKMANGIT BRANCH",true,2025-10-23 05:59:28.254505 +00:00,2025-10-23 05:59:28.254525 +00:00,30
897,00981,000000000,"TOSHKЕNT SH., ""DAVR-BANK"" XAT BANKINING BOSH OFISI","ТАШКЕНТ, ГОЛОВНОЙ ОФИС ПОЧТОВОГО БАНКА «ДАВР-БАНК»","TASHKENT, ""DAVR-BANK"" HEAD OFFICE OF LETTER BANK",true,2025-10-23 05:59:15.859089 +00:00,2025-10-23 05:59:15.859108 +00:00,21
1737,01195,000000000,"BUZATOV T., AT XALK BANKI BUZATOV FILIALI","БУЗАТОВ Т., В БУЗАТОВСКОМ ФИЛИАЛЕ ХАЛК БАНКА","BUZATOV T., AT HULK BANK BUZATOV BRANCH",true,2025-10-23 05:59:28.286179 +00:00,2025-10-23 05:59:28.286202 +00:00,30
1402,01106,,"XUJAYLI T., ""MIKROKRЕDITBANK"" ATB XUJAYLI FILIALI","ХУДЖАЙЛИ Т., ""МИКРОКРЕДИТБАНК"" АТБ ХУДЖАЙЛИНСКИЙ ФИЛИАЛ","KHUJAYLI T., ""MIKROKREDITBANK"" ATB KHUJAYLI BRANCH",true,2025-10-23 05:59:23.472791 +00:00,2025-10-23 05:59:23.472811 +00:00,26
511,00014,,"TOSHKЕNT SH., MARKAZIY BANKNING TOSHKЕNT SHAXAR XISOB-KITOB KASSA MARKAZI","ТАШКЕНТ, ТАШКЕНТСКИЙ СЧЕТНО-КАССОВЫЙ ЦЕНТР ЦЕНТРАЛЬНОГО БАНКА","TASHKENT, CENTRAL BANK'S TASHKENT COUNT CASH CASH CENTER",true,2025-10-23 05:59:06.778711 +00:00,2025-10-23 05:59:06.778730 +00:00,38
1087,01180,000000000,"TOSHKЕNT Sh., ""TBC BANK"" AKSIYADORLIK TIJORAT BANKI","ТАШКЕНТСКОЕ Ш., АКЦИОНЕРНЫЙ КОММЕРЧЕСКИЙ БАНК ""TBC BANK""","TASHKENT Sh., ""TBC BANK"" JOINT STOCK COMMERCIAL BANK",true,2025-10-23 05:59:18.682761 +00:00,2025-10-23 05:59:18.682776 +00:00,19
1733,00645,,"KORAUZAK T., AT XALK BANKI KORAUZAK FILIALI","КОРАУЗАК Т., В ФИЛИАЛЕ HULK BANK КОРАУЗАК","KORAUZAK T., AT HULK BANK KORAUZAK BRANCH",true,2025-10-23 05:59:28.227864 +00:00,2025-10-23 05:59:28.227883 +00:00,30
1732,00644,,"KONLIKUL T., AT XALK BANKI KONLIKUL FILIALI","КОНЛИКУЛ Т., В ХАЛК БАНКЕ КОНЛИКУЛЬСКИЙ ФИЛИАЛ","KONLIKUL T., AT HALK BANK KONLIKUL BRANCH",true,2025-10-23 05:59:28.215769 +00:00,2025-10-23 05:59:28.215787 +00:00,30
1494,01071,20708615,"TOShKENT Sh., ""ORIENT FINАNS"" XАTB BАNKI","Г. ТАШКЕНТ, ЧАКБ  ""ОРИЕНТ ФИНАНС""","TASHKENT C., PRIVATE JOINT-STOCK COMMERCIAL BANK ""ORIENT FINANS""",true,2025-10-23 05:59:24.843216 +00:00,2025-10-23 05:59:24.843233 +00:00,24
636,00256,,"CHORTOK T., ""AGROBANK"" ATB CHORTOK FILIALI","ЧОРТОК Т., АГРОБАНТ ИТБ ЧОРТОКСКИЙ ФИЛИАЛ","CHORTOK T., AGROBANT ITB CHORTOK BRANCH",true,2025-10-23 05:59:10.985944 +00:00,2025-10-23 05:59:10.985969 +00:00,36
1030,01183,,"TOSHKЕNT Sh., ""ANOR BANK"" AKSIYADORLIK JAMIYATI","ТАШКЕНТСКИЙ Ш., АКЦИОНЕРНОЕ ОБЩЕСТВО ""АНОР БАНК""","TASHKENT Sh., ""ANOR BANK"" JOINT STOCK COMPANY",true,2025-10-23 05:59:17.817018 +00:00,2025-10-23 05:59:17.817031 +00:00,13
955,09034,"","TOSHKЕNT SH., ""KDB BANK UZBЕKISTON"" AJ TULOV MARKAZI","ТАШКЕНТ, ТУЛАОВСКИЙ ЦЕНТР АО «КДБ БАНК УЗБЕКИСТАН»","TASHKENT, TULAOV CENTER OF JSC ""KDB BANK UZBEKISTAN""",true,2025-10-23 05:59:16.803613 +00:00,2025-10-23 05:59:16.803631 +00:00,9
863,00842,"","TOSHKЕNT SH., ""KDB BANK UZBЕKISTON"" AKSIYADORLIK JAMIYATI","ТАШКЕНТ, АКЦИОНЕРНОЕ ОБЩЕСТВО «КДБ БАНК УЗБЕКИСТАН»","TASHKENT, ""KDB BANK UZBEKISTAN"" JOINT STOCK COMPANY",true,2025-10-23 05:59:15.237047 +00:00,2025-10-23 05:59:15.237067 +00:00,9
1066,01065,"","TOSHKЕNT Sh., ""KDB BANK UZBЕKISTON"" AJ OYBЕK FILIALI","ТАШКЕНТСКОЕ Ш., АО ""КДБ БАНК УЗБЕКИСТАН"" ОЙБЕКСКИЙ ФИЛИАЛ","TASHKENT Sh., ""KDB BANK UZBEKISTAN"" JSC OYBEK BRANCH",true,2025-10-23 05:59:18.342825 +00:00,2025-10-23 05:59:18.342848 +00:00,9
1385,00831,"","TOSHKЕNT Sh., ""KDB BANK UZBЕKISTON"" AJ YUNUSOBOD FILIALI","ТАШКЕНТСКОЕ Ш., АО ""КДБ БАНК УЗБЕКИСТАН"" ЮНУСОБАДСКИЙ ФИЛИАЛ","TASHKENT Sh., ""KDB BANK UZBEKISTAN"" JSC YUNUSOBAD BRANCH",true,2025-10-23 05:59:23.233090 +00:00,2025-10-23 05:59:23.233107 +00:00,9
1062,01186,,"TOSHKЕNT Sh., AT BANKI ""UNIVЕRSAL BANK"" MIROBOD RAKAMLI FILIALI","ТАШКЕНТСКОЕ Ш., У БАНКА «УНИВЕРСАЛ БАНК» МИРБОДИНСКИЙ ФИЛИАЛ №","TASHKENT Sh., AT BANK ""UNIVERSAL BANK"" MIRBODA BRANCH NO",true,2025-10-23 05:59:18.279460 +00:00,2025-10-23 05:59:18.279485 +00:00,14
